id,active,name,group_id/id,model_id/id,perm_create,perm_read,perm_write,perm_unlink
edt_project_obra_portafolio_idu_group_programador,TRUE,project.edt project_obra_portafolio_idu.group_programador,project_obra_portafolio_idu.group_programador,project_edt_idu.model_project_edt,1,1,1,1
proyecto_global,TRUE,project_obra.proyecto global,,project_obra_portafolio_idu.model_project_obra_proyecto,0,1,0,0
proyecto_project_group_project_user,TRUE,project_obra.proyecto project.group_project_user,project.group_project_user,project_obra_portafolio_idu.model_project_obra_proyecto,0,1,0,0
proyecto_project_edt_idu_group_project_user_externo,TRUE,project_obra.proyecto project_edt_idu.group_project_user_externo,project_edt_idu.group_project_user_externo,project_obra_portafolio_idu.model_project_obra_proyecto,0,1,0,0
proyecto_project_group_project_manager,TRUE,project_obra.proyecto project.group_project_manager,project.group_project_manager,project_obra_portafolio_idu.model_project_obra_proyecto,1,1,1,1
proyecto_eje_global,TRUE,project_obra.proyecto.eje global,,project_obra_portafolio_idu.model_project_obra_proyecto_eje,0,1,0,0
proyecto_eje_project_group_project_user,TRUE,project_obra.proyecto.eje project.group_project_user,project.group_project_user,project_obra_portafolio_idu.model_project_obra_proyecto_eje,0,1,0,0
proyecto_eje_project_group_project_manager,TRUE,project_obra.proyecto.eje project.group_project_manager,project.group_project_manager,project_obra_portafolio_idu.model_project_obra_proyecto_eje,1,1,1,1
proyecto_etapa_global,TRUE,project_obra.proyecto.etapa global,,project_obra_portafolio_idu.model_project_obra_proyecto_etapa,0,1,0,0
proyecto_etapa_project_group_project_user,TRUE,project_obra.proyecto.etapa project.group_project_user,project.group_project_user,project_obra_portafolio_idu.model_project_obra_proyecto_etapa,0,1,0,0
proyecto_etapa_project_group_project_manager,TRUE,project_obra.proyecto.etapa project.group_project_manager,project.group_project_manager,project_obra_portafolio_idu.model_project_obra_proyecto_etapa,1,1,1,1
proyecto_etapa_novedad_cronograma_global,TRUE,project_obra.proyecto.etapa.novedad_cronograma global,,project_obra_portafolio_idu.model_project_obra_proyecto_etapa_novedad_cronograma,0,1,0,0
proyecto_etapa_novedad_cronograma_project_group_project_user,TRUE,project_obra.proyecto.etapa.novedad_cronograma project.group_project_user,project.group_project_user,project_obra_portafolio_idu.model_project_obra_proyecto_etapa_novedad_cronograma,0,1,0,0
proyecto_etapa_novedad_cronograma_project_group_project_manager,TRUE,project_obra.proyecto.etapa.novedad_cronograma project.group_project_manager,project.group_project_manager,project_obra_portafolio_idu.model_project_obra_proyecto_etapa_novedad_cronograma,1,1,1,1
proyecto_etapa_tipo_global,TRUE,project_obra.proyecto.etapa.tipo global,,project_obra_portafolio_idu.model_project_obra_proyecto_etapa_tipo,0,1,0,0
proyecto_etapa_tipo_project_group_project_user,TRUE,project_obra.proyecto.etapa.tipo project.group_project_user,project.group_project_user,project_obra_portafolio_idu.model_project_obra_proyecto_etapa_tipo,0,1,0,0
proyecto_etapa_tipo_project_group_project_manager,TRUE,project_obra.proyecto.etapa.tipo project.group_project_manager,project.group_project_manager,project_obra_portafolio_idu.model_project_obra_proyecto_etapa_tipo,1,1,1,1
proyecto_frente_obra_global,TRUE,project_obra.proyecto.frente_obra global,,project_obra_portafolio_idu.model_project_obra_proyecto_frente_obra,0,1,0,0
proyecto_frente_obra_project_group_project_user,TRUE,project_obra.proyecto.frente_obra project.group_project_user,project.group_project_user,project_obra_portafolio_idu.model_project_obra_proyecto_frente_obra,0,1,0,0
proyecto_frente_obra_project_group_project_manager,TRUE,project_obra.proyecto.frente_obra project.group_project_manager,project.group_project_manager,project_obra_portafolio_idu.model_project_obra_proyecto_frente_obra,1,1,1,1
proyecto_origen_global,TRUE,project_obra.proyecto.origen global,,project_obra_portafolio_idu.model_project_obra_proyecto_origen,0,1,0,0
proyecto_origen_project_group_project_user,TRUE,project_obra.proyecto.origen project.group_project_user,project.group_project_user,project_obra_portafolio_idu.model_project_obra_proyecto_origen,0,1,0,0
proyecto_origen_project_group_project_manager,TRUE,project_obra.proyecto.origen project.group_project_manager,project.group_project_manager,project_obra_portafolio_idu.model_project_obra_proyecto_origen,1,1,1,1
proyecto_plan_global,TRUE,project_obra.proyecto_plan global,,project_obra_portafolio_idu.model_project_obra_proyecto_plan,0,1,0,0
proyecto_plan_project_group_project_user,TRUE,project_obra.proyecto_plan project.group_project_user,project.group_project_user,project_obra_portafolio_idu.model_project_obra_proyecto_plan,0,1,0,0
proyecto_plan_project_edt_idu_group_project_user_externo,TRUE,project_obra.proyecto_plan project_edt_idu.group_project_user_externo,project_edt_idu.group_project_user_externo,project_obra_portafolio_idu.model_project_obra_proyecto_plan,0,1,0,0
proyecto_plan_project_group_project_manager,TRUE,project_obra.proyecto_plan project.group_project_manager,project.group_project_manager,project_obra_portafolio_idu.model_project_obra_proyecto_plan,1,1,1,1
proyecto_plan_meta_hacienda_global,TRUE,project_obra.proyecto_plan.meta_hacienda global,,project_obra_portafolio_idu.model_project_obra_proyecto_plan_meta_hacienda,0,1,0,0
proyecto_plan_meta_hacienda_project_group_project_user,TRUE,project_obra.proyecto_plan project.group_project_user,project.group_project_user,project_obra_portafolio_idu.model_project_obra_proyecto_plan_meta_hacienda,0,1,0,0
proyecto_plan_meta_hacienda_project_group_project_manager,TRUE,project_obra.proyecto_plan project.group_project_manager,project.group_project_manager,project_obra_portafolio_idu.model_project_obra_proyecto_plan_meta_hacienda,1,1,1,1
proyecto_proyecto_plan_rel_global,TRUE,project_obra.proyecto_proyecto_plan_rel global,,project_obra_portafolio_idu.model_project_obra_proyecto_proyecto_plan_rel,0,1,0,0
proyecto_proyecto_plan_rel_group_project_user,TRUE,project_obra.proyecto_proyecto_plan_rel.group_project_user,project.group_project_user,project_obra_portafolio_idu.model_project_obra_proyecto_proyecto_plan_rel,0,1,0,0
proyecto_proyecto_plan_rel_group_project_manager,TRUE,project_obra.proyecto_proyecto_plan_rel project.group_project_manager,project.group_project_manager,project_obra_portafolio_idu.model_project_obra_proyecto_proyecto_plan_rel,1,1,1,1
proyecto_tag_global,TRUE,project_obra.proyecto.tag global,,project_obra_portafolio_idu.model_project_obra_proyecto_tag,0,1,0,0
proyecto_tag_project_group_project_user,TRUE,project_obra.proyecto.tag project.group_project_user,project.group_project_user,project_obra_portafolio_idu.model_project_obra_proyecto_tag,0,1,0,0
proyecto_tag_project_group_project_manager,TRUE,project_obra.proyecto.tag project.group_project_manager,project.group_project_manager,project_obra_portafolio_idu.model_project_obra_proyecto_tag,1,1,1,1
reporte_desempeno_manual_global,TRUE,project_obra.reporte_desempeno_manual global,,project_obra_portafolio_idu.model_project_obra_reporte_desempeno_manual,0,1,0,0
reporte_desempeno_manual_project_group_project_user,TRUE,project_obra.reporte_desempeno_manual project.group_project_user,project.group_project_user,project_obra_portafolio_idu.model_project_obra_reporte_desempeno_manual,1,1,1,0
reporte_desempeno_manual_project_edt_idu_group_project_user_externo,TRUE,project_obra.reporte_desempeno_manual project_edt_idu.group_project_user_externo,project_edt_idu.group_project_user_externo,project_obra_portafolio_idu.model_project_obra_reporte_desempeno_manual,1,1,1,0
reporte_desempeno_manual_project_group_project_manager,TRUE,project_obra.reporte_desempeno_manual project.group_project_manager,project.group_project_manager,project_obra_portafolio_idu.model_project_obra_reporte_desempeno_manual,1,1,1,1
project_project_obra_portafolio_idu_group_programador,TRUE,project.project project_obra_portafolio_idu.group_programador,project_obra_portafolio_idu.group_programador,project.model_project_project,0,1,1,0
proyecto_etapa_financiacion_global,TRUE,project_obra.proyecto.etapa.financiacion global,,project_obra_portafolio_idu.model_project_obra_proyecto_etapa_financiacion,0,1,0,0
proyecto_etapa_financiacion_project_group_project_user,TRUE,project_obra.proyecto.etapa.financiacion project.group_project_user,project.group_project_user,project_obra_portafolio_idu.model_project_obra_proyecto_etapa_financiacion,0,1,0,0
proyecto_etapa_financiacion_project_group_project_manager,TRUE,project_obra.proyecto.etapa.financiacion project.group_project_manager,project.group_project_manager,project_obra_portafolio_idu.model_project_obra_proyecto_etapa_financiacion,1,1,1,1
project_obra_proyecto_etapa_financiacion_externa_global,TRUE,project_obra.proyecto.etapa.financiacion_externa global,,project_obra_portafolio_idu.model_project_obra_proyecto_etapa_financiacion_externa,0,1,0,0
project_obra_proyecto_etapa_financiacion_externa_project_group_project_user,TRUE,project_obra.proyecto.etapa.financiacion_externa project.group_project_user,project.group_project_user,project_obra_portafolio_idu.model_project_obra_proyecto_etapa_financiacion_externa,0,1,0,0
project_obra_proyecto_etapa_financiacion_externa_project_group_project_manager,TRUE,project_obra.proyecto.etapa.financiacion_externa project.group_project_manager,project.group_project_manager,project_obra_portafolio_idu.model_project_obra_proyecto_etapa_financiacion_externa,1,1,1,1
