<?xml version="1.0" encoding="utf-8"?>
<openerp>
<data>
<!-- 
=========================================================================
 Groups Definition
=========================================================================
-->
    <record model="ir.module.category" id="category_project_obra_portafolio_idu">
        <field name="name">Portafolio Obras</field>
        <field name="sequence">0</field>
        <field name="visible" eval="1" />
    </record>
    <record id="group_analista" model="res.groups">
        <field name="name">Analista</field>
        <field name="category_id" ref="project_obra_portafolio_idu.category_project_obra_portafolio_idu"/>
        <field name="implied_ids"
            eval="[
                (4, ref('base.group_user')),
                (4, ref('project.group_project_user')),
            ]"
        />
    </record>
    <record id="group_programador" model="res.groups">
        <field name="name">Programador</field>
        <field name="category_id" ref="project_obra_portafolio_idu.category_project_obra_portafolio_idu"/>
        <field name="implied_ids"
            eval="[
                (4, ref('base.group_user')),
                (4, ref('project.group_project_user')),
            ]"
        />
    </record>
<!--
=============================================================================
 Domain Constraints
=============================================================================
-->
    <!-- Domain project.group_project_user -->
    <record id="reporte_desempeno_manual_project_group_project_user_acl_create" model="ir.rule">
        <field name="name">project.group_project_user project_obra.reporte_desempeno_manual Create</field>
        <field name="model_id" ref="project_obra_portafolio_idu.model_project_obra_reporte_desempeno_manual"/>
        <field name="domain_force">[
'|','|','|','|',
('project_id.user_id','=',user.id),
('project_id.programador_id','=',user.id),
('project_id.dependencia_id.proyecto_gerente_id.user_id','=',user.id),
('project_id.dependencia_id.proyecto_programador_id.user_id','=',user.id),
('project_id.dependencia_id.manager_id.user_id','=',user.id),
]</field>
        <field name="groups" eval="[(4, ref('project.group_project_user'))]"/>
        <field name="perm_read" eval="False"/>
        <field name="perm_create" eval="True"/>
        <field name="perm_write" eval="False"/>
        <field name="perm_unlink" eval="False"/>
    </record>
    <record id="reporte_desempeno_manual_project_group_project_user_acl_write" model="ir.rule">
        <field name="name">project.group_project_user project_obra.reporte_desempeno_manual Write</field>
        <field name="model_id" ref="project_obra_portafolio_idu.model_project_obra_reporte_desempeno_manual"/>
        <field name="domain_force">[
'|','|','|','|',
('project_id.user_id','=',user.id),
('project_id.programador_id','=',user.id),
('project_id.dependencia_id.proyecto_gerente_id.user_id','=',user.id),
('project_id.dependencia_id.proyecto_programador_id.user_id','=',user.id),
('project_id.dependencia_id.manager_id.user_id','=',user.id),
]</field>
        <field name="groups" eval="[(4, ref('project.group_project_user'))]"/>
        <field name="perm_read" eval="False"/>
        <field name="perm_create" eval="False"/>
        <field name="perm_write" eval="True"/>
        <field name="perm_unlink" eval="False"/>
    </record>
    <record id="proyecto_frente_obra_project_group_project_user_acl_create" model="ir.rule">
        <field name="name">project.group_project_user project_obra.proyecto.frente_obra Create</field>
        <field name="model_id" ref="project_obra_portafolio_idu.model_project_obra_proyecto_frente_obra"/>
        <field name="domain_force">[
'|','|','|','|',
('proyecto_id.project_id.user_id','=',user.id),
('proyecto_id.project_id.programador_id','=',user.id),
('proyecto_id.project_id.dependencia_id.proyecto_gerente_id.user_id','=',user.id),
('proyecto_id.project_id.dependencia_id.proyecto_programador_id.user_id','=',user.id),
('proyecto_id.project_id.dependencia_id.manager_id.user_id','=',user.id),
]</field>
        <field name="groups" eval="[(4, ref('project.group_project_user'))]"/>
        <field name="perm_read" eval="False"/>
        <field name="perm_create" eval="True"/>
        <field name="perm_write" eval="False"/>
        <field name="perm_unlink" eval="False"/>
    </record>
    <record id="proyecto_frente_obra_project_group_project_user_acl_write" model="ir.rule">
        <field name="name">project.group_project_user project_obra.proyecto.frente_obra Write</field>
        <field name="model_id" ref="project_obra_portafolio_idu.model_project_obra_proyecto_frente_obra"/>
        <field name="domain_force">[
'|','|','|','|',
('proyecto_id.project_id.user_id','=',user.id),
('proyecto_id.project_id.programador_id','=',user.id),
('proyecto_id.project_id.dependencia_id.proyecto_gerente_id.user_id','=',user.id),
('proyecto_id.project_id.dependencia_id.proyecto_programador_id.user_id','=',user.id),
('proyecto_id.project_id.dependencia_id.manager_id.user_id','=',user.id),
]</field>
        <field name="groups" eval="[(4, ref('project.group_project_user'))]"/>
        <field name="perm_read" eval="False"/>
        <field name="perm_create" eval="False"/>
        <field name="perm_write" eval="True"/>
        <field name="perm_unlink" eval="False"/>
    </record>
    <!-- Domain project_edt_idu.group_project_user_externo -->
    <record id="eno_manual_project_edt_idu_group_project_user_externo_acl_create" model="ir.rule">
        <field name="name">project_edt_idu.group_project_user_externo project_obra.reporte_desempeno_manual Create</field>
        <field name="model_id" ref="project_obra_portafolio_idu.model_project_obra_reporte_desempeno_manual"/>
        <field name="domain_force">[('project_id.message_partner_ids', 'in', [user.partner_id.id])]</field>
        <field name="groups" eval="[(4, ref('project_edt_idu.group_project_user_externo'))]"/>
        <field name="perm_read" eval="False"/>
        <field name="perm_create" eval="True"/>
        <field name="perm_write" eval="False"/>
        <field name="perm_unlink" eval="False"/>
    </record>
    <record id="peno_manual_project_edt_idu_group_project_user_externo_acl_write" model="ir.rule">
        <field name="name">project_edt_idu.group_project_user_externo project_obra.reporte_desempeno_manual Write</field>
        <field name="model_id" ref="project_obra_portafolio_idu.model_project_obra_reporte_desempeno_manual"/>
        <field name="domain_force">[('project_id.message_partner_ids', 'in', [user.partner_id.id])]</field>
        <field name="groups" eval="[(4, ref('project_edt_idu.group_project_user_externo'))]"/>
        <field name="perm_read" eval="False"/>
        <field name="perm_create" eval="False"/>
        <field name="perm_write" eval="True"/>
        <field name="perm_unlink" eval="False"/>
    </record>
    <!-- Domain project.group_project_manager -->
    <record id="proyecto_eje_project_group_project_manager_acl_read" model="ir.rule">
        <field name="name">project.group_project_manager project_obra.proyecto.eje Read</field>
        <field name="model_id" ref="project_obra_portafolio_idu.model_project_obra_proyecto_eje"/>
        <field name="domain_force">[(1, '=', 1)]</field>
        <field name="groups" eval="[(4, ref('project.group_project_manager'))]"/>
        <field name="perm_read" eval="True"/>
        <field name="perm_create" eval="False"/>
        <field name="perm_write" eval="False"/>
        <field name="perm_unlink" eval="False"/>
    </record>
    <record id="proyecto_eje_project_group_project_manager_acl_create" model="ir.rule">
        <field name="name">project.group_project_manager project_obra.proyecto.eje Create</field>
        <field name="model_id" ref="project_obra_portafolio_idu.model_project_obra_proyecto_eje"/>
        <field name="domain_force">[(1, '=', 1)]</field>
        <field name="groups" eval="[(4, ref('project.group_project_manager'))]"/>
        <field name="perm_read" eval="False"/>
        <field name="perm_create" eval="True"/>
        <field name="perm_write" eval="False"/>
        <field name="perm_unlink" eval="False"/>
    </record>
    <record id="proyecto_eje_project_group_project_manager_acl_write" model="ir.rule">
        <field name="name">project.group_project_manager project_obra.proyecto.eje Write</field>
        <field name="model_id" ref="project_obra_portafolio_idu.model_project_obra_proyecto_eje"/>
        <field name="domain_force">[(1, '=', 1)]</field>
        <field name="groups" eval="[(4, ref('project.group_project_manager'))]"/>
        <field name="perm_read" eval="False"/>
        <field name="perm_create" eval="False"/>
        <field name="perm_write" eval="True"/>
        <field name="perm_unlink" eval="False"/>
    </record>
    <record id="proyecto_eje_project_group_project_manager_acl_delete" model="ir.rule">
        <field name="name">project.group_project_manager project_obra.proyecto.eje Delete</field>
        <field name="model_id" ref="project_obra_portafolio_idu.model_project_obra_proyecto_eje"/>
        <field name="domain_force">[(1, '=', 1)]</field>
        <field name="groups" eval="[(4, ref('project.group_project_manager'))]"/>
        <field name="perm_read" eval="False"/>
        <field name="perm_create" eval="False"/>
        <field name="perm_write" eval="False"/>
        <field name="perm_unlink" eval="True"/>
    </record>
    <record id="_etapa_novedad_cronograma_project_group_project_manager_acl_read" model="ir.rule">
        <field name="name">project.group_project_manager project_obra.proyecto.etapa.novedad_cronograma Read</field>
        <field name="model_id" ref="project_obra_portafolio_idu.model_project_obra_proyecto_etapa_novedad_cronograma"/>
        <field name="domain_force">[(1, '=', 1)]</field>
        <field name="groups" eval="[(4, ref('project.group_project_manager'))]"/>
        <field name="perm_read" eval="True"/>
        <field name="perm_create" eval="False"/>
        <field name="perm_write" eval="False"/>
        <field name="perm_unlink" eval="False"/>
    </record>
    <record id="tapa_novedad_cronograma_project_group_project_manager_acl_create" model="ir.rule">
        <field name="name">project.group_project_manager project_obra.proyecto.etapa.novedad_cronograma Create</field>
        <field name="model_id" ref="project_obra_portafolio_idu.model_project_obra_proyecto_etapa_novedad_cronograma"/>
        <field name="domain_force">[(1, '=', 1)]</field>
        <field name="groups" eval="[(4, ref('project.group_project_manager'))]"/>
        <field name="perm_read" eval="False"/>
        <field name="perm_create" eval="True"/>
        <field name="perm_write" eval="False"/>
        <field name="perm_unlink" eval="False"/>
    </record>
    <record id="etapa_novedad_cronograma_project_group_project_manager_acl_write" model="ir.rule">
        <field name="name">project.group_project_manager project_obra.proyecto.etapa.novedad_cronograma Write</field>
        <field name="model_id" ref="project_obra_portafolio_idu.model_project_obra_proyecto_etapa_novedad_cronograma"/>
        <field name="domain_force">[(1, '=', 1)]</field>
        <field name="groups" eval="[(4, ref('project.group_project_manager'))]"/>
        <field name="perm_read" eval="False"/>
        <field name="perm_create" eval="False"/>
        <field name="perm_write" eval="True"/>
        <field name="perm_unlink" eval="False"/>
    </record>
    <record id="tapa_novedad_cronograma_project_group_project_manager_acl_delete" model="ir.rule">
        <field name="name">project.group_project_manager project_obra.proyecto.etapa.novedad_cronograma Delete</field>
        <field name="model_id" ref="project_obra_portafolio_idu.model_project_obra_proyecto_etapa_novedad_cronograma"/>
        <field name="domain_force">[(1, '=', 1)]</field>
        <field name="groups" eval="[(4, ref('project.group_project_manager'))]"/>
        <field name="perm_read" eval="False"/>
        <field name="perm_create" eval="False"/>
        <field name="perm_write" eval="False"/>
        <field name="perm_unlink" eval="True"/>
    </record>
    <record id="reporte_desempeno_manual_project_group_project_manager_acl_read" model="ir.rule">
        <field name="name">project.group_project_manager project_obra.reporte_desempeno_manual Read</field>
        <field name="model_id" ref="project_obra_portafolio_idu.model_project_obra_reporte_desempeno_manual"/>
        <field name="domain_force">[(1, '=', 1)]</field>
        <field name="groups" eval="[(4, ref('project.group_project_manager'))]"/>
        <field name="perm_read" eval="True"/>
        <field name="perm_create" eval="False"/>
        <field name="perm_write" eval="False"/>
        <field name="perm_unlink" eval="False"/>
    </record>
    <record id="eporte_desempeno_manual_project_group_project_manager_acl_create" model="ir.rule">
        <field name="name">project.group_project_manager project_obra.reporte_desempeno_manual Create</field>
        <field name="model_id" ref="project_obra_portafolio_idu.model_project_obra_reporte_desempeno_manual"/>
        <field name="domain_force">[(1, '=', 1)]</field>
        <field name="groups" eval="[(4, ref('project.group_project_manager'))]"/>
        <field name="perm_read" eval="False"/>
        <field name="perm_create" eval="True"/>
        <field name="perm_write" eval="False"/>
        <field name="perm_unlink" eval="False"/>
    </record>
    <record id="reporte_desempeno_manual_project_group_project_manager_acl_write" model="ir.rule">
        <field name="name">project.group_project_manager project_obra.reporte_desempeno_manual Write</field>
        <field name="model_id" ref="project_obra_portafolio_idu.model_project_obra_reporte_desempeno_manual"/>
        <field name="domain_force">[(1, '=', 1)]</field>
        <field name="groups" eval="[(4, ref('project.group_project_manager'))]"/>
        <field name="perm_read" eval="False"/>
        <field name="perm_create" eval="False"/>
        <field name="perm_write" eval="True"/>
        <field name="perm_unlink" eval="False"/>
    </record>
    <record id="eporte_desempeno_manual_project_group_project_manager_acl_delete" model="ir.rule">
        <field name="name">project.group_project_manager project_obra.reporte_desempeno_manual Delete</field>
        <field name="model_id" ref="project_obra_portafolio_idu.model_project_obra_reporte_desempeno_manual"/>
        <field name="domain_force">[(1, '=', 1)]</field>
        <field name="groups" eval="[(4, ref('project.group_project_manager'))]"/>
        <field name="perm_read" eval="False"/>
        <field name="perm_create" eval="False"/>
        <field name="perm_write" eval="False"/>
        <field name="perm_unlink" eval="True"/>
    </record>
    <record id="proyecto_project_group_project_manager_acl_read" model="ir.rule">
        <field name="name">project.group_project_manager project_obra.proyecto Read</field>
        <field name="model_id" ref="project_obra_portafolio_idu.model_project_obra_proyecto"/>
        <field name="domain_force">[(1, '=', 1)]</field>
        <field name="groups" eval="[(4, ref('project.group_project_manager'))]"/>
        <field name="perm_read" eval="True"/>
        <field name="perm_create" eval="False"/>
        <field name="perm_write" eval="False"/>
        <field name="perm_unlink" eval="False"/>
    </record>
    <record id="proyecto_project_group_project_manager_acl_create" model="ir.rule">
        <field name="name">project.group_project_manager project_obra.proyecto Create</field>
        <field name="model_id" ref="project_obra_portafolio_idu.model_project_obra_proyecto"/>
        <field name="domain_force">[(1, '=', 1)]</field>
        <field name="groups" eval="[(4, ref('project.group_project_manager'))]"/>
        <field name="perm_read" eval="False"/>
        <field name="perm_create" eval="True"/>
        <field name="perm_write" eval="False"/>
        <field name="perm_unlink" eval="False"/>
    </record>
    <record id="proyecto_project_group_project_manager_acl_write" model="ir.rule">
        <field name="name">project.group_project_manager project_obra.proyecto Write</field>
        <field name="model_id" ref="project_obra_portafolio_idu.model_project_obra_proyecto"/>
        <field name="domain_force">[(1, '=', 1)]</field>
        <field name="groups" eval="[(4, ref('project.group_project_manager'))]"/>
        <field name="perm_read" eval="False"/>
        <field name="perm_create" eval="False"/>
        <field name="perm_write" eval="True"/>
        <field name="perm_unlink" eval="False"/>
    </record>
    <record id="proyecto_project_group_project_manager_acl_delete" model="ir.rule">
        <field name="name">project.group_project_manager project_obra.proyecto Delete</field>
        <field name="model_id" ref="project_obra_portafolio_idu.model_project_obra_proyecto"/>
        <field name="domain_force">[(1, '=', 1)]</field>
        <field name="groups" eval="[(4, ref('project.group_project_manager'))]"/>
        <field name="perm_read" eval="False"/>
        <field name="perm_create" eval="False"/>
        <field name="perm_write" eval="False"/>
        <field name="perm_unlink" eval="True"/>
    </record>
    <record id="proyecto_tag_project_group_project_manager_acl_read" model="ir.rule">
        <field name="name">project.group_project_manager project_obra.proyecto.tag Read</field>
        <field name="model_id" ref="project_obra_portafolio_idu.model_project_obra_proyecto_tag"/>
        <field name="domain_force">[(1, '=', 1)]</field>
        <field name="groups" eval="[(4, ref('project.group_project_manager'))]"/>
        <field name="perm_read" eval="True"/>
        <field name="perm_create" eval="False"/>
        <field name="perm_write" eval="False"/>
        <field name="perm_unlink" eval="False"/>
    </record>
    <record id="proyecto_tag_project_group_project_manager_acl_create" model="ir.rule">
        <field name="name">project.group_project_manager project_obra.proyecto.tag Create</field>
        <field name="model_id" ref="project_obra_portafolio_idu.model_project_obra_proyecto_tag"/>
        <field name="domain_force">[(1, '=', 1)]</field>
        <field name="groups" eval="[(4, ref('project.group_project_manager'))]"/>
        <field name="perm_read" eval="False"/>
        <field name="perm_create" eval="True"/>
        <field name="perm_write" eval="False"/>
        <field name="perm_unlink" eval="False"/>
    </record>
    <record id="proyecto_tag_project_group_project_manager_acl_write" model="ir.rule">
        <field name="name">project.group_project_manager project_obra.proyecto.tag Write</field>
        <field name="model_id" ref="project_obra_portafolio_idu.model_project_obra_proyecto_tag"/>
        <field name="domain_force">[(1, '=', 1)]</field>
        <field name="groups" eval="[(4, ref('project.group_project_manager'))]"/>
        <field name="perm_read" eval="False"/>
        <field name="perm_create" eval="False"/>
        <field name="perm_write" eval="True"/>
        <field name="perm_unlink" eval="False"/>
    </record>
    <record id="proyecto_tag_project_group_project_manager_acl_delete" model="ir.rule">
        <field name="name">project.group_project_manager project_obra.proyecto.tag Delete</field>
        <field name="model_id" ref="project_obra_portafolio_idu.model_project_obra_proyecto_tag"/>
        <field name="domain_force">[(1, '=', 1)]</field>
        <field name="groups" eval="[(4, ref('project.group_project_manager'))]"/>
        <field name="perm_read" eval="False"/>
        <field name="perm_create" eval="False"/>
        <field name="perm_write" eval="False"/>
        <field name="perm_unlink" eval="True"/>
    </record>
    <record id="proyecto_origen_project_group_project_manager_acl_read" model="ir.rule">
        <field name="name">project.group_project_manager project_obra.proyecto.origen Read</field>
        <field name="model_id" ref="project_obra_portafolio_idu.model_project_obra_proyecto_origen"/>
        <field name="domain_force">[(1, '=', 1)]</field>
        <field name="groups" eval="[(4, ref('project.group_project_manager'))]"/>
        <field name="perm_read" eval="True"/>
        <field name="perm_create" eval="False"/>
        <field name="perm_write" eval="False"/>
        <field name="perm_unlink" eval="False"/>
    </record>
    <record id="proyecto_origen_project_group_project_manager_acl_create" model="ir.rule">
        <field name="name">project.group_project_manager project_obra.proyecto.origen Create</field>
        <field name="model_id" ref="project_obra_portafolio_idu.model_project_obra_proyecto_origen"/>
        <field name="domain_force">[(1, '=', 1)]</field>
        <field name="groups" eval="[(4, ref('project.group_project_manager'))]"/>
        <field name="perm_read" eval="False"/>
        <field name="perm_create" eval="True"/>
        <field name="perm_write" eval="False"/>
        <field name="perm_unlink" eval="False"/>
    </record>
    <record id="proyecto_origen_project_group_project_manager_acl_write" model="ir.rule">
        <field name="name">project.group_project_manager project_obra.proyecto.origen Write</field>
        <field name="model_id" ref="project_obra_portafolio_idu.model_project_obra_proyecto_origen"/>
        <field name="domain_force">[(1, '=', 1)]</field>
        <field name="groups" eval="[(4, ref('project.group_project_manager'))]"/>
        <field name="perm_read" eval="False"/>
        <field name="perm_create" eval="False"/>
        <field name="perm_write" eval="True"/>
        <field name="perm_unlink" eval="False"/>
    </record>
    <record id="proyecto_origen_project_group_project_manager_acl_delete" model="ir.rule">
        <field name="name">project.group_project_manager project_obra.proyecto.origen Delete</field>
        <field name="model_id" ref="project_obra_portafolio_idu.model_project_obra_proyecto_origen"/>
        <field name="domain_force">[(1, '=', 1)]</field>
        <field name="groups" eval="[(4, ref('project.group_project_manager'))]"/>
        <field name="perm_read" eval="False"/>
        <field name="perm_create" eval="False"/>
        <field name="perm_write" eval="False"/>
        <field name="perm_unlink" eval="True"/>
    </record>
    <record id="proyecto_etapa_tipo_project_group_project_manager_acl_read" model="ir.rule">
        <field name="name">project.group_project_manager project_obra.proyecto.etapa.tipo Read</field>
        <field name="model_id" ref="project_obra_portafolio_idu.model_project_obra_proyecto_etapa_tipo"/>
        <field name="domain_force">[(1, '=', 1)]</field>
        <field name="groups" eval="[(4, ref('project.group_project_manager'))]"/>
        <field name="perm_read" eval="True"/>
        <field name="perm_create" eval="False"/>
        <field name="perm_write" eval="False"/>
        <field name="perm_unlink" eval="False"/>
    </record>
    <record id="proyecto_etapa_tipo_project_group_project_manager_acl_create" model="ir.rule">
        <field name="name">project.group_project_manager project_obra.proyecto.etapa.tipo Create</field>
        <field name="model_id" ref="project_obra_portafolio_idu.model_project_obra_proyecto_etapa_tipo"/>
        <field name="domain_force">[(1, '=', 1)]</field>
        <field name="groups" eval="[(4, ref('project.group_project_manager'))]"/>
        <field name="perm_read" eval="False"/>
        <field name="perm_create" eval="True"/>
        <field name="perm_write" eval="False"/>
        <field name="perm_unlink" eval="False"/>
    </record>
    <record id="proyecto_etapa_tipo_project_group_project_manager_acl_write" model="ir.rule">
        <field name="name">project.group_project_manager project_obra.proyecto.etapa.tipo Write</field>
        <field name="model_id" ref="project_obra_portafolio_idu.model_project_obra_proyecto_etapa_tipo"/>
        <field name="domain_force">[(1, '=', 1)]</field>
        <field name="groups" eval="[(4, ref('project.group_project_manager'))]"/>
        <field name="perm_read" eval="False"/>
        <field name="perm_create" eval="False"/>
        <field name="perm_write" eval="True"/>
        <field name="perm_unlink" eval="False"/>
    </record>
    <record id="proyecto_etapa_tipo_project_group_project_manager_acl_delete" model="ir.rule">
        <field name="name">project.group_project_manager project_obra.proyecto.etapa.tipo Delete</field>
        <field name="model_id" ref="project_obra_portafolio_idu.model_project_obra_proyecto_etapa_tipo"/>
        <field name="domain_force">[(1, '=', 1)]</field>
        <field name="groups" eval="[(4, ref('project.group_project_manager'))]"/>
        <field name="perm_read" eval="False"/>
        <field name="perm_create" eval="False"/>
        <field name="perm_write" eval="False"/>
        <field name="perm_unlink" eval="True"/>
    </record>
    <record id="proyecto_etapa_project_group_project_manager_acl_read" model="ir.rule">
        <field name="name">project.group_project_manager project_obra.proyecto.etapa Read</field>
        <field name="model_id" ref="project_obra_portafolio_idu.model_project_obra_proyecto_etapa"/>
        <field name="domain_force">[(1, '=', 1)]</field>
        <field name="groups" eval="[(4, ref('project.group_project_manager'))]"/>
        <field name="perm_read" eval="True"/>
        <field name="perm_create" eval="False"/>
        <field name="perm_write" eval="False"/>
        <field name="perm_unlink" eval="False"/>
    </record>
    <record id="proyecto_etapa_project_group_project_manager_acl_create" model="ir.rule">
        <field name="name">project.group_project_manager project_obra.proyecto.etapa Create</field>
        <field name="model_id" ref="project_obra_portafolio_idu.model_project_obra_proyecto_etapa"/>
        <field name="domain_force">[(1, '=', 1)]</field>
        <field name="groups" eval="[(4, ref('project.group_project_manager'))]"/>
        <field name="perm_read" eval="False"/>
        <field name="perm_create" eval="True"/>
        <field name="perm_write" eval="False"/>
        <field name="perm_unlink" eval="False"/>
    </record>
    <record id="proyecto_etapa_project_group_project_manager_acl_write" model="ir.rule">
        <field name="name">project.group_project_manager project_obra.proyecto.etapa Write</field>
        <field name="model_id" ref="project_obra_portafolio_idu.model_project_obra_proyecto_etapa"/>
        <field name="domain_force">[(1, '=', 1)]</field>
        <field name="groups" eval="[(4, ref('project.group_project_manager'))]"/>
        <field name="perm_read" eval="False"/>
        <field name="perm_create" eval="False"/>
        <field name="perm_write" eval="True"/>
        <field name="perm_unlink" eval="False"/>
    </record>
    <record id="proyecto_etapa_project_group_project_manager_acl_delete" model="ir.rule">
        <field name="name">project.group_project_manager project_obra.proyecto.etapa Delete</field>
        <field name="model_id" ref="project_obra_portafolio_idu.model_project_obra_proyecto_etapa"/>
        <field name="domain_force">[(1, '=', 1)]</field>
        <field name="groups" eval="[(4, ref('project.group_project_manager'))]"/>
        <field name="perm_read" eval="False"/>
        <field name="perm_create" eval="False"/>
        <field name="perm_write" eval="False"/>
        <field name="perm_unlink" eval="True"/>
    </record>
    <record id="proyecto_frente_obra_project_group_project_manager_acl_read" model="ir.rule">
        <field name="name">project.group_project_manager project_obra.proyecto.frente_obra Read</field>
        <field name="model_id" ref="project_obra_portafolio_idu.model_project_obra_proyecto_frente_obra"/>
        <field name="domain_force">[(1, '=', 1)]</field>
        <field name="groups" eval="[(4, ref('project.group_project_manager'))]"/>
        <field name="perm_read" eval="True"/>
        <field name="perm_create" eval="False"/>
        <field name="perm_write" eval="False"/>
        <field name="perm_unlink" eval="False"/>
    </record>
    <record id="proyecto_frente_obra_project_group_project_manager_acl_create" model="ir.rule">
        <field name="name">project.group_project_manager project_obra.proyecto.frente_obra Create</field>
        <field name="model_id" ref="project_obra_portafolio_idu.model_project_obra_proyecto_frente_obra"/>
        <field name="domain_force">[(1, '=', 1)]</field>
        <field name="groups" eval="[(4, ref('project.group_project_manager'))]"/>
        <field name="perm_read" eval="False"/>
        <field name="perm_create" eval="True"/>
        <field name="perm_write" eval="False"/>
        <field name="perm_unlink" eval="False"/>
    </record>
    <record id="proyecto_frente_obra_project_group_project_manager_acl_write" model="ir.rule">
        <field name="name">project.group_project_manager project_obra.proyecto.frente_obra Write</field>
        <field name="model_id" ref="project_obra_portafolio_idu.model_project_obra_proyecto_frente_obra"/>
        <field name="domain_force">[(1, '=', 1)]</field>
        <field name="groups" eval="[(4, ref('project.group_project_manager'))]"/>
        <field name="perm_read" eval="False"/>
        <field name="perm_create" eval="False"/>
        <field name="perm_write" eval="True"/>
        <field name="perm_unlink" eval="False"/>
    </record>
    <record id="proyecto_frente_obra_project_group_project_manager_acl_delete" model="ir.rule">
        <field name="name">project.group_project_manager project_obra.proyecto.frente_obra Delete</field>
        <field name="model_id" ref="project_obra_portafolio_idu.model_project_obra_proyecto_frente_obra"/>
        <field name="domain_force">[(1, '=', 1)]</field>
        <field name="groups" eval="[(4, ref('project.group_project_manager'))]"/>
        <field name="perm_read" eval="False"/>
        <field name="perm_create" eval="False"/>
        <field name="perm_write" eval="False"/>
        <field name="perm_unlink" eval="True"/>
    </record>
    <!-- Domain project_obra_portafolio_idu.group_programador -->
    <record id="project_project_obra_portafolio_idu_group_programador_acl_read" model="ir.rule">
        <field name="name">project_obra_portafolio_idu.group_programador project.project Read</field>
        <field name="model_id" ref="project.model_project_project"/>
        <field name="domain_force">[
'|','|','|','|','|',
('proyecto_tipo','=','obra_componente'),
('dependencia_id.proyecto_gerente_id.user_id','=',user.id),
('dependencia_id.proyecto_programador_id.user_id','=',user.id),
('dependencia_id.manager_id.user_id','=',user.id),
('user_id','=',user.id),
('programador_id','=',user.id)
]</field>
        <field name="groups" eval="[(4, ref('project_obra_portafolio_idu.group_programador'))]"/>
        <field name="perm_read" eval="True"/>
        <field name="perm_create" eval="False"/>
        <field name="perm_write" eval="False"/>
        <field name="perm_unlink" eval="False"/>
    </record>
    <record id="project_project_obra_portafolio_idu_group_programador_acl_write" model="ir.rule">
        <field name="name">project_obra_portafolio_idu.group_programador project.project Write</field>
        <field name="model_id" ref="project.model_project_project"/>
        <field name="domain_force">[
'|','|','|','|','|',
('proyecto_tipo','=','obra_componente'),
('dependencia_id.proyecto_gerente_id.user_id','=',user.id),
('dependencia_id.proyecto_programador_id.user_id','=',user.id),
('dependencia_id.manager_id.user_id','=',user.id),
('user_id','=',user.id),
('programador_id','=',user.id)
]</field>
        <field name="groups" eval="[(4, ref('project_obra_portafolio_idu.group_programador'))]"/>
        <field name="perm_read" eval="False"/>
        <field name="perm_create" eval="False"/>
        <field name="perm_write" eval="True"/>
        <field name="perm_unlink" eval="False"/>
    </record>
    <record id="rogreso_project_obra_portafolio_idu_group_programador_acl_create" model="ir.rule">
        <field name="name">project_obra_portafolio_idu.group_programador project.task.registro_progreso Create</field>
        <field name="model_id" ref="project_edt_idu.model_project_task_registro_progreso"/>
        <field name="domain_force">[
'|','|','|','|','|',
('task_id.user_id','=',user.id),
('task_id.project_id.user_id','=',user.id),
('task_id.project_id.programador_id','=',user.id),
('task_id.edt_id.user_id','=',user.id),
('task_id.edt_id.programador_id','=',user.id),
('task_id.project_id.proyecto_tipo','=','obra_componente')
]</field>
        <field name="groups" eval="[(4, ref('project_obra_portafolio_idu.group_programador'))]"/>
        <field name="perm_read" eval="False"/>
        <field name="perm_create" eval="True"/>
        <field name="perm_write" eval="False"/>
        <field name="perm_unlink" eval="False"/>
    </record>
    <record id="progreso_project_obra_portafolio_idu_group_programador_acl_write" model="ir.rule">
        <field name="name">project_obra_portafolio_idu.group_programador project.task.registro_progreso Write</field>
        <field name="model_id" ref="project_edt_idu.model_project_task_registro_progreso"/>
        <field name="domain_force">[
'|','|','|','|','|',
('task_id.user_id','=',user.id),
('task_id.project_id.user_id','=',user.id),
('task_id.project_id.programador_id','=',user.id),
('task_id.edt_id.user_id','=',user.id),
('task_id.edt_id.programador_id','=',user.id),
('task_id.project_id.proyecto_tipo','=','obra_componente')
]</field>
        <field name="groups" eval="[(4, ref('project_obra_portafolio_idu.group_programador'))]"/>
        <field name="perm_read" eval="False"/>
        <field name="perm_create" eval="False"/>
        <field name="perm_write" eval="True"/>
        <field name="perm_unlink" eval="False"/>
    </record>
    <record id="rogreso_project_obra_portafolio_idu_group_programador_acl_delete" model="ir.rule">
        <field name="name">project_obra_portafolio_idu.group_programador project.task.registro_progreso Delete</field>
        <field name="model_id" ref="project_edt_idu.model_project_task_registro_progreso"/>
        <field name="domain_force">[
'|','|','|','|','|',
('task_id.user_id','=',user.id),
('task_id.project_id.user_id','=',user.id),
('task_id.project_id.programador_id','=',user.id),
('task_id.edt_id.user_id','=',user.id),
('task_id.edt_id.programador_id','=',user.id),
('task_id.project_id.proyecto_tipo','=','obra_componente')
]</field>
        <field name="groups" eval="[(4, ref('project_obra_portafolio_idu.group_programador'))]"/>
        <field name="perm_read" eval="False"/>
        <field name="perm_create" eval="False"/>
        <field name="perm_write" eval="False"/>
        <field name="perm_unlink" eval="True"/>
    </record>
    <record id="task_project_obra_portafolio_idu_group_programador_acl_write" model="ir.rule">
        <field name="name">project_obra_portafolio_idu.group_programador project.task Write</field>
        <field name="model_id" ref="project.model_project_task"/>
        <field name="domain_force">[
'|','|','|','|','|',
('project_id.proyecto_tipo','=','obra_componente'),
('user_id','=',user.id),
('edt_id.programador_id','=',user.id),
('edt_id.user_id','=',user.id),
('project_id.user_id','=',user.id),
('project_id.programador_id','=',user.id),
]</field>
        <field name="groups" eval="[(4, ref('project_obra_portafolio_idu.group_programador'))]"/>
        <field name="perm_read" eval="False"/>
        <field name="perm_create" eval="False"/>
        <field name="perm_write" eval="True"/>
        <field name="perm_unlink" eval="False"/>
    </record>
    <record id="task_project_obra_portafolio_idu_group_programador_acl_delete" model="ir.rule">
        <field name="name">project_obra_portafolio_idu.group_programador project.task Delete</field>
        <field name="model_id" ref="project.model_project_task"/>
        <field name="domain_force">[
'|','|','|','|','|',
('project_id.proyecto_tipo','=','obra_componente'),
('user_id','=',user.id),
('edt_id.programador_id','=',user.id),
('edt_id.user_id','=',user.id),
('project_id.user_id','=',user.id),
('project_id.programador_id','=',user.id),
]</field>
        <field name="groups" eval="[(4, ref('project_obra_portafolio_idu.group_programador'))]"/>
        <field name="perm_read" eval="False"/>
        <field name="perm_create" eval="False"/>
        <field name="perm_write" eval="False"/>
        <field name="perm_unlink" eval="True"/>
    </record>
    <record id="edt_project_obra_portafolio_idu_group_programador_acl_create" model="ir.rule">
        <field name="name">project_obra_portafolio_idu.group_programador project.edt Create</field>
        <field name="model_id" ref="project_edt_idu.model_project_edt"/>
        <field name="domain_force">[
'|','|','|','|',
('project_id.proyecto_tipo','=','obra_componente'),
('project_id.user_id','=',user.id),
('project_id.programador_id','=',user.id),
('parent_id.user_id','=',user.id),
('parent_id.programador_id','=',user.id)
]</field>
        <field name="groups" eval="[(4, ref('project_obra_portafolio_idu.group_programador'))]"/>
        <field name="perm_read" eval="False"/>
        <field name="perm_create" eval="True"/>
        <field name="perm_write" eval="False"/>
        <field name="perm_unlink" eval="False"/>
    </record>
    <record id="edt_project_obra_portafolio_idu_group_programador_acl_write" model="ir.rule">
        <field name="name">project_obra_portafolio_idu.group_programador project.edt Write</field>
        <field name="model_id" ref="project_edt_idu.model_project_edt"/>
        <field name="domain_force">[
'|','|','|','|','|','|',
('project_id.proyecto_tipo','=','obra_componente'),
('user_id','=',user.id),
('programador_id','=',user.id),
('project_id.user_id','=',user.id),
('project_id.programador_id','=',user.id),
('parent_id.user_id','=',user.id),
('parent_id.programador_id','=',user.id)
]</field>
        <field name="groups" eval="[(4, ref('project_obra_portafolio_idu.group_programador'))]"/>
        <field name="perm_read" eval="False"/>
        <field name="perm_create" eval="False"/>
        <field name="perm_write" eval="True"/>
        <field name="perm_unlink" eval="False"/>
    </record>
    <record id="edt_project_obra_portafolio_idu_group_programador_acl_delete" model="ir.rule">
        <field name="name">project_obra_portafolio_idu.group_programador project.edt Delete</field>
        <field name="model_id" ref="project_edt_idu.model_project_edt"/>
        <field name="domain_force">[
'|','|','|','|','|',
('project_id.proyecto_tipo','=','obra_componente'),
('programador_id','=',user.id),
('project_id.user_id','=',user.id),
('project_id.programador_id','=',user.id),
('parent_id.user_id','=',user.id),
('parent_id.programador_id','=',user.id)
]</field>
        <field name="groups" eval="[(4, ref('project_obra_portafolio_idu.group_programador'))]"/>
        <field name="perm_read" eval="False"/>
        <field name="perm_create" eval="False"/>
        <field name="perm_write" eval="False"/>
        <field name="perm_unlink" eval="True"/>
    </record>
</data>
</openerp>