<?xml version="1.0" encoding="utf-8"?>
<openerp>
<data>
    <record id="reporte_desempeno_manual_workflow" model="workflow">
        <field name="name">project_obra.reporte_desempeno_manual.workflow</field>
        <field name="osv">project_obra.reporte_desempeno_manual</field>
        <field name="on_create">True</field>
    </record>
<!--
    ===================================================================================
    Activities
    ===================================================================================
-->

    <record id="reporte_desempeno_manual_aprobado_act" model="workflow.activity">
        <field name="wkf_id" ref="reporte_desempeno_manual_workflow"/>
        <field name="name">aprobado</field>
        <field name="kind">function</field>
        <field name="action">wkf_aprobado()</field>
        <field name="flow_stop" eval="True"/>
    </record>

    <record id="reporte_desempeno_manual_registrado_act" model="workflow.activity">
        <field name="wkf_id" ref="reporte_desempeno_manual_workflow"/>
        <field name="name">registrado</field>
        <field name="kind">function</field>
        <field name="action">wkf_registrado()</field>
        <field name="flow_start" eval="True"/>
    </record>

    <record id="reporte_desempeno_manual_devuelto_act" model="workflow.activity">
        <field name="wkf_id" ref="reporte_desempeno_manual_workflow"/>
        <field name="name">devuelto</field>
        <field name="kind">function</field>
        <field name="action">wkf_devuelto()</field>
    </record>

    <record id="reporte_desempeno_manual_por_revisar_act" model="workflow.activity">
        <field name="wkf_id" ref="reporte_desempeno_manual_workflow"/>
        <field name="name">por_revisar</field>
        <field name="kind">function</field>
        <field name="action">wkf_por_revisar()</field>
    </record>

    <!--
    ===================================================================================
    Transitions
    ===================================================================================
     -->

    <record id="reporte_desempeno_manual_registrado__por_revisar_transition" model="workflow.transition">
        <field name="act_from" ref="reporte_desempeno_manual_registrado_act"/>
        <field name="act_to" ref="reporte_desempeno_manual_por_revisar_act"/>
        <field name="condition">True</field>
        <field name="signal">wkf_registrado__por_revisar</field></record>

    <record id="reporte_desempeno_manual_registrado__aprobado_transition" model="workflow.transition">
        <field name="act_from" ref="reporte_desempeno_manual_registrado_act"/>
        <field name="act_to" ref="reporte_desempeno_manual_aprobado_act"/>
        <field name="condition">True</field>
        <field name="group_id" ref="project.group_project_manager"/>
        <field name="signal">wkf_registrado__aprobado</field></record>

    <record id="reporte_desempeno_manual_por_revisar__devuelto_transition" model="workflow.transition">
        <field name="act_from" ref="reporte_desempeno_manual_por_revisar_act"/>
        <field name="act_to" ref="reporte_desempeno_manual_devuelto_act"/>
        <field name="condition">True</field>
        <field name="group_id" ref="project.group_project_manager"/>
        <field name="signal">wkf_por_revisar__devuelto</field></record>

    <record id="reporte_desempeno_manual_devuelto__por_revisar_transition" model="workflow.transition">
        <field name="act_from" ref="reporte_desempeno_manual_devuelto_act"/>
        <field name="act_to" ref="reporte_desempeno_manual_por_revisar_act"/>
        <field name="condition">True</field>
        <field name="signal">wkf_devuelto__por_revisar</field></record>

    <record id="reporte_desempeno_manual_por_revisar__aprobado_transition" model="workflow.transition">
        <field name="act_from" ref="reporte_desempeno_manual_por_revisar_act"/>
        <field name="act_to" ref="reporte_desempeno_manual_aprobado_act"/>
        <field name="condition">True</field>
        <field name="group_id" ref="project.group_project_manager"/>
        <field name="signal">wkf_por_revisar__aprobado</field></record>

</data>
</openerp>