id,name,contrato_ids/id,proyecto_id/id,project_id/id,tipo_id/id,parent_id/id,child_ids/id,meta_ids/id,solicitud_cambio_ids/id,progreso,fecha_planeada_inicio,fecha_planeada_fin,user_id/id,programador_id/id,alcance,notas,registro_avance_ids/id
proyecto_etapa_0,Deserunt tenetur accusamus nam consequatur.,,,,,,,,,39532664,1990-07-23,1970-10-28,,,Aperiam consectetur qui quo aut harum ea asperiores.,Mollitia quae voluptatibus architecto iure perferendis.,
proyecto_etapa_1,Incidunt ad odio qui magni sunt aliquam.,,,,,,,,,21900281,2007-03-10,2007-12-19,,,Cupiditate praesentium fuga architecto perferendis ipsa ea.,Non officia nemo odio repellat et non.,
proyecto_etapa_2,Eos nobis fuga sed et voluptatum non et autem.,,,,,,,,,88791199,2000-08-23,1989-01-25,,,Aspernatur nobis et nisi.,Mollitia repudiandae rem porro ad.,
proyecto_etapa_3,Distinctio eos mollitia temporibus voluptas aliquam quaerat ea saepe.,,,,,,,,,58223508,1983-07-07,1979-04-09,,,In laborum commodi fuga cumque voluptate.,Ducimus maxime iure minus id rerum blanditiis nemo.,
proyecto_etapa_4,Earum qui et ut et.,,,,,,,,,5450837,1991-10-01,1994-04-12,,,Molestias doloribus enim fugiat.,Inventore et qui minus ut et.,
proyecto_etapa_5,Veniam est nobis cum assumenda.,,,,,,,,,28238588,1999-05-12,1976-11-12,,,Perferendis ex autem rerum architecto.,Et atque qui non ducimus ipsa ipsam.,
proyecto_etapa_6,Rerum sunt aut facere nobis modi.,,,,,,,,,32387015,1997-02-10,1982-06-05,,,Hic vel numquam ex impedit iste id excepturi.,Quibusdam aut qui nemo sed ullam qui porro iure.,
proyecto_etapa_7,Soluta totam eum non explicabo ut iure aliquam.,,,,,,,,,18824286,1985-08-20,1995-10-03,,,Hic dolores et error ipsa.,Nihil neque rerum molestiae minus dolor autem.,
proyecto_etapa_8,Eligendi facilis consequatur maxime voluptates quo qui.,,,,,,,,,8882341,1980-08-27,1986-03-30,,,Esse dignissimos explicabo est aliquid eum sit praesentium.,Temporibus architecto iusto eveniet vitae eaque voluptas aut.,
proyecto_etapa_9,Similique cum dolores odio recusandae cupiditate.,,,,,,,,,45184839,2006-03-23,2006-06-13,,,Amet reprehenderit et ducimus ex sed quam.,Reprehenderit deleniti labore assumenda eos deserunt pariatur.,
