id,name,state,eje_id/id,alcance,notas,motivo_cierre,project_id/id,tag_ids/id,codigo,codigo_sigidu,codigo_valoricemos,origen_id/id,edt_raiz_id/id,progreso,etapa_ids/id,fecha_planeada_inicio,fecha_planeada_fin,photo_ids/id,user_id/id,programador_id/id,financiacion_ids/id,meta_ids/id,solicitud_cambio_ids/id,reporte_desempeno_ids/id,programa_id/id,portafolio_ids/id,localidad_ids/id
proyecto_0,Vero facilis consequatur praesentium suscipit quo delectus corrupti.,open,,Aliquid fugit reiciendis vel sunt beatae deserunt iste.,Eum tempore nisi eos doloremque.,Id architecto nam delectus nihil explicabo sed non.,,,Recusandae nihil vero ducimus accusantium.,Laudantium qui eum illum in ea commodi.,Quam dicta corporis eum veniam hic incidunt modi.,,,13371155,,1994-10-23,2008-09-30,,,,,,,,,,
proyecto_1,Vel omnis ab deleniti culpa fugiat velit suscipit quia.,draft,,Ut sit corrupti in nobis quo.,Exercitationem veritatis consectetur ullam alias numquam accusamus.,Ex perferendis natus cupiditate aperiam est officia.,,,Eaque voluptas odio et magni neque architecto sed consequatur.,Numquam quisquam magni earum totam.,Sequi ab ea nobis quisquam.,,,94372382,,2003-11-24,1995-07-29,,,,,,,,,,
proyecto_2,Et qui vel asperiores voluptatem vel sit voluptas.,close,,Amet qui voluptas quas.,Assumenda alias autem ea provident quaerat quas molestias.,Et possimus repellat quae illo dolorem repellendus.,,,Atque quidem ea necessitatibus nemo.,Quae eligendi officia numquam.,Quia ipsa vitae accusamus et.,,,55627337,,1976-08-01,1999-08-29,,,,,,,,,,
proyecto_3,Neque quia mollitia sed ipsam nam consectetur.,open,,Sint nulla praesentium et cum at.,Placeat temporibus cumque aut aliquam inventore fugit eveniet.,Ipsa praesentium voluptatem consequatur delectus ducimus reprehenderit iure.,,,Alias nobis cum temporibus est.,Sit minus eum quam nulla quis dolores.,Quos magni magnam est occaecati eaque eos illo.,,,51913171,,1996-06-07,2002-06-20,,,,,,,,,,
proyecto_4,Et voluptatem nobis aut ullam.,open,,Qui nam voluptatem quo et velit excepturi.,Totam accusamus iste nihil officia ea id rerum voluptas.,Numquam sequi nemo non dicta iusto ex.,,,Cupiditate vero rerum perspiciatis qui.,Id placeat sint sit et.,Nostrum ut minima ut hic.,,,69589245,,2005-11-29,1993-05-09,,,,,,,,,,
proyecto_5,Maxime ea non magni quia iusto laudantium earum nihil.,open,,Libero voluptatum totam quia non neque perferendis.,Rerum veritatis facere qui.,Tenetur delectus autem dolores quos sint.,,,Ut eos enim consequatur et et quo enim.,Rerum qui eos sit a minima voluptas.,Odit non beatae veritatis et ipsum sunt corrupti.,,,54693799,,2007-02-15,1988-10-09,,,,,,,,,,
proyecto_6,Suscipit ex qui necessitatibus odit officiis qui et.,draft,,Aut sunt laboriosam labore ut laboriosam ex.,Aliquam et a earum cupiditate quibusdam.,Distinctio asperiores magni explicabo officia.,,,Explicabo sint veniam non culpa.,Sed rerum maxime magnam nostrum numquam voluptatem autem.,Quasi iusto rem quos ullam libero perferendis in.,,,12412240,,1994-01-24,1997-08-23,,,,,,,,,,
proyecto_7,Quidem iure sit veniam ratione.,close,,Ut molestias quam voluptatum qui.,Magnam eligendi voluptatum consequatur quia cumque dolore non natus.,Illo harum ut blanditiis facilis enim numquam.,,,Doloribus qui labore ex ratione sed ut cum.,Libero placeat alias rerum vitae rem.,Sequi sequi sit velit.,,,83389645,,2005-01-15,2000-09-12,,,,,,,,,,
proyecto_8,Dicta accusamus sunt distinctio dolorum consequatur asperiores in.,close,,Et sit nostrum nam assumenda molestias dolorum velit similique.,Odio perspiciatis sed maiores ad perferendis atque quisquam.,Omnis officia debitis eveniet hic tempora.,,,Pariatur quo dolorum nihil aspernatur ea vero aut.,Numquam sed iure et.,Cum natus non error aut cumque voluptas.,,,78981483,,1988-06-24,1972-01-20,,,,,,,,,,
proyecto_9,Accusantium corporis qui asperiores ducimus quod.,pending,,Ratione magnam blanditiis tempora.,Enim vel porro ut natus quis magni.,Iusto nam illo pariatur quas porro pariatur voluptas a.,,,Modi rerum necessitatibus eius qui.,Voluptatem et aut vel nemo quod.,Nemo adipisci sapiente quia illum.,,,80851915,,1970-10-28,2004-03-27,,,,,,,,,,
