id,active,name,group_id/id,model_id/id,perm_create,perm_read,perm_write,perm_unlink
sgdu_informe_avance_global,True,"project_obra.sgdu.informe_avance global",,project_obra_seguimiento_sgdu.model_project_obra_sgdu_informe_avance,0,1,0,0
sgdu_informe_avance_detalle_componente_global,True,"project_obra.sgdu.informe_avance.detalle_componente global",,project_obra_seguimiento_sgdu.model_project_obra_sgdu_informe_avance_detalle_componente,0,1,0,0
sgdu_informe_avance_detalle_componente_project_group_project_manager,True,"project_obra.sgdu.informe_avance.detalle_componente project.group_project_manager",project.group_project_manager,project_obra_seguimiento_sgdu.model_project_obra_sgdu_informe_avance_detalle_componente,1,1,1,1
sgdu_informe_avance_project_group_project_manager,True,"project_obra.sgdu.informe_avance project.group_project_manager",project.group_project_manager,project_obra_seguimiento_sgdu.model_project_obra_sgdu_informe_avance,1,1,1,1
sgdu_informe_avance_detalle_componente_project_group_project_user,True,"project_obra.sgdu.informe_avance.detalle_componente project.group_project_user",project.group_project_user,project_obra_seguimiento_sgdu.model_project_obra_sgdu_informe_avance_detalle_componente,1,1,1,0
sgdu_informe_avance_project_group_project_user,True,"project_obra.sgdu.informe_avance project.group_project_user",project.group_project_user,project_obra_seguimiento_sgdu.model_project_obra_sgdu_informe_avance,1,1,1,0
sgdu_informe_avance_detalle_componente_project_edt_idu_group_project_user_externo,True,"project_obra.sgdu.informe_avance.detalle_componente project_edt_idu.group_project_user_externo",project_edt_idu.group_project_user_externo,project_obra_seguimiento_sgdu.model_project_obra_sgdu_informe_avance_detalle_componente,0,0,0,0
sgdu_informe_avance_project_edt_idu_group_project_user_externo,True,"project_obra.sgdu.informe_avance project_edt_idu.group_project_user_externo",project_edt_idu.group_project_user_externo,project_obra_seguimiento_sgdu.model_project_obra_sgdu_informe_avance,0,0,0,0