<?xml version="1.0" encoding="utf-8"?>
<openerp>
<data>
<!-- 
=========================================================================
 Groups Definition
=========================================================================
-->
    <record model="ir.module.category" id="category_project_obra_seguimiento_sgdu">
        <field name="name">Seguimiento Proyectos SGDU</field>
        <field name="sequence">0</field>
        <field name="visible" eval="1" />
    </record>
    <record id="menu_sgdu" model="res.groups">
        <field name="name">Menu SGDU</field>
        <field name="category_id" ref="project_obra_seguimiento_sgdu.category_project_obra_seguimiento_sgdu"/>
    </record>
    <record id="coordinador_tecnico" model="res.groups">
        <field name="name">Coordinador_tecnico</field>
        <field name="category_id" ref="project_obra_seguimiento_sgdu.category_project_obra_seguimiento_sgdu"/>
        <field name="implied_ids"
            eval="[
                (4, ref('base.group_user')),
                (4, ref('project_obra_seguimiento_idu.tecnico')),
                (4, ref('project_obra_seguimiento_sgdu.menu_sgdu')),
            ]"
        />
    </record>
    <record id="aprueba_informes" model="res.groups">
        <field name="name">Aprueba_informes</field>
        <field name="category_id" ref="project_obra_seguimiento_sgdu.category_project_obra_seguimiento_sgdu"/>
        <field name="implied_ids"
            eval="[
                (4, ref('base.group_user')),
                (4, ref('project_obra_seguimiento_sgdu.menu_sgdu')),
            ]"
        />
    </record>
<!--
=============================================================================
 Domain Constraints
=============================================================================
-->
    <!-- Domain project_obra_seguimiento_sgdu.coordinador_tecnico -->
    <!-- Domain project_obra_seguimiento_sgdu.aprueba_informes -->
    <!-- Domain project.group_project_manager -->
    <!-- Domain project.group_project_user -->
    <!-- Domain project_edt_idu.group_project_user_externo -->
</data>
</openerp>