id,active,name,group_id/id,model_id/id,perm_create,perm_read,perm_write,perm_unlink
proyecto_cesion_urbanizadores_global,True,urbanizadores.proyecto.cesion urbanizadores_global,,urbanizadores_idu.model_urbanizadores_proyecto_cesion,0,1,0,0
proyecto_producto_urbanizadores_global,True,urbanizadores.proyecto.producto urbanizadores_global,,urbanizadores_idu.model_urbanizadores_proyecto_producto,0,1,0,0
proyecto_producto_tipo_urbanizadores_global,True,urbanizadores.proyecto.producto.tipo urbanizadores_global,,urbanizadores_idu.model_urbanizadores_proyecto_producto_tipo,0,1,0,0
proyecto_resolucion_urbanismo_urbanizadores_global,True,urbanizadores.proyecto.resolucion_urbanismo urbanizadores_global,,urbanizadores_idu.model_urbanizadores_proyecto_resolucion_urbanismo,0,1,0,0
proyecto_elemento_estructura_urbanizadores_global,True,urbanizadores.proyecto.elemento.estructura urbanizadores_global,,urbanizadores_idu.model_urbanizadores_proyecto_elemento_estructura,0,1,0,0
proyecto_componente_urbanizadores_global,True,urbanizadores.proyecto.componente urbanizadores_global,,urbanizadores_idu.model_urbanizadores_proyecto_componente,0,1,0,0
photo_urbanizadores_global,True,photo_gallery.photo urbanizadores_global,,photo_gallery.model_photo_gallery_photo,0,1,0,0
reunion_urbanizadores_global,True,urbanizadores.reunion urbanizadores_global,,urbanizadores_idu.model_urbanizadores_reunion,0,1,0,0
proyecto_etapa_tipo_urbanizadores_global,True,urbanizadores.proyecto.etapa.tipo urbanizadores_global,,urbanizadores_idu.model_urbanizadores_proyecto_etapa_tipo,0,1,0,0
proyecto_visita_urbanizadores_global,True,urbanizadores.proyecto.visita urbanizadores_global,,urbanizadores_idu.model_urbanizadores_proyecto_visita,0,1,0,0
proyecto_etapa_urbanizadores_global,True,urbanizadores.proyecto.etapa urbanizadores_global,,urbanizadores_idu.model_urbanizadores_proyecto_etapa,0,1,0,0
proyecto_elemento_urbanizadores_global,True,urbanizadores.proyecto.elemento urbanizadores_global,,urbanizadores_idu.model_urbanizadores_proyecto_elemento,0,1,0,0
proyecto_urbanizadores_global,True,urbanizadores.proyecto urbanizadores_global,,urbanizadores_idu.model_urbanizadores_proyecto,0,1,0,0
proyecto_etapa_estado_urbanizadores_global,True,urbanizadores.proyecto.etapa.estado urbanizadores_global,,urbanizadores_idu.model_urbanizadores_proyecto_etapa_estado,0,1,0,0
proyecto_oficio_rechazo_urbanizadores_global,True,urbanizadores.proyecto.oficio_rechazo urbanizadores_global,,urbanizadores_idu.model_urbanizadores_proyecto_oficio_rechazo,0,1,0,0
proyecto_visita_detalle_urbanizadores_global,True,urbanizadores.proyecto.visita.detalle urbanizadores_global,,urbanizadores_idu.model_urbanizadores_proyecto_visita_detalle,0,1,0,0
proyecto_zona_urbanizadores_global,True,urbanizadores.proyecto.zona urbanizadores_global,,urbanizadores_idu.model_urbanizadores_proyecto_zona,0,1,0,0
proyecto_producto_subtipo_urbanizadores_global,True,urbanizadores.proyecto.producto.subtipo urbanizadores_global,,urbanizadores_idu.model_urbanizadores_proyecto_producto_subtipo,0,1,0,0
proyecto_producto_visita_urbanizadores_global,True,urbanizadores.proyecto.producto.visita urbanizadores_global,,urbanizadores_idu.model_urbanizadores_proyecto_producto_visita,0,1,0,0
terceros_urbanizadores_global,True,urbanizadores.tercero urbanizadores_global,,urbanizadores_idu.model_urbanizadores_tercero,0,1,0,0
urbanizadores_proyecto_observacion_global,True,urbanizadores.proyecto.observacion_global,,urbanizadores_idu.model_urbanizadores_proyecto_observacion,0,1,0,0
urbanizadores_reunion_tipo_global,True,urbanizadores.reunion.tipo_global,,urbanizadores_idu.model_urbanizadores_reunion_tipo,0,1,0,0
urbanizadores_visita_tipo_global,True,urbanizadores.visita.tipo_global,,urbanizadores_idu.model_urbanizadores_visita_tipo,0,1,0,0
urbanizadores_documentos_asociados_global,True,urbanizadores.documentos_asociados_global,,urbanizadores_idu.model_urbanizadores_documentos_asociados,0,1,0,0
urbanizadores_proyecto_poliza_global,True,urbanizadores.proyecto.poliza_global,,urbanizadores_idu.model_urbanizadores_proyecto_poliza,0,1,0,0
urbanizadores_proyecto_lista_chequeo_global,True,urbanizadores.proyecto.lista_chequeo_global,,urbanizadores_idu.model_urbanizadores_proyecto_lista_chequeo,0,1,0,0
urbanizadores_proyecto_cronograma_global,True,urbanizadores.proyecto.cronograma_global,,urbanizadores_idu.model_urbanizadores_proyecto_cronograma,0,1,0,0
urbanizadores_proyecto_cronograma_actividad_global,True,urbanizadores.proyecto.cronograma.actividad_global,,urbanizadores_idu.model_urbanizadores_proyecto_cronograma_actividad,0,1,0,0
urbanizadores_proyecto_aprobacion_global,True,urbanizadores.proyecto.aprobacion_global,,urbanizadores_idu.model_urbanizadores_proyecto_aprobacion,0,1,0,0
urbanizadores_proyecto_esp_global,True,urbanizadores.proyecto.esp_global,,urbanizadores_idu.model_urbanizadores_proyecto_esp,0,1,0,0
urbanizadores_proyecto_paz_y_salvo_global,True,urbanizadores.proyecto.paz_y_salvo_global,,urbanizadores_idu.model_urbanizadores_proyecto_paz_y_salvo,0,1,0,0
urbanizadores_proyecto_resolucion_urbanismo_autoridad_global,True,urbanizadores.proyecto.resolucion_urbanismo.autoridad_global,,urbanizadores_idu.model_urbanizadores_proyecto_resolucion_urbanismo_autoridad,0,1,0,0
urbanizadores_proyecto_aseguradora_global,True,urbanizadores.proyecto.aseguradora_global,,urbanizadores_idu.model_urbanizadores_proyecto_aseguradora,0,1,0,0
proyecto_producto_documento_urbanizadores_global,True,urbanizadores.proyecto.producto_documento urbanizadores_global,,urbanizadores_idu.model_urbanizadores_proyecto_producto_documento,0,1,0,0
,,,,,,,,
proyecto_cesion_urbanizadores_idu_analista,True,urbanizadores.proyecto.cesion urbanizadores_idu.analista,urbanizadores_idu.analista,urbanizadores_idu.model_urbanizadores_proyecto_cesion,0,1,0,0
proyecto_producto_urbanizadores_idu_analista,True,urbanizadores.proyecto.producto urbanizadores_idu.analista,urbanizadores_idu.analista,urbanizadores_idu.model_urbanizadores_proyecto_producto,0,1,0,0
proyecto_producto_tipo_urbanizadores_idu_analista,True,urbanizadores.proyecto.producto.tipo urbanizadores_idu.analista,urbanizadores_idu.analista,urbanizadores_idu.model_urbanizadores_proyecto_producto_tipo,0,1,0,0
proyecto_resolucion_urbanismo_urbanizadores_idu_analista,True,urbanizadores.proyecto.resolucion_urbanismo urbanizadores_idu.analista,urbanizadores_idu.analista,urbanizadores_idu.model_urbanizadores_proyecto_resolucion_urbanismo,0,1,0,0
proyecto_elemento_estructura_urbanizadores_idu_analista,True,urbanizadores.proyecto.elemento.estructura urbanizadores_idu.analista,urbanizadores_idu.analista,urbanizadores_idu.model_urbanizadores_proyecto_elemento_estructura,0,1,0,0
proyecto_componente_urbanizadores_idu_analista,True,urbanizadores.proyecto.componente urbanizadores_idu.analista,urbanizadores_idu.analista,urbanizadores_idu.model_urbanizadores_proyecto_componente,0,1,0,0
photo_urbanizadores_idu_analista,True,photo_gallery.photo urbanizadores_idu.analista,urbanizadores_idu.analista,photo_gallery.model_photo_gallery_photo,0,1,0,0
reunion_urbanizadores_idu_analista,True,urbanizadores.reunion urbanizadores_idu.analista,urbanizadores_idu.analista,urbanizadores_idu.model_urbanizadores_reunion,0,1,0,0
proyecto_etapa_tipo_urbanizadores_idu_analista,True,urbanizadores.proyecto.etapa.tipo urbanizadores_idu.analista,urbanizadores_idu.analista,urbanizadores_idu.model_urbanizadores_proyecto_etapa_tipo,0,1,0,0
proyecto_visita_urbanizadores_idu_analista,True,urbanizadores.proyecto.visita urbanizadores_idu.analista,urbanizadores_idu.analista,urbanizadores_idu.model_urbanizadores_proyecto_visita,0,1,0,0
proyecto_etapa_urbanizadores_idu_analista,True,urbanizadores.proyecto.etapa urbanizadores_idu.analista,urbanizadores_idu.analista,urbanizadores_idu.model_urbanizadores_proyecto_etapa,0,1,0,0
proyecto_elemento_urbanizadores_idu_analista,True,urbanizadores.proyecto.elemento urbanizadores_idu.analista,urbanizadores_idu.analista,urbanizadores_idu.model_urbanizadores_proyecto_elemento,0,1,0,0
proyecto_urbanizadores_idu_analista,True,urbanizadores.proyecto urbanizadores_idu.analista,urbanizadores_idu.analista,urbanizadores_idu.model_urbanizadores_proyecto,0,1,0,0
proyecto_etapa_estado_urbanizadores_idu_analista,True,urbanizadores.proyecto.etapa.estado urbanizadores_idu.analista,urbanizadores_idu.analista,urbanizadores_idu.model_urbanizadores_proyecto_etapa_estado,0,1,0,0
proyecto_oficio_rechazo_urbanizadores_idu_analista,True,urbanizadores.proyecto.oficio_rechazo urbanizadores_idu.analista,urbanizadores_idu.analista,urbanizadores_idu.model_urbanizadores_proyecto_oficio_rechazo,0,1,0,0
proyecto_visita_detalle_urbanizadores_idu_analista,True,urbanizadores.proyecto.visita.detalle urbanizadores_idu.analista,urbanizadores_idu.analista,urbanizadores_idu.model_urbanizadores_proyecto_visita_detalle,0,1,0,0
proyecto_zona_urbanizadores_idu_analista,True,urbanizadores.proyecto.zona urbanizadores_idu.analista,urbanizadores_idu.analista,urbanizadores_idu.model_urbanizadores_proyecto_zona,0,1,0,0
proyecto_producto_subtipo_urbanizadores_idu_analista,True,urbanizadores.proyecto.producto.subtipo urbanizadores_idu.analista,urbanizadores_idu.analista,urbanizadores_idu.model_urbanizadores_proyecto_producto_subtipo,0,1,0,0
proyecto_producto_visita_urbanizadores_idu_analista,True,urbanizadores.proyecto.producto.visita urbanizadores_idu.analista,urbanizadores_idu.analista,urbanizadores_idu.model_urbanizadores_proyecto_producto_visita,0,1,0,0
terceros_urbanizadores_idu_analista,True,urbanizadores.tercero urbanizadores_idu.analista,urbanizadores_idu.analista,urbanizadores_idu.model_urbanizadores_tercero,0,1,0,0
urbanizadores_reunion_tipo_analista,True,urbanizadores.reunion.tipo urbanizadores_idu.analista,urbanizadores_idu.analista,urbanizadores_idu.model_urbanizadores_reunion_tipo,0,1,0,0
urbanizadores_visita_tipo_analista,True,urbanizadores.visita.tipo urbanizadores_idu.analista,urbanizadores_idu.analista,urbanizadores_idu.model_urbanizadores_visita_tipo,0,1,0,0
urbanizadores_documentos_asociados_analista,True,urbanizadores.documentos_asociados urbanizadores_idu.analista,urbanizadores_idu.analista,urbanizadores_idu.model_urbanizadores_documentos_asociados,0,1,0,0
urbanizadores_proyecto_poliza_analista,True,urbanizadores.proyecto.poliza urbanizadores_idu.analista,urbanizadores_idu.analista,urbanizadores_idu.model_urbanizadores_proyecto_poliza,0,1,0,0
urbanizadores_proyecto_lista_chequeo_analista,True,urbanizadores.proyecto.lista_chequeo urbanizadores_idu.analista,urbanizadores_idu.analista,urbanizadores_idu.model_urbanizadores_proyecto_lista_chequeo,0,1,0,0
urbanizadores_proyecto_cronograma_analista,True,urbanizadores.proyecto.cronograma urbanizadores_idu.analista,urbanizadores_idu.analista,urbanizadores_idu.model_urbanizadores_proyecto_cronograma,0,1,0,0
urbanizadores_proyecto_cronograma_actividad_analista,True,urbanizadores.proyecto.cronograma.actividad urbanizadores_idu.analista,urbanizadores_idu.analista,urbanizadores_idu.model_urbanizadores_proyecto_cronograma_actividad,0,1,0,0
urbanizadores_proyecto_aprobacion_analista,True,urbanizadores.proyecto.aprobacion_analista,urbanizadores_idu.analista,urbanizadores_idu.model_urbanizadores_proyecto_aprobacion,1,1,1,0
urbanizadores_proyecto_esp_analista,True,urbanizadores.proyecto.esp_analista,urbanizadores_idu.analista,urbanizadores_idu.model_urbanizadores_proyecto_esp,0,1,0,0
urbanizadores_proyecto_paz_y_salvo_analista,True,urbanizadores.proyecto.paz_y_salvo_analista,urbanizadores_idu.analista,urbanizadores_idu.model_urbanizadores_proyecto_paz_y_salvo,0,1,0,0
urbanizadores_proyecto_resolucion_urbanismo_autoridad_analista,True,urbanizadores.proyecto.resolucion_urbanismo.autoridad_analista,urbanizadores_idu.analista,urbanizadores_idu.model_urbanizadores_proyecto_resolucion_urbanismo_autoridad,0,1,0,0
urbanizadores_proyecto_aseguradora_analista,True,urbanizadores.proyecto.aseguradora_analista,urbanizadores_idu.analista,urbanizadores_idu.model_urbanizadores_proyecto_aseguradora,0,1,0,0
proyecto_producto_documento_urbanizadores_idu_analista,True,urbanizadores.proyecto.producto_documento urbanizadores_idu.analista,urbanizadores_idu.analista,urbanizadores_idu.model_urbanizadores_proyecto_producto_documento,0,1,0,0
,,,,,,,,
proyecto_cesion_urbanizadores_idu_administrador,True,urbanizadores.proyecto.cesion urbanizadores_idu.administrador,urbanizadores_idu.administrador,urbanizadores_idu.model_urbanizadores_proyecto_cesion,1,1,1,1
proyecto_producto_urbanizadores_idu_administrador,True,urbanizadores.proyecto.producto urbanizadores_idu.administrador,urbanizadores_idu.administrador,urbanizadores_idu.model_urbanizadores_proyecto_producto,1,1,1,1
proyecto_producto_tipo_urbanizadores_idu_administrador,True,urbanizadores.proyecto.producto.tipo urbanizadores_idu.administrador,urbanizadores_idu.administrador,urbanizadores_idu.model_urbanizadores_proyecto_producto_tipo,1,1,1,1
proyecto_resolucion_urbanismo_urbanizadores_idu_administrador,True,urbanizadores.proyecto.resolucion_urbanismo urbanizadores_idu.administrador,urbanizadores_idu.administrador,urbanizadores_idu.model_urbanizadores_proyecto_resolucion_urbanismo,1,1,1,1
proyecto_elemento_estructura_urbanizadores_idu_administrador,True,urbanizadores.proyecto.elemento.estructura urbanizadores_idu.administrador,urbanizadores_idu.administrador,urbanizadores_idu.model_urbanizadores_proyecto_elemento_estructura,1,1,1,1
proyecto_componente_urbanizadores_idu_administrador,True,urbanizadores.proyecto.componente urbanizadores_idu.administrador,urbanizadores_idu.administrador,urbanizadores_idu.model_urbanizadores_proyecto_componente,1,1,1,1
photo_urbanizadores_idu_administrador,True,photo_gallery.photo urbanizadores_idu.administrador,urbanizadores_idu.administrador,photo_gallery.model_photo_gallery_photo,1,1,1,1
reunion_urbanizadores_idu_administrador,True,urbanizadores.reunion urbanizadores_idu.administrador,urbanizadores_idu.administrador,urbanizadores_idu.model_urbanizadores_reunion,1,1,1,1
proyecto_etapa_tipo_urbanizadores_idu_administrador,True,urbanizadores.proyecto.etapa.tipo urbanizadores_idu.administrador,urbanizadores_idu.administrador,urbanizadores_idu.model_urbanizadores_proyecto_etapa_tipo,1,1,1,1
proyecto_visita_urbanizadores_idu_administrador,True,urbanizadores.proyecto.visita urbanizadores_idu.administrador,urbanizadores_idu.administrador,urbanizadores_idu.model_urbanizadores_proyecto_visita,1,1,1,1
proyecto_etapa_urbanizadores_idu_administrador,True,urbanizadores.proyecto.etapa urbanizadores_idu.administrador,urbanizadores_idu.administrador,urbanizadores_idu.model_urbanizadores_proyecto_etapa,1,1,1,1
proyecto_elemento_urbanizadores_idu_administrador,True,urbanizadores.proyecto.elemento urbanizadores_idu.administrador,urbanizadores_idu.administrador,urbanizadores_idu.model_urbanizadores_proyecto_elemento,1,1,1,1
proyecto_urbanizadores_idu_administrador,True,urbanizadores.proyecto urbanizadores_idu.administrador,urbanizadores_idu.administrador,urbanizadores_idu.model_urbanizadores_proyecto,1,1,1,1
proyecto_etapa_estado_urbanizadores_idu_administrador,True,urbanizadores.proyecto.etapa.estado urbanizadores_idu.administrador,urbanizadores_idu.administrador,urbanizadores_idu.model_urbanizadores_proyecto_etapa_estado,1,1,1,1
proyecto_oficio_rechazo_urbanizadores_idu_administrador,True,urbanizadores.proyecto.oficio_rechazo urbanizadores_idu.administrador,urbanizadores_idu.administrador,urbanizadores_idu.model_urbanizadores_proyecto_oficio_rechazo,1,1,1,1
proyecto_visita_detalle_urbanizadores_idu_administrador,True,urbanizadores.proyecto.visita.detalle urbanizadores_idu.administrador,urbanizadores_idu.administrador,urbanizadores_idu.model_urbanizadores_proyecto_visita_detalle,1,1,1,1
proyecto_zona_urbanizadores_idu_administrador,True,urbanizadores.proyecto.zona urbanizadores_idu.administrador,urbanizadores_idu.administrador,urbanizadores_idu.model_urbanizadores_proyecto_zona,1,1,1,1
proyecto_producto_subtipo_urbanizadores_idu_administrador,True,urbanizadores.proyecto.producto.subtipo urbanizadores_idu.administrador,urbanizadores_idu.administrador,urbanizadores_idu.model_urbanizadores_proyecto_producto_subtipo,1,1,1,1
proyecto_producto_visita_urbanizadores_idu_administrador,True,urbanizadores.proyecto.producto.visita urbanizadores_idu.administrador,urbanizadores_idu.administrador,urbanizadores_idu.model_urbanizadores_proyecto_producto_visita,1,1,1,1
terceros_urbanizadores_idu_administrador,True,urbanizadores.tercero urbanizadores_idu.administrador,urbanizadores_idu.administrador,urbanizadores_idu.model_urbanizadores_tercero,1,1,1,1
urbanizadores_proyecto_observacion_administrador,True,urbanizadores.proyecto.observacion.administrador,urbanizadores_idu.administrador,urbanizadores_idu.model_urbanizadores_proyecto_observacion,1,1,1,1
urbanizadores_reunion_tipo_administrador,True,urbanizadores.reunion.tipo urbanizadores_idu.administrador,urbanizadores_idu.administrador,urbanizadores_idu.model_urbanizadores_reunion_tipo,1,1,1,1
urbanizadores_visita_tipo_administrador,True,urbanizadores.visita.tipo urbanizadores_idu.administrador,urbanizadores_idu.administrador,urbanizadores_idu.model_urbanizadores_visita_tipo,1,1,1,1
urbanizadores_documentos_asociados_administrador,True,urbanizadores.documentos_asociados urbanizadores_idu.administrador,urbanizadores_idu.administrador,urbanizadores_idu.model_urbanizadores_documentos_asociados,1,1,1,1
urbanizadores_proyecto_poliza_administrador,True,urbanizadores.proyecto.poliza urbanizadores_idu.administrador,urbanizadores_idu.administrador,urbanizadores_idu.model_urbanizadores_proyecto_poliza,1,1,1,1
urbanizadores_proyecto_lista_chequeo_administrador,True,urbanizadores.proyecto.lista_chequeo urbanizadores_idu.administrador,urbanizadores_idu.administrador,urbanizadores_idu.model_urbanizadores_proyecto_lista_chequeo,1,1,1,1
urbanizadores_proyecto_cronograma_administrador,True,urbanizadores.proyecto.cronograma urbanizadores_idu.administrador,urbanizadores_idu.administrador,urbanizadores_idu.model_urbanizadores_proyecto_cronograma,1,1,1,1
urbanizadores_proyecto_cronograma_actividad_administrador,True,urbanizadores.proyecto.cronograma.actividad urbanizadores_idu.administrador,urbanizadores_idu.administrador,urbanizadores_idu.model_urbanizadores_proyecto_cronograma_actividad,1,1,1,1
urbanizadores_proyecto_aprobacion_administrador,True,urbanizadores.proyecto.aprobacion_administrador,urbanizadores_idu.administrador,urbanizadores_idu.model_urbanizadores_proyecto_aprobacion,0,1,0,0
urbanizadores_proyecto_esp_administrador,True,urbanizadores.proyecto.esp_administrador,urbanizadores_idu.administrador,urbanizadores_idu.model_urbanizadores_proyecto_esp,1,1,1,1
urbanizadores_proyecto_paz_y_salvo_administrador,True,urbanizadores.proyecto.paz_y_salvo_administrador,urbanizadores_idu.administrador,urbanizadores_idu.model_urbanizadores_proyecto_paz_y_salvo,1,1,1,1
urbanizadores_proyecto_resolucion_urbanismo_autoridad_administrador,True,urbanizadores.proyecto.resolucion_urbanismo.autoridad_administrador,urbanizadores_idu.administrador,urbanizadores_idu.model_urbanizadores_proyecto_resolucion_urbanismo_autoridad,0,1,0,0
urbanizadores_proyecto_aseguradora_administrador,True,urbanizadores.proyecto.aseguradora_administrador,urbanizadores_idu.administrador,urbanizadores_idu.model_urbanizadores_proyecto_aseguradora,0,1,0,0
proyecto_producto_documento_urbanizadores_idu_administrador,True,urbanizadores.proyecto.producto_documento urbanizadores_idu.administrador,urbanizadores_idu.administrador,urbanizadores_idu.model_urbanizadores_proyecto_producto_documento,1,1,1,1
,,,,,,,,
proyecto_cesion_urbanizadores_idu_coordinador,True,urbanizadores.proyecto.cesion urbanizadores_idu.coordinador,urbanizadores_idu.coordinador,urbanizadores_idu.model_urbanizadores_proyecto_cesion,1,1,1,1
proyecto_producto_urbanizadores_idu_coordinador,True,urbanizadores.proyecto.producto urbanizadores_idu.coordinador,urbanizadores_idu.coordinador,urbanizadores_idu.model_urbanizadores_proyecto_producto,1,1,1,1
proyecto_producto_tipo_urbanizadores_idu_coordinador,True,urbanizadores.proyecto.producto.tipo urbanizadores_idu.coordinador,urbanizadores_idu.coordinador,urbanizadores_idu.model_urbanizadores_proyecto_producto_tipo,0,1,0,0
proyecto_resolucion_urbanismo_urbanizadores_idu_coordinador,True,urbanizadores.proyecto.resolucion_urbanismo urbanizadores_idu.coordinador,urbanizadores_idu.coordinador,urbanizadores_idu.model_urbanizadores_proyecto_resolucion_urbanismo,1,1,1,0
proyecto_elemento_estructura_urbanizadores_idu_coordinador,True,urbanizadores.proyecto.elemento.estructura urbanizadores_idu.coordinador,urbanizadores_idu.coordinador,urbanizadores_idu.model_urbanizadores_proyecto_elemento_estructura,1,1,1,0
proyecto_componente_urbanizadores_idu_coordinador,True,urbanizadores.proyecto.componente urbanizadores_idu.coordinador,urbanizadores_idu.coordinador,urbanizadores_idu.model_urbanizadores_proyecto_componente,0,1,0,0
photo_urbanizadores_idu_coordinador,True,photo_gallery.photo urbanizadores_idu.coordinador,urbanizadores_idu.coordinador,photo_gallery.model_photo_gallery_photo,1,1,1,0
reunion_urbanizadores_idu_coordinador,True,urbanizadores.reunion urbanizadores_idu.coordinador,urbanizadores_idu.coordinador,urbanizadores_idu.model_urbanizadores_reunion,1,1,1,0
proyecto_etapa_tipo_urbanizadores_idu_coordinador,True,urbanizadores.proyecto.etapa.tipo urbanizadores_idu.coordinador,urbanizadores_idu.coordinador,urbanizadores_idu.model_urbanizadores_proyecto_etapa_tipo,0,1,0,0
proyecto_visita_urbanizadores_idu_coordinador,True,urbanizadores.proyecto.visita urbanizadores_idu.coordinador,urbanizadores_idu.coordinador,urbanizadores_idu.model_urbanizadores_proyecto_visita,1,1,1,0
proyecto_etapa_urbanizadores_idu_coordinador,True,urbanizadores.proyecto.etapa urbanizadores_idu.coordinador,urbanizadores_idu.coordinador,urbanizadores_idu.model_urbanizadores_proyecto_etapa,1,1,1,1
proyecto_elemento_urbanizadores_idu_coordinador,True,urbanizadores.proyecto.elemento urbanizadores_idu.coordinador,urbanizadores_idu.coordinador,urbanizadores_idu.model_urbanizadores_proyecto_elemento,1,1,1,0
proyecto_urbanizadores_idu_coordinador,True,urbanizadores.proyecto urbanizadores_idu.coordinador,urbanizadores_idu.coordinador,urbanizadores_idu.model_urbanizadores_proyecto,1,1,1,0
proyecto_etapa_estado_urbanizadores_idu_coordinador,True,urbanizadores.proyecto.etapa.estado urbanizadores_idu.coordinador,urbanizadores_idu.coordinador,urbanizadores_idu.model_urbanizadores_proyecto_etapa_estado,0,1,0,0
proyecto_oficio_rechazo_urbanizadores_idu_coordinador,True,urbanizadores.proyecto.oficio_rechazo urbanizadores_idu.coordinador,urbanizadores_idu.coordinador,urbanizadores_idu.model_urbanizadores_proyecto_oficio_rechazo,1,1,1,1
proyecto_visita_detalle_urbanizadores_idu_coordinador,True,urbanizadores.proyecto.visita.detalle urbanizadores_idu.coordinador,urbanizadores_idu.coordinador,urbanizadores_idu.model_urbanizadores_proyecto_visita_detalle,1,1,1,0
proyecto_zona_urbanizadores_idu_coordinador,True,urbanizadores.proyecto.zona urbanizadores_idu.coordinador,urbanizadores_idu.coordinador,urbanizadores_idu.model_urbanizadores_proyecto_zona,0,1,0,0
proyecto_producto_subtipo_urbanizadores_idu_coordinador,True,urbanizadores.proyecto.producto.subtipo urbanizadores_idu.coordinador,urbanizadores_idu.coordinador,urbanizadores_idu.model_urbanizadores_proyecto_producto_subtipo,0,1,0,0
proyecto_producto_visita_urbanizadores_idu_coordinador,True,urbanizadores.proyecto.producto.visita urbanizadores_idu.coordinador,urbanizadores_idu.coordinador,urbanizadores_idu.model_urbanizadores_proyecto_producto_visita,1,1,1,0
terceros_urbanizadores_idu_coordinador,True,urbanizadores.tercero urbanizadores_idu.coordinador,urbanizadores_idu.coordinador,urbanizadores_idu.model_urbanizadores_tercero,0,1,0,0
urbanizadores_proyecto_observacion_coordinador,True,urbanizadores.proyecto.observacion.coordinador,urbanizadores_idu.coordinador,urbanizadores_idu.model_urbanizadores_proyecto_observacion,1,1,1,0
urbanizadores_reunion_tipo_coordinador,True,urbanizadores.reunion.tipo urbanizadores_idu.coordinador,urbanizadores_idu.coordinador,urbanizadores_idu.model_urbanizadores_reunion_tipo,0,1,1,0
urbanizadores_visita_tipo_coordinador,True,urbanizadores.visita.tipo urbanizadores_idu.coordinador,urbanizadores_idu.coordinador,urbanizadores_idu.model_urbanizadores_visita_tipo,0,1,1,0
urbanizadores_documentos_asociados_coordinador,True,urbanizadores.documentos_asociados urbanizadores_idu.coordinador,urbanizadores_idu.coordinador,urbanizadores_idu.model_urbanizadores_documentos_asociados,1,1,1,0
urbanizadores_proyecto_poliza_coordinador,True,urbanizadores.proyecto.poliza urbanizadores_idu.coordinador,urbanizadores_idu.coordinador,urbanizadores_idu.model_urbanizadores_proyecto_poliza,1,1,1,0
urbanizadores_proyecto_lista_chequeo_coordinador,True,urbanizadores.proyecto.lista_chequeo urbanizadores_idu.coordinador,urbanizadores_idu.coordinador,urbanizadores_idu.model_urbanizadores_proyecto_lista_chequeo,0,1,0,0
urbanizadores_proyecto_cronograma_coordinador,True,urbanizadores.proyecto.cronograma urbanizadores_idu.coordinador,urbanizadores_idu.coordinador,urbanizadores_idu.model_urbanizadores_proyecto_cronograma,1,1,1,0
urbanizadores_proyecto_cronograma_actividad_coordinador,True,urbanizadores.proyecto.cronograma.actividad urbanizadores_idu.coordinador,urbanizadores_idu.coordinador,urbanizadores_idu.model_urbanizadores_proyecto_cronograma_actividad,1,1,1,0
urbanizadores_proyecto_esp_coordinador,True,urbanizadores.proyecto.esp_coordinador,urbanizadores_idu.coordinador,urbanizadores_idu.model_urbanizadores_proyecto_esp,0,1,0,0
urbanizadores_proyecto_paz_y_salvo_coordinador,True,urbanizadores.proyecto.paz_y_salvo_coordinador,urbanizadores_idu.coordinador,urbanizadores_idu.model_urbanizadores_proyecto_paz_y_salvo,0,1,0,0
urbanizadores_proyecto_aprobacion_coordinador,True,urbanizadores.proyecto.aprobacion_coordinador,urbanizadores_idu.coordinador,urbanizadores_idu.model_urbanizadores_proyecto_aprobacion,0,1,0,0
urbanizadores_proyecto_resolucion_urbanismo_autoridad_coordinador,True,urbanizadores.proyecto.resolucion_urbanismo.autoridad_coordinador,urbanizadores_idu.coordinador,urbanizadores_idu.model_urbanizadores_proyecto_resolucion_urbanismo_autoridad,0,1,0,0
urbanizadores_proyecto_aseguradora_coordinador,True,urbanizadores.proyecto.aseguradora_coordinador,urbanizadores_idu.coordinador,urbanizadores_idu.model_urbanizadores_proyecto_aseguradora,0,1,0,0
proyecto_producto_documento_urbanizadores_idu_coordinador,True,urbanizadores.proyecto.producto_documento urbanizadores_idu.coordinador,urbanizadores_idu.coordinador,urbanizadores_idu.model_urbanizadores_proyecto_producto_documento,1,1,1,0
,,,,,,,,
proyecto_cesion_urbanizadores_idu_especialista,True,urbanizadores.proyecto.cesion urbanizadores_idu.especialista,urbanizadores_idu.especialista,urbanizadores_idu.model_urbanizadores_proyecto_cesion,1,1,1,0
proyecto_producto_urbanizadores_idu_especialista,True,urbanizadores.proyecto.producto urbanizadores_idu.especialista,urbanizadores_idu.especialista,urbanizadores_idu.model_urbanizadores_proyecto_producto,1,1,1,0
proyecto_producto_tipo_urbanizadores_idu_especialista,True,urbanizadores.proyecto.producto.tipo urbanizadores_idu.especialista,urbanizadores_idu.especialista,urbanizadores_idu.model_urbanizadores_proyecto_producto_tipo,0,1,0,0
proyecto_resolucion_urbanismo_urbanizadores_idu_especialista,True,urbanizadores.proyecto.resolucion_urbanismo urbanizadores_idu.especialista,urbanizadores_idu.especialista,urbanizadores_idu.model_urbanizadores_proyecto_resolucion_urbanismo,1,1,1,0
proyecto_elemento_estructura_urbanizadores_idu_especialista,True,urbanizadores.proyecto.elemento.estructura urbanizadores_idu.especialista,urbanizadores_idu.especialista,urbanizadores_idu.model_urbanizadores_proyecto_elemento_estructura,1,1,1,0
proyecto_componente_urbanizadores_idu_especialista,True,urbanizadores.proyecto.componente urbanizadores_idu.especialista,urbanizadores_idu.especialista,urbanizadores_idu.model_urbanizadores_proyecto_componente,0,1,0,0
photo_urbanizadores_idu_especialista,True,photo_gallery.photo urbanizadores_idu.especialista,urbanizadores_idu.especialista,photo_gallery.model_photo_gallery_photo,1,1,1,0
reunion_urbanizadores_idu_especialista,True,urbanizadores.reunion urbanizadores_idu.especialista,urbanizadores_idu.especialista,urbanizadores_idu.model_urbanizadores_reunion,1,1,1,0
proyecto_etapa_tipo_urbanizadores_idu_especialista,True,urbanizadores.proyecto.etapa.tipo urbanizadores_idu.especialista,urbanizadores_idu.especialista,urbanizadores_idu.model_urbanizadores_proyecto_etapa_tipo,0,1,0,0
proyecto_visita_urbanizadores_idu_especialista,True,urbanizadores.proyecto.visita urbanizadores_idu.especialista,urbanizadores_idu.especialista,urbanizadores_idu.model_urbanizadores_proyecto_visita,1,1,1,0
proyecto_etapa_urbanizadores_idu_especialista,True,urbanizadores.proyecto.etapa urbanizadores_idu.especialista,urbanizadores_idu.especialista,urbanizadores_idu.model_urbanizadores_proyecto_etapa,0,1,0,0
proyecto_elemento_urbanizadores_idu_especialista,True,urbanizadores.proyecto.elemento urbanizadores_idu.especialista,urbanizadores_idu.especialista,urbanizadores_idu.model_urbanizadores_proyecto_elemento,1,1,1,0
proyecto_urbanizadores_idu_especialista,True,urbanizadores.proyecto urbanizadores_idu.especialista,urbanizadores_idu.especialista,urbanizadores_idu.model_urbanizadores_proyecto,0,1,1,0
proyecto_etapa_estado_urbanizadores_idu_especialista,True,urbanizadores.proyecto.etapa.estado urbanizadores_idu.especialista,urbanizadores_idu.especialista,urbanizadores_idu.model_urbanizadores_proyecto_etapa_estado,0,1,0,0
proyecto_oficio_rechazo_urbanizadores_idu_especialista,True,urbanizadores.proyecto.oficio_rechazo urbanizadores_idu.especialista,urbanizadores_idu.especialista,urbanizadores_idu.model_urbanizadores_proyecto_oficio_rechazo,1,1,1,0
proyecto_visita_detalle_urbanizadores_idu_especialista,True,urbanizadores.proyecto.visita.detalle urbanizadores_idu.especialista,urbanizadores_idu.especialista,urbanizadores_idu.model_urbanizadores_proyecto_visita_detalle,1,1,1,0
proyecto_zona_urbanizadores_idu_especialista,True,urbanizadores.proyecto.zona urbanizadores_idu.especialista,urbanizadores_idu.especialista,urbanizadores_idu.model_urbanizadores_proyecto_zona,0,1,0,0
proyecto_producto_subtipo_urbanizadores_idu_especialista,True,urbanizadores.proyecto.producto.subtipo urbanizadores_idu.especialista,urbanizadores_idu.especialista,urbanizadores_idu.model_urbanizadores_proyecto_producto_subtipo,0,1,0,0
proyecto_producto_visita_urbanizadores_idu_especialista,True,urbanizadores.proyecto.producto.visita urbanizadores_idu.especialista,urbanizadores_idu.especialista,urbanizadores_idu.model_urbanizadores_proyecto_producto_visita,1,1,1,0
terceros_urbanizadores_idu_especialista,True,urbanizadores.tercero urbanizadores_idu.especialista,urbanizadores_idu.especialista,urbanizadores_idu.model_urbanizadores_tercero,0,1,0,0
urbanizadores_proyecto_observacion_especialista,True,urbanizadores.proyecto.observacion.especialista,urbanizadores_idu.especialista,urbanizadores_idu.model_urbanizadores_proyecto_observacion,1,1,1,0
urbanizadores_reunion_tipo_especialista,True,urbanizadores.reunion.tipo urbanizadores_idu.especialista,urbanizadores_idu.especialista,urbanizadores_idu.model_urbanizadores_reunion_tipo,0,1,0,0
urbanizadores_documentos_asociados_especialista,True,urbanizadores.documentos_asociados urbanizadores_idu.especialista,urbanizadores_idu.especialista,urbanizadores_idu.model_urbanizadores_documentos_asociados,1,1,1,0
urbanizadores_proyecto_poliza_especialista,True,urbanizadores.proyecto.poliza urbanizadores_idu.especialista,urbanizadores_idu.especialista,urbanizadores_idu.model_urbanizadores_proyecto_poliza,1,1,1,0
urbanizadores_proyecto_lista_chequeo_especialista,True,urbanizadores.proyecto.lista_chequeo urbanizadores_idu.especialista,urbanizadores_idu.especialista,urbanizadores_idu.model_urbanizadores_proyecto_lista_chequeo,0,1,0,0
urbanizadores_proyecto_cronograma_especialista,True,urbanizadores.proyecto.cronograma urbanizadores_idu.especialista,urbanizadores_idu.especialista,urbanizadores_idu.model_urbanizadores_proyecto_cronograma,0,1,0,0
urbanizadores_proyecto_cronograma_actividad_especialista,True,urbanizadores.proyecto.cronograma_actividad urbanizadores_idu.especialista,urbanizadores_idu.especialista,urbanizadores_idu.model_urbanizadores_proyecto_cronograma_actividad,0,1,0,0
urbanizadores_proyecto_aprobacion_especialista,True,urbanizadores.proyecto.aprobacion_especialista,urbanizadores_idu.especialista,urbanizadores_idu.model_urbanizadores_proyecto_aprobacion,0,1,0,0
urbanizadores_proyecto_esp_especialista,True,urbanizadores.proyecto.esp_especialista,urbanizadores_idu.especialista,urbanizadores_idu.model_urbanizadores_proyecto_esp,0,1,0,0
urbanizadores_proyecto_paz_y_salvo_especialista,True,urbanizadores.proyecto.paz_y_salvo_especialista,urbanizadores_idu.especialista,urbanizadores_idu.model_urbanizadores_proyecto_paz_y_salvo,0,1,0,0
urbanizadores_proyecto_resolucion_urbanismo_autoridad_especialista,True,urbanizadores.proyecto.resolucion_urbanismo.autoridad_especialista,urbanizadores_idu.especialista,urbanizadores_idu.model_urbanizadores_proyecto_resolucion_urbanismo_autoridad,0,1,0,0
urbanizadores_proyecto_aseguradora_especialista,True,urbanizadores.proyecto.aseguradora_especialista,urbanizadores_idu.especialista,urbanizadores_idu.model_urbanizadores_proyecto_aseguradora,0,1,0,0
proyecto_producto_documento_urbanizadores_idu_especialista,True,urbanizadores.proyecto.producto_documento urbanizadores_idu.especialista,urbanizadores_idu.especialista,urbanizadores_idu.model_urbanizadores_proyecto_producto_documento,1,1,1,0
,,,,,,,,
proyecto_urbanizadores_idu_api,True,urbanizadores.proyecto urbanizadores_idu.api,urbanizadores_idu.api,urbanizadores_idu.model_urbanizadores_proyecto,1,1,1,0
reunion_urbanizadores_idu_api,True,urbanizadores.reunion urbanizadores_idu.api,urbanizadores_idu.api,urbanizadores_idu.model_urbanizadores_reunion,1,1,1,0
proyecto_resolucion_urbanismo_urbanizadores_idu_api,True,urbanizadores.proyecto.resolucion_urbanismo urbanizadores_idu.api,urbanizadores_idu.api,urbanizadores_idu.model_urbanizadores_proyecto_resolucion_urbanismo,1,1,1,0
proyecto_visita_urbanizadores_idu_api,True,urbanizadores.proyecto.visita urbanizadores_idu.api,urbanizadores_idu.api,urbanizadores_idu.model_urbanizadores_proyecto_visita,1,1,1,0
proyecto_visita_detalle_urbanizadores_idu_api,True,urbanizadores.proyecto.visita.detalle urbanizadores_idu.api,urbanizadores_idu.api,urbanizadores_idu.model_urbanizadores_proyecto_visita_detalle,1,1,1,0
users_urbanizadores_idu_api,True,res.users urbanizadores_idu.api,urbanizadores_idu.api,base.model_res_users,0,1,0,0
terceros_urbanizadores_idu_api,True,urbanizadores.tercero urbanizadores_idu.api,urbanizadores_idu.api,urbanizadores_idu.model_urbanizadores_tercero,1,1,1,0
urbanizadores_reunion_tipo_api,True,urbanizadores.reunion.tipo urbanizadores_idu.api,urbanizadores_idu.api,urbanizadores_idu.model_urbanizadores_reunion_tipo,0,1,1,0
urbanizadores_visita_tipo_api,True,urbanizadores.visita.tipo urbanizadores_idu.api,urbanizadores_idu.api,urbanizadores_idu.model_urbanizadores_visita_tipo,0,1,1,0
