<?xml version="1.0" encoding="utf-8"?>
<openerp>
<data>
<!-- 
=========================================================================
 Groups Definition
=========================================================================
-->
    <record model="ir.module.category" id="category_urbanizadores_idu">
        <field name="name">Bochica: Seguimiento Proyectos de Intervención de Urbanizadores y/o Terceros</field>
        <field name="sequence">0</field>
        <field name="visible" eval="1" />
    </record>
    <record id="analista" model="res.groups">
        <field name="name">Analista</field>
        <field name="category_id" ref="urbanizadores_idu.category_urbanizadores_idu"/>
        <field name="implied_ids"
            eval="[
                (4, ref('base.group_user')),
                (4, ref('project.group_project_user')),
            ]"
        />
    </record>
    <record id="administrador" model="res.groups">
        <field name="name">Administrador</field>
        <field name="category_id" ref="urbanizadores_idu.category_urbanizadores_idu"/>
        <field name="implied_ids"
            eval="[
                (4, ref('base.group_user')),
                (4, ref('urbanizadores_idu.analista')),
                (4, ref('base.group_partner_manager')),
            ]"
        />
    </record>
    <record id="coordinador" model="res.groups">
        <field name="name">Coordinador</field>
        <field name="category_id" ref="urbanizadores_idu.category_urbanizadores_idu"/>
        <field name="implied_ids"
            eval="[
                (4, ref('base.group_user')),
                (4, ref('urbanizadores_idu.analista')),
                (4, ref('base.group_partner_manager')),
            ]"
        />
    </record>
    <record id="especialista" model="res.groups">
        <field name="name">Especialista</field>
        <field name="category_id" ref="urbanizadores_idu.category_urbanizadores_idu"/>
        <field name="implied_ids"
            eval="[
                (4, ref('base.group_user')),
                (4, ref('urbanizadores_idu.analista')),
            ]"
        />
    </record>
    <record id="api" model="res.groups">
        <field name="name">Api</field>
        <field name="category_id" ref="urbanizadores_idu.category_urbanizadores_idu"/>
        <field name="implied_ids"
            eval="[
                (4, ref('base.group_user')),
                (4, ref('urbanizadores_idu.analista')),
                (4, ref('base.group_partner_manager')),
            ]"
        />
    </record>
<!--
=============================================================================
 Domain Constraints
=============================================================================
-->
    <!-- Domain urbanizadores_idu.analista -->
    <!-- Domain urbanizadores_idu.administrador -->
    <!-- Domain urbanizadores_idu.coordinador -->
    <record id="proyecto_cesion_urbanizadores_idu_coordinador_acl_write" model="ir.rule">
        <field name="name">urbanizadores_idu.coordinador urbanizadores.proyecto.cesion Write</field>
        <field name="model_id" ref="urbanizadores_idu.model_urbanizadores_proyecto_cesion"/>
        <field name="domain_force">['|',('proyecto_id.user_id','=',user.id),('proyecto_id.user_apoyo_id','=',user.id)]</field>
        <field name="groups" eval="[(4, ref('urbanizadores_idu.coordinador'))]"/>
        <field name="perm_read" eval="False"/>
        <field name="perm_create" eval="False"/>
        <field name="perm_write" eval="True"/>
        <field name="perm_unlink" eval="False"/>
    </record>
    <record id="proyecto_producto_urbanizadores_idu_coordinador_acl_write" model="ir.rule">
        <field name="name">urbanizadores_idu.coordinador urbanizadores.proyecto.producto Write</field>
        <field name="model_id" ref="urbanizadores_idu.model_urbanizadores_proyecto_producto"/>
        <field name="domain_force">[(1,'=',1)]</field>
        <field name="groups" eval="[(4, ref('urbanizadores_idu.coordinador'))]"/>
        <field name="perm_read" eval="False"/>
        <field name="perm_create" eval="True"/>
        <field name="perm_write" eval="True"/>
        <field name="perm_unlink" eval="False"/>
    </record>
    <record id="cto_resolucion_urbanismo_urbanizadores_idu_coordinador_acl_write" model="ir.rule">
        <field name="name">urbanizadores_idu.coordinador urbanizadores.proyecto.resolucion_urbanismo Write</field>
        <field name="model_id" ref="urbanizadores_idu.model_urbanizadores_proyecto_resolucion_urbanismo"/>
        <field name="domain_force">['|',('proyecto_id.user_id','=',user.id),('proyecto_id.user_apoyo_id','=',user.id)]</field>
        <field name="groups" eval="[(4, ref('urbanizadores_idu.coordinador'))]"/>
        <field name="perm_read" eval="False"/>
        <field name="perm_create" eval="False"/>
        <field name="perm_write" eval="True"/>
        <field name="perm_unlink" eval="False"/>
    </record>
    <record id="ecto_elemento_estructura_urbanizadores_idu_coordinador_acl_write" model="ir.rule">
        <field name="name">urbanizadores_idu.coordinador urbanizadores.proyecto.elemento.estructura Write</field>
        <field name="model_id" ref="urbanizadores_idu.model_urbanizadores_proyecto_elemento_estructura"/>
        <field name="domain_force">['|',('elemento_id.cesion_id.proyecto_id.user_id','=',user.id),('elemento_id.cesion_id.proyecto_id.user_apoyo_id','=',user.id)]</field>
        <field name="groups" eval="[(4, ref('urbanizadores_idu.coordinador'))]"/>
        <field name="perm_read" eval="False"/>
        <field name="perm_create" eval="False"/>
        <field name="perm_write" eval="True"/>
        <field name="perm_unlink" eval="False"/>
    </record>
    <record id="reunion_urbanizadores_idu_coordinador_acl_write" model="ir.rule">
        <field name="name">urbanizadores_idu.coordinador urbanizadores.reunion Write</field>
        <field name="model_id" ref="urbanizadores_idu.model_urbanizadores_reunion"/>
        <field name="domain_force">['|',('proyecto_id.user_id','=',user.id),('proyecto_id.user_apoyo_id','=',user.id)]</field>
        <field name="groups" eval="[(4, ref('urbanizadores_idu.coordinador'))]"/>
        <field name="perm_read" eval="False"/>
        <field name="perm_create" eval="False"/>
        <field name="perm_write" eval="True"/>
        <field name="perm_unlink" eval="False"/>
    </record>
    <record id="proyecto_visita_urbanizadores_idu_coordinador_acl_write" model="ir.rule">
        <field name="name">urbanizadores_idu.coordinador urbanizadores.proyecto.visita Write</field>
        <field name="model_id" ref="urbanizadores_idu.model_urbanizadores_proyecto_visita"/>
        <field name="domain_force">['|',('proyecto_id.user_id','=',user.id),('proyecto_id.user_apoyo_id','=',user.id)]</field>
        <field name="groups" eval="[(4, ref('urbanizadores_idu.coordinador'))]"/>
        <field name="perm_read" eval="False"/>
        <field name="perm_create" eval="False"/>
        <field name="perm_write" eval="True"/>
        <field name="perm_unlink" eval="False"/>
    </record>
    <record id="proyecto_etapa_urbanizadores_idu_coordinador_acl_write" model="ir.rule">
        <field name="name">urbanizadores_idu.coordinador urbanizadores.proyecto.etapa Write</field>
        <field name="model_id" ref="urbanizadores_idu.model_urbanizadores_proyecto_etapa"/>
        <field name="domain_force">['|',('proyecto_id.user_id','=',user.id),('proyecto_id.user_apoyo_id','=',user.id)]</field>
        <field name="groups" eval="[(4, ref('urbanizadores_idu.coordinador'))]"/>
        <field name="perm_read" eval="False"/>
        <field name="perm_create" eval="False"/>
        <field name="perm_write" eval="True"/>
        <field name="perm_unlink" eval="False"/>
    </record>
    <record id="proyecto_elemento_urbanizadores_idu_coordinador_acl_write" model="ir.rule">
        <field name="name">urbanizadores_idu.coordinador urbanizadores.proyecto.elemento Write</field>
        <field name="model_id" ref="urbanizadores_idu.model_urbanizadores_proyecto_elemento"/>
        <field name="domain_force">['|',('cesion_id.proyecto_id.user_id','=',user.id),('cesion_id.proyecto_id.user_apoyo_id','=',user.id)]</field>
        <field name="groups" eval="[(4, ref('urbanizadores_idu.coordinador'))]"/>
        <field name="perm_read" eval="False"/>
        <field name="perm_create" eval="False"/>
        <field name="perm_write" eval="True"/>
        <field name="perm_unlink" eval="False"/>
    </record>
    <record id="proyecto_urbanizadores_idu_coordinador_acl_write" model="ir.rule">
        <field name="name">urbanizadores_idu.coordinador urbanizadores.proyecto Write</field>
        <field name="model_id" ref="urbanizadores_idu.model_urbanizadores_proyecto"/>
        <field name="domain_force">['|',('user_id','=',user.id),('user_apoyo_id','=',user.id)]</field>
        <field name="groups" eval="[(4, ref('urbanizadores_idu.coordinador'))]"/>
        <field name="perm_read" eval="False"/>
        <field name="perm_create" eval="False"/>
        <field name="perm_write" eval="True"/>
        <field name="perm_unlink" eval="False"/>
    </record>
    <record id="proyecto_oficio_rechazo_urbanizadores_idu_coordinador_acl_write" model="ir.rule">
        <field name="name">urbanizadores_idu.coordinador urbanizadores.proyecto.oficio_rechazo Write</field>
        <field name="model_id" ref="urbanizadores_idu.model_urbanizadores_proyecto_oficio_rechazo"/>
        <field name="domain_force">[(1,'=',1)]</field>
        <field name="groups" eval="[(4, ref('urbanizadores_idu.coordinador'))]"/>
        <field name="perm_read" eval="False"/>
        <field name="perm_create" eval="False"/>
        <field name="perm_write" eval="True"/>
        <field name="perm_unlink" eval="False"/>
    </record>
    <!-- Domain urbanizadores_idu.especialista -->
    <record id="proyecto_visita_urbanizadores_idu_especialista_acl_create" model="ir.rule">
        <field name="name">urbanizadores_idu.especialista urbanizadores.proyecto.visita Create</field>
        <field name="model_id" ref="urbanizadores_idu.model_urbanizadores_proyecto_visita"/>
        <field name="domain_force">['|',('proyecto_id.user_id','=',user.id),'|',('proyecto_id.user_apoyo_id','=',user.id),('user_ids', '=', user.id)]</field>
        <field name="groups" eval="[(4, ref('urbanizadores_idu.especialista'))]"/>
        <field name="perm_read" eval="False"/>
        <field name="perm_create" eval="True"/>
        <field name="perm_write" eval="False"/>
        <field name="perm_unlink" eval="False"/>
    </record>
    <record id="proyecto_visita_urbanizadores_idu_especialista_acl_write" model="ir.rule">
        <field name="name">urbanizadores_idu.especialista urbanizadores.proyecto.visita Write</field>
        <field name="model_id" ref="urbanizadores_idu.model_urbanizadores_proyecto_visita"/>
        <field name="domain_force">['|',('proyecto_id.user_id','=',user.id),'|',('proyecto_id.user_apoyo_id','=',user.id),('user_ids', '=', user.id)]</field>
        <field name="groups" eval="[(4, ref('urbanizadores_idu.especialista'))]"/>
        <field name="perm_read" eval="False"/>
        <field name="perm_create" eval="False"/>
        <field name="perm_write" eval="True"/>
        <field name="perm_unlink" eval="True"/>
    </record>
    <record id="pryto_visita_detalle_urbanizadores_idu_especialista_acl_create" model="ir.rule">
        <field name="name">urbanizadores_idu.especialista urbanizadores.proyecto.visita.detalle Create</field>
        <field name="model_id" ref="urbanizadores_idu.model_urbanizadores_proyecto_visita_detalle"/>
        <field name="domain_force">[(1, '=', 1)]</field>
        <field name="groups" eval="[(4, ref('urbanizadores_idu.especialista'))]"/>
        <field name="perm_read" eval="False"/>
        <field name="perm_create" eval="True"/>
        <field name="perm_write" eval="False"/>
        <field name="perm_unlink" eval="False"/>
    </record>
    <record id="proyecto_visita_detalle_urbanizadores_idu_especialista_acl_write" model="ir.rule">
        <field name="name">urbanizadores_idu.especialista urbanizadores.proyecto.visita.detalle Write</field>
        <field name="model_id" ref="urbanizadores_idu.model_urbanizadores_proyecto_visita_detalle"/>
        <field name="domain_force">[(1, '=', 1)]</field>
        <field name="groups" eval="[(4, ref('urbanizadores_idu.especialista'))]"/>
        <field name="perm_read" eval="False"/>
        <field name="perm_create" eval="False"/>
        <field name="perm_write" eval="True"/>
        <field name="perm_unlink" eval="False"/>
    </record>
    <record id="reunion_urbanizadores_idu_especialista_acl_create" model="ir.rule">
        <field name="name">urbanizadores_idu.especialista urbanizadores.reunion Create</field>
        <field name="model_id" ref="urbanizadores_idu.model_urbanizadores_reunion"/>
        <field name="domain_force">['|',('proyecto_id.user_id','=',user.id),'|',('proyecto_id.user_apoyo_id','=',user.id),('user_ids', '=', user.id)]</field>
        <field name="groups" eval="[(4, ref('urbanizadores_idu.especialista'))]"/>
        <field name="perm_read" eval="False"/>
        <field name="perm_create" eval="True"/>
        <field name="perm_write" eval="False"/>
        <field name="perm_unlink" eval="False"/>
    </record>
    <record id="reunion_urbanizadores_idu_especialista_acl_write" model="ir.rule">
        <field name="name">urbanizadores_idu.especialista urbanizadores.reunion Write</field>
        <field name="model_id" ref="urbanizadores_idu.model_urbanizadores_reunion"/>
        <field name="domain_force">['|',('proyecto_id.user_id','=',user.id),'|',('proyecto_id.user_apoyo_id','=',user.id),('user_ids', '=', user.id)]</field>
        <field name="groups" eval="[(4, ref('urbanizadores_idu.especialista'))]"/>
        <field name="perm_read" eval="False"/>
        <field name="perm_create" eval="False"/>
        <field name="perm_write" eval="True"/>
        <field name="perm_unlink" eval="False"/>
    </record>

    <record id="etapa_urbanizadores_idu_especialista_acl_write" model="ir.rule">
        <field name="name">urbanizadores_idu.especialista urbanizadores.proyecto.etapa Write</field>
        <field name="model_id" ref="urbanizadores_idu.model_urbanizadores_proyecto_etapa"/>
        <field name="domain_force">[('editable','=',True)]</field>
        <field name="groups" eval="[(4, ref('urbanizadores_idu.especialista'))]"/>
        <field name="perm_read" eval="False"/>
        <field name="perm_create" eval="False"/>
        <field name="perm_write" eval="True"/>
        <field name="perm_unlink" eval="False"/>
    </record>

    <!-- Domain urbanizadores_idu.api -->
    <record id="proyecto_visita_detalle_urbanizadores_idu_api_acl_write" model="ir.rule">
        <field name="name">urbanizadores_idu.api urbanizadores.proyecto.visita.detalle Write</field>
        <field name="model_id" ref="urbanizadores_idu.model_urbanizadores_proyecto_visita_detalle"/>
        <field name="domain_force">[(1,'=',1)]</field>
        <field name="groups" eval="[(4, ref('urbanizadores_idu.api'))]"/>
        <field name="perm_read" eval="False"/>
        <field name="perm_create" eval="False"/>
        <field name="perm_write" eval="True"/>
        <field name="perm_unlink" eval="False"/>
    </record>
</data>
</openerp>