<?xml version="1.0" encoding="utf-8"?>
<openerp>
    <data noupdate="1">
        <record forcecreate="True" id="ir_cron_proyecto_indicadores_predios" model="ir.cron">
            <field name="name">Sincronizar Con Sistema de Predios los indicadores de predios de un proyecto</field>
            <field eval="True" name="active"/>
            <field name="user_id" ref="base.user_root"/>
            <field name="interval_number">6</field>
            <field name="interval_type">hours</field>
            <field name="numbercall">-1</field>
            <field eval="False" name="doall"/>
            <field eval="'project_obra.proyecto'" name="model"/>
            <field eval="'predios_actualizar_indicadores_prediales_cron'" name="function"/>
            <field eval="'()'" name="args"/>
        </record>
    </data>
    <data>
        <record forcecreate="0" id="codigo_zipa_seq" model="ir.sequence">
            <field name="name">project_obra.codigo_zipa.secuencia</field>
            <field name="code">project_obra.codigo_zipa.secuencia</field>
            <field name="padding" eval="0"/>
        </record>
    </data>
    <data>
        <record forcecreate="0" id="codigo_plan_zipa_seq" model="ir.sequence">
            <field name="name">project_obra.codigo_plan_zipa.secuencia</field>
            <field name="code">project_obra.codigo_plan_zipa.secuencia</field>
            <field name="padding" eval="0"/>
        </record>
    </data>


    <!-- CRON Vencimiento amparos -->
    <data noupdate="1">
        <record forcecreate="True" id="ir_cron_vencimiento_contrato_amparos" model="ir.cron">
            <field name="name">Alerta de vencimiento de amparos de contratos.</field>
            <field eval="True" name="active"/>
            <field name="user_id" ref="base.user_root"/>
            <field name="interval_number">1</field>
            <field name="interval_type">days</field>
            <field name="numbercall">-1</field>
            <field eval="False" name="doall"/>
            <field eval="'project_obra.proyecto.etapa'" name="model"/>
            <field eval="'cron_alerta_vencimiento_amparos'" name="function"/>
            <field eval="'()'" name="args"/>
        </record>
    </data>


</openerp>