"id","name"
"proyecto_tag_0","Eos et ut voluptatem ducimus."
"proyecto_tag_1","Fugit ut sit eius esse a."
"proyecto_tag_2","Explicabo sunt eligendi excepturi consequatur est sint blanditiis."
"proyecto_tag_3","Soluta est fugit veritatis facilis in ducimus."
"proyecto_tag_4","Aut dolor repudiandae molestiae est libero labore."
"proyecto_tag_5","Et pariatur vitae esse reprehenderit aperiam est."
"proyecto_tag_6","Et et vitae voluptatem eum ullam."
"proyecto_tag_7","Dolorem id facilis repellendus aliquam voluptates perspiciatis non."
"proyecto_tag_8","Laborum velit totam voluptatem veniam earum."
"proyecto_tag_9","Quia enim corrupti hic molestias eaque in."