"id","name"
"proyecto_origen_0","Non dolor eaque nihil non nemo vel facere."
"proyecto_origen_1","Dolor qui veniam vero recusandae inventore non repellat."
"proyecto_origen_2","Possimus itaque pariatur et ipsa."
"proyecto_origen_3","Magni ut voluptatum itaque illum."
"proyecto_origen_4","Molestias a debitis fugit id ut saepe."
"proyecto_origen_5","Odit non magni ducimus autem omnis cum."
"proyecto_origen_6","Excepturi repudiandae fugiat maxime recusandae laudantium."
"proyecto_origen_7","Facilis dolore est occaecati architecto."
"proyecto_origen_8","Ipsam non voluptate dolorum omnis sapiente rerum."
"proyecto_origen_9","Rerum inventore et veniam minus sit."