"id","name","web_color"
"proyecto_etapa_tipo_0","Ea quaerat unde corrupti unde.","Sunt asperiores sequi officia est."
"proyecto_etapa_tipo_1","Consequatur at vitae accusantium qui.","Delectus qui neque est quam inventore molestiae."
"proyecto_etapa_tipo_2","Expedita nostrum voluptatem iste molestiae minima.","Perferendis veniam dolor iusto modi."
"proyecto_etapa_tipo_3","Atque necessitatibus id distinctio est aut.","Blanditiis dolor quos voluptate consequatur iste."
"proyecto_etapa_tipo_4","Et dolor quam et molestiae sapiente.","Exercitationem deleniti doloremque voluptatem eveniet aperiam voluptatem odit."
"proyecto_etapa_tipo_5","Voluptatum nam architecto quaerat.","Ullam quod sunt sed voluptas quis."
"proyecto_etapa_tipo_6","Vel voluptas incidunt suscipit quidem.","Tenetur deserunt delectus sint consequuntur."
"proyecto_etapa_tipo_7","Hic numquam cum aliquid sit a nihil sapiente.","Sequi natus ullam velit ea autem saepe voluptates."
"proyecto_etapa_tipo_8","Nisi quia aut alias cum.","Eos quaerat impedit praesentium explicabo esse aperiam hic sunt."
"proyecto_etapa_tipo_9","Tenetur cupiditate voluptatum ullam ut ut porro aspernatur.","Eum sed quam et optio vero quam aut."