"id","name"
"proyecto_eje_0","Repudiandae modi illo nisi veniam eum dignissimos illo."
"proyecto_eje_1","Totam provident aliquid rerum fugiat placeat."
"proyecto_eje_2","Nostrum qui et qui molestiae."
"proyecto_eje_3","Error placeat qui et nobis neque veniam odit aut."
"proyecto_eje_4","Perspiciatis praesentium a ipsa."
"proyecto_eje_5","Quia omnis laboriosam voluptate quia voluptas sed laudantium."
"proyecto_eje_6","Enim numquam distinctio autem animi unde dolorum ut pariatur."
"proyecto_eje_7","Quidem molestiae delectus est commodi minus dolor."
"proyecto_eje_8","Aspernatur ducimus officiis eos autem voluptas facere impedit."
"proyecto_eje_9","Aliquid reprehenderit sunt doloremque iste consequuntur quis voluptatum."