<?xml version="1.0"?>
<openerp>
    <data>
        <record id="project_obra_portafolio_sincronizar_frentes" model="ir.cron">
            <field name="name">Actualizar Capas de SIGIDU</field>
            <field name="active">False</field>
            <field name="interval_number">6</field>
            <field name="interval_type">hours</field>
            <field name="numbercall">-1</field>
            <field name="model" eval="'project_obra.proyecto.etapa'" />
            <field name="function" eval="'cron_actualizar_capas_sigidu'"/>
            <field name="args" eval="'()'" />
        </record>
        <record id="project_obra_portafolio_actualizar_capas_sigidu" model="ir.cron">
            <field name="name">Sincronizar Frentes de Obra SIGIDU</field>
            <field name="active">False</field>
            <field name="interval_number">6</field>
            <field name="interval_type">hours</field>
            <field name="numbercall">-1</field>
            <field name="model" eval="'project_obra.proyecto.frente_obra'" />
            <field name="function" eval="'sincronizar_frentes_obra'"/>
            <field name="args" eval="'()'" />
        </record>
        <record id="project_obra_portafolio_informe_cero" model="ir.cron">
            <field name="name">ZIPA - Creación Informe Cero Proyectos</field>
            <field name="active">False</field>
            <field name="nextcall" eval="(DateTime.now() + timedelta(days=1)).strftime('%Y-%m-%d 06:00:00')" />
            <field name="interval_number">24</field>
            <field name="interval_type">hours</field>
            <field name="numbercall">-1</field>
            <field name="model" eval="'project_obra.proyecto.etapa'" />
            <field name="function" eval="'crear_informe_cero'"/>
            <field name="args" eval="'()'" />
        </record>

        <!-- Cron alerta de vencimiento de etapas -->
        <record id="project_obra_portafolio_alerta_vencimiento_etapa" model="ir.cron">
            <field name="name">ZIPA - Alerta vencimiento Etapas</field>
            <field name="active">False</field>
            <field name="nextcall" eval="(DateTime.now() + timedelta(days=1)).strftime('%Y-%m-%d 06:00:00')" />
            <field name="interval_number">24</field>
            <field name="interval_type">hours</field>
            <field name="numbercall">-1</field>
            <field name="model" eval="'project_obra.proyecto.etapa'" />
            <field name="function" eval="'cron_alerta_vencimiento_etapa'"/>
            <field name="args" eval="'()'" />
        </record>

        <!-- Plantilla para la alerta de vencimiento de etapas -->
        <record id="plantilla_vencimiento_etapa" model="mail.template">
            <field name="name">Alerta vencimiento etapa</field>
            <field name="subject">(ZIPA) Notificación de vencimiento de etapa: ${object.id}</field>
            <field name="email_from">Notificación ZIPA&lt;adminerp@idu.gov.co&gt;</field>
            <field name="email_to">${ctx['datos']['revisor_tecnico']},${ctx['datos']['coordinador_tecnico']},${ctx['datos']['correos_jefes']},${ctx['datos']['correo_admin_zipa']}</field>
            <field name="lang">${object.user_id and object.user_id.lang or ''}</field>
            <field name="model_id" ref="project_obra_portafolio_idu.model_project_obra_proyecto_etapa"/>
            <field name="user_signature" eval="0"/>
            <field name="body_html"><![CDATA[<h1>Alerta de vencimiento de etapa</h1>
                % if ctx.get('datos'):
                    <p>La etapa: ${ctx['datos']['etapa']}, proyecto: ${ctx['datos']['proyecto']}, asociado al contrato(s) ${ctx['datos']['contrato']}, tiene fecha de finalización planeada ${ctx['datos']['fecha_fin']}. Por favor adelantar las gestiones necesarias para garantizar el cumplimento de las obligaciones
correspondientes o iniciar el trámite de solicitud de modificación de la fecha de finalización planeada.
                    </p>
                % endif
                <p><strong>Nota:</strong> Mensaje enviado automáticamente por el Sistema ZIPA - Gestión Proyectos.</p>
            ]]></field>
        </record>
    </data>
</openerp>




