id,active,name,group_id/id,model_id/id,perm_create,perm_read,perm_write,perm_unlink
informe_cabecera_global,True,project_obra.informe_cabecera global,,project_obra_seguimiento_idu.model_project_obra_informe_cabecera,0,1,0,0
informe_por_contrato_global,True,project_obra.informe_por_contrato global,,project_obra_seguimiento_idu.model_project_obra_informe_por_contrato,0,1,0,0
informe_al_ciudadano_global,True,project_obra.informe_al_ciudadano global,,project_obra_seguimiento_idu.model_project_obra_informe_al_ciudadano,0,1,0,0
informe_al_ciudadano_avance_por_meta_global,True,project_obra.informe_al_ciudadano.avance_por_meta global,,project_obra_seguimiento_idu.model_project_obra_informe_al_ciudadano_avance_por_meta,0,1,0,0
informe_predios_global,True,project_obra.informe_predios global,,project_obra_seguimiento_idu.model_project_obra_informe_predios,0,1,0,0
informe_novedades_global,True,project_obra.informe_novedades global,,project_obra_seguimiento_idu.model_project_obra_informe_novedades,0,1,0,0
informe_meta_fisica_global,True,project_obra.informe_meta_fisica global,,project_obra_seguimiento_idu.model_project_obra_informe_meta_fisica,0,1,0,0
informe_meta_fisica_avance_global,True,project_obra.informe_meta_fisica.avance global,,project_obra_seguimiento_idu.model_project_obra_informe_meta_fisica_avance,0,1,0,0
informe_mpp_global,True,project_obra.informe_mpp global,,project_obra_seguimiento_idu.model_project_obra_informe_mpp,0,1,0,0
informe_mpp_linea_frente_global,True,project_obra.informe_mpp.linea_frente global,,project_obra_seguimiento_idu.model_project_obra_informe_mpp_linea_frente,0,1,0,0
informe_social_global,True,project_obra.informe_social global,,project_obra_seguimiento_idu.model_project_obra_informe_social,0,1,0,0
informe_etapa_global,True,project_obra.informe_etapa global,,project_obra_seguimiento_idu.model_project_obra_informe_etapa,0,1,0,0
informe_mpp_project_group_project_manager,True,project_obra.informe_mpp project.group_project_manager,project.group_project_manager,project_obra_seguimiento_idu.model_project_obra_informe_mpp,1,1,1,1
informe_mpp_linea_frente_project_group_project_manager,True,project_obra.informe_mpp.linea_frente project.group_project_manager,project.group_project_manager,project_obra_seguimiento_idu.model_project_obra_informe_mpp_linea_frente,1,1,1,1
informe_cabecera_project_group_project_manager,True,project_obra.informe_cabecera project.group_project_manager,project.group_project_manager,project_obra_seguimiento_idu.model_project_obra_informe_cabecera,1,1,1,1
informe_al_ciudadano_project_group_project_manager,True,project_obra.informe_al_ciudadano project.group_project_manager,project.group_project_manager,project_obra_seguimiento_idu.model_project_obra_informe_al_ciudadano,1,1,1,1
informe_novedades_project_group_project_manager,True,project_obra.informe_novedades project.group_project_manager,project.group_project_manager,project_obra_seguimiento_idu.model_project_obra_informe_novedades,1,1,1,1
informe_por_contrato_project_group_project_manager,True,project_obra.informe_por_contrato project.group_project_manager,project.group_project_manager,project_obra_seguimiento_idu.model_project_obra_informe_por_contrato,1,1,1,1
informe_social_project_group_project_manager,True,project_obra.informe_social project.group_project_manager,project.group_project_manager,project_obra_seguimiento_idu.model_project_obra_informe_social,1,1,1,1
informe_meta_fisica_project_group_project_manager,True,project_obra.informe_meta_fisica project.group_project_manager,project.group_project_manager,project_obra_seguimiento_idu.model_project_obra_informe_meta_fisica,1,1,1,1
informe_meta_fisica_avance_project_group_project_manager,True,project_obra.informe_meta_fisica.avance project.group_project_manager,project.group_project_manager,project_obra_seguimiento_idu.model_project_obra_informe_meta_fisica_avance,1,1,1,1
informe_al_ciudadano_avance_por_meta_project_group_project_manager,True,project_obra.informe_al_ciudadano.avance_por_meta project.group_project_manager,project.group_project_manager,project_obra_seguimiento_idu.model_project_obra_informe_al_ciudadano_avance_por_meta,1,1,1,1
informe_predios_project_group_project_manager,True,project_obra.informe_predios project.group_project_manager,project.group_project_manager,project_obra_seguimiento_idu.model_project_obra_informe_predios,1,1,1,1
informe_etapa_project_group_project_manager,True,project_obra.informe_etapa project.group_project_manager,project.group_project_manager,project_obra_seguimiento_idu.model_project_obra_informe_etapa,1,1,1,1
informe_mpp_project_group_project_user,True,project_obra.informe_mpp project.group_project_user,project.group_project_user,project_obra_seguimiento_idu.model_project_obra_informe_mpp,0,1,0,0
informe_mpp_linea_frente_project_group_project_user,True,project_obra.informe_mpp.linea_frente project.group_project_user,project.group_project_user,project_obra_seguimiento_idu.model_project_obra_informe_mpp_linea_frente,0,1,0,0
informe_cabecera_project_group_project_user,True,project_obra.informe_cabecera project.group_project_user,project.group_project_user,project_obra_seguimiento_idu.model_project_obra_informe_cabecera,0,1,0,0
informe_al_ciudadano_project_group_project_user,True,project_obra.informe_al_ciudadano project.group_project_user,project.group_project_user,project_obra_seguimiento_idu.model_project_obra_informe_al_ciudadano,0,1,0,0
informe_novedades_project_group_project_user,True,project_obra.informe_novedades project.group_project_user,project.group_project_user,project_obra_seguimiento_idu.model_project_obra_informe_novedades,0,1,0,0
informe_por_contrato_project_group_project_user,True,project_obra.informe_por_contrato project.group_project_user,project.group_project_user,project_obra_seguimiento_idu.model_project_obra_informe_por_contrato,0,1,0,0
informe_social_project_group_project_user,True,project_obra.informe_social project.group_project_user,project.group_project_user,project_obra_seguimiento_idu.model_project_obra_informe_social,0,1,0,0
informe_meta_fisica_project_group_project_user,True,project_obra.informe_meta_fisica project.group_project_user,project.group_project_user,project_obra_seguimiento_idu.model_project_obra_informe_meta_fisica,0,1,0,0
informe_meta_fisica_avance_project_group_project_user,True,project_obra.informe_meta_fisica.avance project.group_project_user,project.group_project_user,project_obra_seguimiento_idu.model_project_obra_informe_meta_fisica_avance,0,1,0,0
informe_al_ciudadano_avance_por_meta_project_group_project_user,True,project_obra.informe_al_ciudadano.avance_por_meta project.group_project_user,project.group_project_user,project_obra_seguimiento_idu.model_project_obra_informe_al_ciudadano_avance_por_meta,0,1,0,0
informe_predios_project_group_project_user,True,project_obra.informe_predios project.group_project_user,project.group_project_user,project_obra_seguimiento_idu.model_project_obra_informe_predios,0,1,0,0
informe_etapa_project_group_project_user,True,project_obra.informe_etapa project.group_project_user,project.group_project_user,project_obra_seguimiento_idu.model_project_obra_informe_etapa,0,1,0,0
informe_mpp_project_edt_idu_group_project_user_externo,True,project_obra.informe_mpp project_edt_idu.group_project_user_externo,project_edt_idu.group_project_user_externo,project_obra_seguimiento_idu.model_project_obra_informe_mpp,0,1,0,0
informe_mpp_linea_frente_project_edt_idu_group_project_user_externo,True,project_obra.informe_mpp.linea_frente project_edt_idu.group_project_user_externo,project_edt_idu.group_project_user_externo,project_obra_seguimiento_idu.model_project_obra_informe_mpp_linea_frente,0,1,0,0
informe_cabecera_project_edt_idu_group_project_user_externo,True,project_obra.informe_cabecera project_edt_idu.group_project_user_externo,project_edt_idu.group_project_user_externo,project_obra_seguimiento_idu.model_project_obra_informe_cabecera,0,1,0,0
informe_al_ciudadano_project_edt_idu_group_project_user_externo,True,project_obra.informe_al_ciudadano project_edt_idu.group_project_user_externo,project_edt_idu.group_project_user_externo,project_obra_seguimiento_idu.model_project_obra_informe_al_ciudadano,0,1,0,0
informe_novedades_project_edt_idu_group_project_user_externo,True,project_obra.informe_novedades project_edt_idu.group_project_user_externo,project_edt_idu.group_project_user_externo,project_obra_seguimiento_idu.model_project_obra_informe_novedades,0,1,0,0
informe_por_contrato_project_edt_idu_group_project_user_externo,True,project_obra.informe_por_contrato project_edt_idu.group_project_user_externo,project_edt_idu.group_project_user_externo,project_obra_seguimiento_idu.model_project_obra_informe_por_contrato,0,1,0,0
informe_social_project_edt_idu_group_project_user_externo,True,project_obra.informe_social project_edt_idu.group_project_user_externo,project_edt_idu.group_project_user_externo,project_obra_seguimiento_idu.model_project_obra_informe_social,0,1,0,0
informe_meta_fisica_project_edt_idu_group_project_user_externo,True,project_obra.informe_meta_fisica project_edt_idu.group_project_user_externo,project_edt_idu.group_project_user_externo,project_obra_seguimiento_idu.model_project_obra_informe_meta_fisica,0,1,0,0
informe_meta_fisica_avance_project_edt_idu_group_project_user_externo,True,project_obra.informe_meta_fisica.avance project_edt_idu.group_project_user_externo,project_edt_idu.group_project_user_externo,project_obra_seguimiento_idu.model_project_obra_informe_meta_fisica_avance,0,1,0,0
informe_al_ciudadano_avance_por_meta_project_edt_idu_group_project_user_externo,True,project_obra.informe_al_ciudadano.avance_por_meta project_edt_idu.group_project_user_externo,project_edt_idu.group_project_user_externo,project_obra_seguimiento_idu.model_project_obra_informe_al_ciudadano_avance_por_meta,0,1,0,0
informe_predios_project_edt_idu_group_project_user_externo,True,project_obra.informe_predios project_edt_idu.group_project_user_externo,project_edt_idu.group_project_user_externo,project_obra_seguimiento_idu.model_project_obra_informe_predios,0,1,0,0
informe_etapa_project_edt_idu_group_project_user_externo,True,project_obra.informe_etapa project_edt_idu.group_project_user_externo,project_edt_idu.group_project_user_externo,project_obra_seguimiento_idu.model_project_obra_informe_etapa,0,1,0,0
informe_mpp_project_obra_seguimiento_idu_tecnico,True,project_obra.informe_mpp project_obra_seguimiento_idu.tecnico,project_obra_seguimiento_idu.tecnico,project_obra_seguimiento_idu.model_project_obra_informe_mpp,1,1,1,0
informe_mpp_linea_frente_project_obra_seguimiento_idu_tecnico,True,project_obra.informe_mpp.linea_frente project_obra_seguimiento_idu.tecnico,project_obra_seguimiento_idu.tecnico,project_obra_seguimiento_idu.model_project_obra_informe_mpp_linea_frente,1,1,1,0
informe_cabecera_project_obra_seguimiento_idu_tecnico,True,project_obra.informe_cabecera project_obra_seguimiento_idu.tecnico,project_obra_seguimiento_idu.tecnico,project_obra_seguimiento_idu.model_project_obra_informe_cabecera,1,1,1,0
informe_al_ciudadano_project_obra_seguimiento_idu_tecnico,True,project_obra.informe_al_ciudadano project_obra_seguimiento_idu.tecnico,project_obra_seguimiento_idu.tecnico,project_obra_seguimiento_idu.model_project_obra_informe_al_ciudadano,1,1,1,0
informe_novedades_project_obra_seguimiento_idu_tecnico,True,project_obra.informe_novedades project_obra_seguimiento_idu.tecnico,project_obra_seguimiento_idu.tecnico,project_obra_seguimiento_idu.model_project_obra_informe_novedades,1,1,1,0
informe_por_contrato_project_obra_seguimiento_idu_tecnico,True,project_obra.informe_por_contrato project_obra_seguimiento_idu.tecnico,project_obra_seguimiento_idu.tecnico,project_obra_seguimiento_idu.model_project_obra_informe_por_contrato,1,1,1,0
informe_social_project_obra_seguimiento_idu_tecnico,True,project_obra.informe_social project_obra_seguimiento_idu.tecnico,project_obra_seguimiento_idu.tecnico,project_obra_seguimiento_idu.model_project_obra_informe_social,1,1,1,0
informe_meta_fisica_project_obra_seguimiento_idu_tecnico,True,project_obra.informe_meta_fisica project_obra_seguimiento_idu.tecnico,project_obra_seguimiento_idu.tecnico,project_obra_seguimiento_idu.model_project_obra_informe_meta_fisica,1,1,1,0
informe_meta_fisica_avance_project_obra_seguimiento_idu_tecnico,True,project_obra.informe_meta_fisica.avance project_obra_seguimiento_idu.tecnico,project_obra_seguimiento_idu.tecnico,project_obra_seguimiento_idu.model_project_obra_informe_meta_fisica_avance,1,1,1,0
informe_al_ciudadano_avance_por_meta_project_obra_seguimiento_idu_tecnico,True,project_obra.informe_al_ciudadano.avance_por_meta project_obra_seguimiento_idu.tecnico,project_obra_seguimiento_idu.tecnico,project_obra_seguimiento_idu.model_project_obra_informe_al_ciudadano_avance_por_meta,1,1,1,0
informe_predios_project_obra_seguimiento_idu_tecnico,True,project_obra.informe_predios project_obra_seguimiento_idu.tecnico,project_obra_seguimiento_idu.tecnico,project_obra_seguimiento_idu.model_project_obra_informe_predios,1,1,1,0
informe_etapa_project_obra_seguimiento_idu_tecnico,True,project_obra.informe_etapa project_obra_seguimiento_idu.tecnico,project_obra_seguimiento_idu.tecnico,project_obra_seguimiento_idu.model_project_obra_informe_etapa,1,1,1,0
informe_mpp_project_obra_seguimiento_idu_revisor,True,project_obra.informe_mpp project_obra_seguimiento_idu.analista,project_obra_seguimiento_idu.analista,project_obra_seguimiento_idu.model_project_obra_informe_mpp,0,1,1,0
informe_mpp_linea_frente_project_obra_seguimiento_idu_revisor,True,project_obra.informe_mpp.linea_frente project_obra_seguimiento_idu.analista,project_obra_seguimiento_idu.analista,project_obra_seguimiento_idu.model_project_obra_informe_mpp_linea_frente,0,1,1,0
informe_cabecera_project_obra_seguimiento_idu_revisor,True,project_obra.informe_cabecera project_obra_seguimiento_idu.analista,project_obra_seguimiento_idu.analista,project_obra_seguimiento_idu.model_project_obra_informe_cabecera,0,1,1,0
informe_al_ciudadano_project_obra_seguimiento_idu_revisor,True,project_obra.informe_al_ciudadano project_obra_seguimiento_idu.analista,project_obra_seguimiento_idu.analista,project_obra_seguimiento_idu.model_project_obra_informe_al_ciudadano,0,1,1,0
informe_novedades_project_obra_seguimiento_idu_revisor,True,project_obra.informe_novedades project_obra_seguimiento_idu.analista,project_obra_seguimiento_idu.analista,project_obra_seguimiento_idu.model_project_obra_informe_novedades,0,1,1,0
informe_por_contrato_project_obra_seguimiento_idu_revisor,True,project_obra.informe_por_contrato project_obra_seguimiento_idu.analista,project_obra_seguimiento_idu.analista,project_obra_seguimiento_idu.model_project_obra_informe_por_contrato,0,1,1,0
informe_social_project_obra_seguimiento_idu_revisor,True,project_obra.informe_social project_obra_seguimiento_idu.analista,project_obra_seguimiento_idu.analista,project_obra_seguimiento_idu.model_project_obra_informe_social,0,1,1,0
informe_meta_fisica_project_obra_seguimiento_idu_revisor,True,project_obra.informe_meta_fisica project_obra_seguimiento_idu.analista,project_obra_seguimiento_idu.analista,project_obra_seguimiento_idu.model_project_obra_informe_meta_fisica,0,1,1,0
informe_meta_fisica_avance_project_obra_seguimiento_idu_revisor,True,project_obra.informe_meta_fisica.avance project_obra_seguimiento_idu.analista,project_obra_seguimiento_idu.analista,project_obra_seguimiento_idu.model_project_obra_informe_meta_fisica_avance,0,1,1,0
informe_al_ciudadano_avance_por_meta_project_obra_seguimiento_idu_revisor,True,project_obra.informe_al_ciudadano.avance_por_meta project_obra_seguimiento_idu.analista,project_obra_seguimiento_idu.analista,project_obra_seguimiento_idu.model_project_obra_informe_al_ciudadano_avance_por_meta,0,1,1,0
informe_predios_project_obra_seguimiento_idu_revisor,True,project_obra.informe_predios project_obra_seguimiento_idu.analista,project_obra_seguimiento_idu.analista,project_obra_seguimiento_idu.model_project_obra_informe_predios,0,1,1,0
