<?xml version="1.0" encoding="utf-8"?>
<openerp>
<data>
<!-- 
=========================================================================
 Groups Definition
=========================================================================
-->
    <record model="ir.module.category" id="category_project_obra_seguimiento_idu">
        <field name="name">ZIPA: Seguimiento a Obra Base</field>
        <field name="sequence">4</field>
        <field name="visible" eval="1" />
    </record>
    <record id="analista" model="res.groups">
        <field name="name">Analista</field>
        <field name="category_id" ref="project_obra_seguimiento_idu.category_project_obra_seguimiento_idu"/>
        <field name="implied_ids"
            eval="[
                (4, ref('project_obra_portafolio_idu.group_analista')),
                (4, ref('base.group_user')),
            ]"
        />
    </record>
    <record id="tecnico" model="res.groups">
        <field name="name">Tecnico</field>
        <field name="category_id" ref="project_obra_seguimiento_idu.category_project_obra_seguimiento_idu"/>
        <field name="implied_ids"
            eval="[
                (4, ref('project_problemas_idu.group_gestor')),
                (4, ref('tramites_idu.coordinador')),
                (4, ref('base.group_user')),
                (4, ref('project_obra_seguimiento_idu.analista')),
            ]"
        />
    </record>
    <record id="especialista" model="res.groups">
        <field name="name">Especialista</field>
        <field name="category_id" ref="project_obra_seguimiento_idu.category_project_obra_seguimiento_idu"/>
        <field name="implied_ids"
            eval="[
                (4, ref('project_problemas_idu.group_gestor')),
                (4, ref('tramites_idu.coordinador')),
                (4, ref('base.group_user')),
                (4, ref('project_obra_seguimiento_idu.analista')),
            ]"
        />
    </record>
<!--
=============================================================================
 Domain Constraints
=============================================================================
-->
    <!-- Domain project.group_project_manager -->
    <!-- Domain project.group_project_user -->
    <!-- Domain project_edt_idu.group_project_user_externo -->
    <!-- Domain project_obra_seguimiento_idu.tecnico -->
    <!-- Domain project_obra_seguimiento_idu.analista -->
    <!-- Domain project_obra_seguimiento_idu.especialista -->
</data>
</openerp>
