<?xml version="1.0" encoding="utf-8"?>
<openerp>
<data>
    <record id="tramite_workflow" model="workflow">
        <field name="name">tramite.tramite.workflow</field>
        <field name="osv">tramite.tramite</field>
        <field name="on_create">True</field>
    </record>
<!--
    ===================================================================================
    Activities
    ===================================================================================
-->

    <record id="tramite_registrado_act" model="workflow.activity">
        <field name="wkf_id" ref="tramite_workflow"/>
        <field name="name">registrado</field>
        <field name="kind">function</field>
        <field name="action">wkf_registrado()</field>
        <field name="flow_start" eval="True"/>
    </record>

    <record id="tramite_aprobado_act" model="workflow.activity">
        <field name="wkf_id" ref="tramite_workflow"/>
        <field name="name">aprobado</field>
        <field name="kind">function</field>
        <field name="action">wkf_aprobado()</field>
        <field name="flow_stop" eval="True"/>
    </record>

    <record id="tramite_anulado_act" model="workflow.activity">
        <field name="wkf_id" ref="tramite_workflow"/>
        <field name="name">anulado</field>
        <field name="kind">function</field>
        <field name="action">wkf_anulado()</field>
        <field name="flow_stop" eval="True"/>
    </record>

    <record id="tramite_solicitado_act" model="workflow.activity">
        <field name="wkf_id" ref="tramite_workflow"/>
        <field name="name">solicitado</field>
        <field name="kind">function</field>
        <field name="action">wkf_solicitado()</field>
    </record>

    <record id="tramite_devuelto_con_observaciones_act" model="workflow.activity">
        <field name="wkf_id" ref="tramite_workflow"/>
        <field name="name">devuelto_con_observaciones</field>
        <field name="kind">function</field>
        <field name="action">wkf_devuelto_con_observaciones()</field>
    </record>

    <!--
    ===================================================================================
    Transitions
    ===================================================================================
     -->

    <record id="tramite_registrado__solicitado_transition" model="workflow.transition">
        <field name="act_from" ref="tramite_registrado_act"/>
        <field name="act_to" ref="tramite_solicitado_act"/>
        <field name="condition">True</field>
        <field name="group_id" ref="tramites_idu.coordinador"/>
        <field name="signal">wkf_registrado__solicitado</field></record>

    <record id="tramite_solicitado__devuelto_con_observaciones_transition" model="workflow.transition">
        <field name="act_from" ref="tramite_solicitado_act"/>
        <field name="act_to" ref="tramite_devuelto_con_observaciones_act"/>
        <field name="condition">True</field>
        <field name="group_id" ref="tramites_idu.coordinador"/>
        <field name="signal">wkf_solicitado__devuelto_con_observaciones</field></record>

    <record id="tramite_devuelto__solicitado_transition" model="workflow.transition">
        <field name="act_from" ref="tramite_devuelto_con_observaciones_act"/>
        <field name="act_to" ref="tramite_solicitado_act"/>
        <field name="condition">True</field>
        <field name="group_id" ref="tramites_idu.coordinador"/>
        <field name="signal">wkf_devuelto__solicitado</field></record>

    <record id="tramite_solicitado__aprobado_transition" model="workflow.transition">
        <field name="act_from" ref="tramite_solicitado_act"/>
        <field name="act_to" ref="tramite_aprobado_act"/>
        <field name="condition">True</field>
        <field name="group_id" ref="tramites_idu.coordinador"/>
        <field name="signal">wkf_solicitado__aprobado</field></record>

    <record id="tramite_solicitado__anulado_transition" model="workflow.transition">
        <field name="act_from" ref="tramite_solicitado_act"/>
        <field name="act_to" ref="tramite_anulado_act"/>
        <field name="condition">True</field>
        <field name="group_id" ref="tramites_idu.coordinador"/>
        <field name="signal">wkf_solicitado__anulado</field></record>

</data>
</openerp>