act_from,act_to,condition,group,label
nuevo,por_validar,True,recursos_psp_idu.group_apoyo,Por validar
por_validar,validado,True,recursos_psp_idu.group_jefe_o_lider,Validado
validado,pre_aprobado,True,recursos_psp_idu.group_asesor_psp,Pre-aprobado
pre_aprobado,aprobado,True,recursos_psp_idu.group_jefe_psp,Aprobado
aprobado,linea_paa,True,recursos_psp_idu.group_asesor_psp,Línea PAA creada
nuevo,anulado,True,recursos_psp_idu.group_apoyo,Anulado
por_validar,rechazado,True,recursos_psp_idu.group_jefe_o_lider,Rechazado
validado,rechazado,True,recursos_psp_idu.group_asesor_psp,Rechazado
pre_aprobado,rechazado,True,recursos_psp_idu.group_jefe_psp,Rechazado
rechazado,nuevo,True,recursos_psp_idu.group_apoyo,Nuevo
