<?xml version="1.0" encoding="utf-8"?>
<openerp>
<data>

    <record id="cupo_psp_workflow" model="workflow">
        <field name="name">plan_anual_adquisiciones.cupo_psp.workflow</field>
        <field name="osv">plan_anual_adquisiciones.cupo_psp</field>
        <field name="on_create">True</field>
    </record>
    <!--
    ===================================================================================
    Activities
    ===================================================================================
     -->
    <record id="cupo_psp_validado_activity" model="workflow.activity">
            <field name="wkf_id" ref="cupo_psp_workflow"/>
            <field name="name">validado</field>
            <field name="kind">function</field>
            <field name="action">wkf_validado()</field>
            <field name="flow_start" eval="False"/>
            <field name="flow_stop" eval="False"/>
    </record>
    <record id="cupo_psp_linea_paa_activity" model="workflow.activity">
            <field name="wkf_id" ref="cupo_psp_workflow"/>
            <field name="name">linea_paa</field>
            <field name="kind">function</field>
            <field name="action">wkf_linea_paa()</field>
            <field name="flow_start" eval="False"/>
            <field name="flow_stop" eval="False"/>
    </record>
    <record id="cupo_psp_aprobado_activity" model="workflow.activity">
            <field name="wkf_id" ref="cupo_psp_workflow"/>
            <field name="name">aprobado</field>
            <field name="kind">function</field>
            <field name="action">wkf_aprobado()</field>
            <field name="flow_start" eval="False"/>
            <field name="flow_stop" eval="False"/>
    </record>
    <record id="cupo_psp_pre_aprobado_activity" model="workflow.activity">
            <field name="wkf_id" ref="cupo_psp_workflow"/>
            <field name="name">pre_aprobado</field>
            <field name="kind">function</field>
            <field name="action">wkf_pre_aprobado()</field>
            <field name="flow_start" eval="False"/>
            <field name="flow_stop" eval="False"/>
    </record>
    <record id="cupo_psp_rechazado_activity" model="workflow.activity">
            <field name="wkf_id" ref="cupo_psp_workflow"/>
            <field name="name">rechazado</field>
            <field name="kind">function</field>
            <field name="action">wkf_rechazado()</field>
            <field name="flow_start" eval="False"/>
            <field name="flow_stop" eval="False"/>
    </record>
    <record id="cupo_psp_nuevo_activity" model="workflow.activity">
            <field name="wkf_id" ref="cupo_psp_workflow"/>
            <field name="name">nuevo</field>
            <field name="kind">function</field>
            <field name="action">wkf_nuevo()</field>
            <field name="flow_start" eval="True"/>
            <field name="flow_stop" eval="False"/>
    </record>
    <record id="cupo_psp_por_validar_activity" model="workflow.activity">
            <field name="wkf_id" ref="cupo_psp_workflow"/>
            <field name="name">por_validar</field>
            <field name="kind">function</field>
            <field name="action">wkf_por_validar()</field>
            <field name="flow_start" eval="False"/>
            <field name="flow_stop" eval="False"/>
    </record>
    <record id="cupo_psp_anulado_activity" model="workflow.activity">
            <field name="wkf_id" ref="cupo_psp_workflow"/>
            <field name="name">anulado</field>
            <field name="kind">function</field>
            <field name="action">wkf_anulado()</field>
            <field name="flow_start" eval="False"/>
            <field name="flow_stop" eval="True"/>
    </record>
    <!--
    ===================================================================================
    Transitions
    ===================================================================================
     -->
    <record id="cupo_psp_nuevo__por_validar_transition" model="workflow.transition">
                    <field name="act_from" ref="cupo_psp_nuevo_activity"/>
                    <field name="act_to" ref="cupo_psp_por_validar_activity"/>
                    <field name="condition">True</field>
                    <field name="group_id" ref="recursos_psp_idu.group_apoyo"/>
                    <field name="signal">wkf_nuevo__por_validar</field>
    </record>
    <record id="cupo_psp_por_validar__validado_transition" model="workflow.transition">
                    <field name="act_from" ref="cupo_psp_por_validar_activity"/>
                    <field name="act_to" ref="cupo_psp_validado_activity"/>
                    <field name="condition">True</field>
                    <field name="group_id" ref="recursos_psp_idu.group_jefe_o_lider"/>
                    <field name="signal">wkf_por_validar__validado</field>
    </record>
    <record id="cupo_psp_validado__pre_aprobado_transition" model="workflow.transition">
                    <field name="act_from" ref="cupo_psp_validado_activity"/>
                    <field name="act_to" ref="cupo_psp_pre_aprobado_activity"/>
                    <field name="condition">True</field>
                    <field name="group_id" ref="recursos_psp_idu.group_asesor_psp"/>
                    <field name="signal">wkf_validado__pre_aprobado</field>
    </record>
    <record id="cupo_psp_pre_aprobado__aprobado_transition" model="workflow.transition">
                    <field name="act_from" ref="cupo_psp_pre_aprobado_activity"/>
                    <field name="act_to" ref="cupo_psp_aprobado_activity"/>
                    <field name="condition">True</field>
                    <field name="group_id" ref="recursos_psp_idu.group_jefe_psp"/>
                    <field name="signal">wkf_pre_aprobado__aprobado</field>
    </record>
    <record id="cupo_psp_aprobado__linea_paa_transition" model="workflow.transition">
                    <field name="act_from" ref="cupo_psp_aprobado_activity"/>
                    <field name="act_to" ref="cupo_psp_linea_paa_activity"/>
                    <field name="condition">True</field>
                    <field name="group_id" ref="recursos_psp_idu.group_asesor_psp"/>
                    <field name="signal">wkf_aprobado__linea_paa</field>
    </record>
    <record id="cupo_psp_nuevo__anulado_transition" model="workflow.transition">
                    <field name="act_from" ref="cupo_psp_nuevo_activity"/>
                    <field name="act_to" ref="cupo_psp_anulado_activity"/>
                    <field name="condition">True</field>
                    <field name="group_id" ref="recursos_psp_idu.group_apoyo"/>
                    <field name="signal">wkf_nuevo__anulado</field>
    </record>
    <record id="cupo_psp_por_validar__rechazado_transition" model="workflow.transition">
                    <field name="act_from" ref="cupo_psp_por_validar_activity"/>
                    <field name="act_to" ref="cupo_psp_rechazado_activity"/>
                    <field name="condition">True</field>
                    <field name="group_id" ref="recursos_psp_idu.group_jefe_o_lider"/>
                    <field name="signal">wkf_por_validar__rechazado</field>
    </record>
    <record id="cupo_psp_validado__rechazado_transition" model="workflow.transition">
                    <field name="act_from" ref="cupo_psp_validado_activity"/>
                    <field name="act_to" ref="cupo_psp_rechazado_activity"/>
                    <field name="condition">True</field>
                    <field name="group_id" ref="recursos_psp_idu.group_asesor_psp"/>
                    <field name="signal">wkf_validado__rechazado</field>
    </record>
    <record id="cupo_psp_pre_aprobado__rechazado_transition" model="workflow.transition">
                    <field name="act_from" ref="cupo_psp_pre_aprobado_activity"/>
                    <field name="act_to" ref="cupo_psp_rechazado_activity"/>
                    <field name="condition">True</field>
                    <field name="group_id" ref="recursos_psp_idu.group_jefe_psp"/>
                    <field name="signal">wkf_pre_aprobado__rechazado</field>
    </record>
    <record id="cupo_psp_rechazado__nuevo_transition" model="workflow.transition">
                    <field name="act_from" ref="cupo_psp_rechazado_activity"/>
                    <field name="act_to" ref="cupo_psp_nuevo_activity"/>
                    <field name="condition">True</field>
                    <field name="group_id" ref="recursos_psp_idu.group_apoyo"/>
                    <field name="signal">wkf_rechazado__nuevo</field>
    </record>
</data>
</openerp>