<?xml version="1.0" encoding="utf-8"?>
<openerp>
<data>
    <record id="actividad_workflow" model="workflow">
        <field name="name">contrato_liquidacion.actividad.workflow</field>
        <field name="osv">liquidacion.actividad</field>
        <field name="on_create">True</field>
    </record>
<!--
    ===================================================================================
    Activities
    ===================================================================================
-->

    <record id="actividad_en_ejecucion_act" model="workflow.activity">
        <field name="wkf_id" ref="actividad_workflow"/>
        <field name="name">en_ejecucion</field>
        <field name="kind">function</field>
        <field name="action">wkf_en_ejecucion()</field>
    </record>

    <record id="actividad_por_iniciar_act" model="workflow.activity">
        <field name="wkf_id" ref="actividad_workflow"/>
        <field name="name">por_iniciar</field>
        <field name="kind">function</field>
        <field name="action">wkf_por_iniciar()</field>
        <field name="flow_start" eval="True"/>
    </record>

    <record id="actividad_suspendido_act" model="workflow.activity">
        <field name="wkf_id" ref="actividad_workflow"/>
        <field name="name">suspendido</field>
        <field name="kind">function</field>
        <field name="action">wkf_suspendido()</field>
    </record>

    <record id="actividad_aprobado_act" model="workflow.activity">
        <field name="wkf_id" ref="actividad_workflow"/>
        <field name="name">aprobado</field>
        <field name="kind">function</field>
        <field name="action">wkf_aprobado()</field>
    </record>

    <record id="actividad_terminado_act" model="workflow.activity">
        <field name="wkf_id" ref="actividad_workflow"/>
        <field name="name">terminado</field>
        <field name="kind">function</field>
        <field name="action">wkf_terminado()</field>
        <field name="flow_stop" eval="True"/>
    </record>

    <!--
    ===================================================================================
    Transitions
    ===================================================================================
     -->

    <record id="actividad_por_iniciar__en_ejecucion_transition" model="workflow.transition">
        <field name="act_from" ref="actividad_por_iniciar_act"/>
        <field name="act_to" ref="actividad_en_ejecucion_act"/>
        <field name="condition">True</field>
        <field name="signal">wkf_por_iniciar__en_ejecucion</field></record>

    <record id="actividad_en_ejecucion__aprobado_transition" model="workflow.transition">
        <field name="act_from" ref="actividad_en_ejecucion_act"/>
        <field name="act_to" ref="actividad_aprobado_act"/>
        <field name="condition">True</field>
        <field name="signal">wkf_en_ejecucion__aprobado</field></record>

    <record id="actividad_aprobado__terminado_transition" model="workflow.transition">
        <field name="act_from" ref="actividad_aprobado_act"/>
        <field name="act_to" ref="actividad_terminado_act"/>
        <field name="condition">True</field>
        <field name="signal">wkf_aprobado__terminado</field></record>

    <record id="actividad_por_iniciar__suspendido_transition" model="workflow.transition">
        <field name="act_from" ref="actividad_por_iniciar_act"/>
        <field name="act_to" ref="actividad_suspendido_act"/>
        <field name="condition">True</field>
        <field name="signal">wkf_por_iniciar__suspendido</field></record>

    <record id="actividad_en_ejecucion__suspendido_transition" model="workflow.transition">
        <field name="act_from" ref="actividad_en_ejecucion_act"/>
        <field name="act_to" ref="actividad_suspendido_act"/>
        <field name="condition">True</field>
        <field name="signal">wkf_en_ejecucion__suspendido</field></record>

</data>
</openerp>