id,name,fecha_terminacion,peso,user_id/id,task_id/id
project_edt_idu.project_edt_1_1_1_t1_p1,Pendiente,2016-01-01,1,project_edt_idu.group_project_user_user_02,project_edt_idu.project_edt_1_1_1_t1
project_edt_idu.project_edt_1_1_1_t1_p2,Pendiente,,1,project_edt_idu.group_project_user_user_02,project_edt_idu.project_edt_1_1_1_t1
project_edt_idu.project_edt_1_1_1_t1_p3,Pendiente,2016-01-01,2,project_edt_idu.group_project_user_user_02,project_edt_idu.project_edt_1_1_1_t1
project_edt_idu.project_edt_1_1_1_t1_p4,Pendiente,2016-01-01,3,project_edt_idu.group_project_user_user_04,project_edt_idu.project_edt_1_1_1_t1
project_edt_idu.project_edt_1_1_2_t1_p1,Pendiente,,1,project_edt_idu.group_project_user_user_04,project_edt_idu.project_edt_1_1_2_t1
project_edt_idu.project_edt_1_1_2_t1_p2,Pendiente,,2,project_edt_idu.group_project_user_user_04,project_edt_idu.project_edt_1_1_2_t1
project_edt_idu.project_edt_1_1_2_t1_p3,Pendiente,2016-01-01,3,project_edt_idu.group_project_user_user_02,project_edt_idu.project_edt_1_1_2_t1
project_edt_idu.project_edt_1_1_2_t1_p4,Pendiente,,1,project_edt_idu.group_project_user_user_02,project_edt_idu.project_edt_1_1_2_t1
