id,active,name,group_id/id,model_id/id,perm_create,perm_read,perm_write,perm_unlink
tramite_global,True,tramite.tramite global,,tramites_idu.model_tramite_tramite,0,1,0,0
tipo_global,True,tramite.tipo global,,tramites_idu.model_tramite_tipo,0,1,0,0
tipo_estado_global,True,tramite.tipo.estado global,,tramites_idu.model_tramite_tipo_estado,0,1,0,0
autoridad_global,True,tramite.autoridad global,,tramites_idu.model_tramite_autoridad,0,1,0,0
novedad_global,True,tramite.novedad global,,tramites_idu.model_tramite_novedad,0,1,0,0
radicado_global,True,tramite.radicado global,,tramites_idu.model_tramite_radicado,0,1,0,0
asunto_global,True,tramite.asunto global,,tramites_idu.model_tramite_asunto,0,1,0,0
radicado_tramites_idu_coordinador,True,tramite.radicado tramites_idu.coordinador,tramites_idu.coordinador,tramites_idu.model_tramite_radicado,1,1,1,0
tipo_tramites_idu_coordinador,True,tramite.tipo tramites_idu.coordinador,tramites_idu.coordinador,tramites_idu.model_tramite_tipo,0,1,1,0
novedad_tramites_idu_coordinador,True,tramite.novedad tramites_idu.coordinador,tramites_idu.coordinador,tramites_idu.model_tramite_novedad,1,1,1,0
tramite_tramites_idu_coordinador,True,tramite.tramite tramites_idu.coordinador,tramites_idu.coordinador,tramites_idu.model_tramite_tramite,1,1,1,0
autoridad_tramites_idu_coordinador,True,tramite.autoridad tramites_idu.coordinador,tramites_idu.coordinador,tramites_idu.model_tramite_autoridad,1,1,1,0
tipo_estado_tramites_idu_coordinador,True,tramite.tipo.estado tramites_idu.coordinador,tramites_idu.coordinador,tramites_idu.model_tramite_tipo_estado,1,1,1,0
asunto_tramites_idu_coordinador,True,tramite.asunto tramites_idu.coordinador,tramites_idu.coordinador,tramites_idu.model_tramite_asunto,0,1,0,0
radicado_tramites_idu_administrador,True,tramite.radicado tramites_idu.administrador,tramites_idu.administrador,tramites_idu.model_tramite_radicado,1,1,1,1
tipo_tramites_idu_administrador,True,tramite.tipo tramites_idu.administrador,tramites_idu.administrador,tramites_idu.model_tramite_tipo,1,1,1,1
novedad_tramites_idu_administrador,True,tramite.novedad tramites_idu.administrador,tramites_idu.administrador,tramites_idu.model_tramite_novedad,1,1,1,1
tramite_tramites_idu_administrador,True,tramite.tramite tramites_idu.administrador,tramites_idu.administrador,tramites_idu.model_tramite_tramite,1,1,1,1
autoridad_tramites_idu_administrador,True,tramite.autoridad tramites_idu.administrador,tramites_idu.administrador,tramites_idu.model_tramite_autoridad,1,1,1,1
tipo_estado_tramites_idu_administrador,True,tramite.tipo.estado tramites_idu.administrador,tramites_idu.administrador,tramites_idu.model_tramite_tipo_estado,1,1,1,1
asunto_tramites_idu_administrador,True,tramite.asunto tramites_idu.administrador,tramites_idu.administrador,tramites_idu.model_tramite_asunto,1,1,1,1
