<?xml version="1.0" encoding="utf-8"?>
<openerp>
<data>
<!-- 
=========================================================================
 Groups Definition
=========================================================================
-->
    <record model="ir.module.category" id="category_tramites_idu">
        <field name="name">Gestión de Tramites</field>
        <field name="sequence">0</field>
        <field name="visible" eval="1" />
    </record>
    <record id="coordinador" model="res.groups">
        <field name="name">Coordinador</field>
        <field name="category_id" ref="tramites_idu.category_tramites_idu"/>
        <field name="implied_ids"
            eval="[
                (4, ref('base.group_user')),
            ]"
        />
    </record>
    <record id="administrador" model="res.groups">
        <field name="name">Administrador</field>
        <field name="category_id" ref="tramites_idu.category_tramites_idu"/>
        <field name="implied_ids"
            eval="[
                (4, ref('base.group_user')),
                (4, ref('tramites_idu.coordinador')),
            ]"
        />
    </record>
<!--
=============================================================================
 Domain Constraints
=============================================================================
-->
    <!-- Domain tramites_idu.coordinador -->
    <!-- Domain tramites_idu.administrador -->
</data>
</openerp>