id,active,name,group_id/id,model_id/id,perm_create,perm_read,perm_write,perm_unlink
access_plan_anual_adquisiciones_cupo_psp_group_administrador,TRUE,recursos_psp.administrador.plan_anual_adquisiciones_cupo_psp,recursos_psp_idu.group_administrador,recursos_psp_idu.model_plan_anual_adquisiciones_cupo_psp,1,1,1,0
access_plan_anual_adquisiciones_cupo_psp_group_analista,TRUE,recursos_psp.analista.plan_anual_adquisiciones_cupo_psp,recursos_psp_idu.group_analista,recursos_psp_idu.model_plan_anual_adquisiciones_cupo_psp,0,1,0,0
access_plan_anual_adquisiciones_cupo_psp_group_apoyo,TRUE,recursos_psp.apoyo.plan_anual_adquisiciones_cupo_psp,recursos_psp_idu.group_apoyo,recursos_psp_idu.model_plan_anual_adquisiciones_cupo_psp,1,1,1,0
access_plan_anual_adquisiciones_cupo_psp_group_group_jefe_o_lider,TRUE,recursos_psp.group_jefe_o_lider.plan_anual_adquisiciones_cupo_psp,recursos_psp_idu.group_jefe_o_lider,recursos_psp_idu.model_plan_anual_adquisiciones_cupo_psp,1,1,1,0
access_plan_anual_adquisiciones_cupo_psp_group_asesor_psp,TRUE,recursos_psp.group_asesor_psp.plan_anual_adquisiciones_cupo_psp,recursos_psp_idu.group_asesor_psp,recursos_psp_idu.model_plan_anual_adquisiciones_cupo_psp,1,1,1,0
access_plan_anual_adquisiciones_cupo_psp_group_jefe_psp,TRUE,recursos_psp.group_jefe_psp.plan_anual_adquisiciones_cupo_psp,recursos_psp_idu.group_jefe_psp,recursos_psp_idu.model_plan_anual_adquisiciones_cupo_psp,0,1,1,0
access_plan_anual_adquisiciones_cupo_psp_financiacion_group_administrador,TRUE,recursos_psp.administrador.plan_anual_adquisiciones_cupo_psp_financiacion,recursos_psp_idu.group_administrador,recursos_psp_idu.model_plan_anual_adquisiciones_cupo_psp_financiacion,1,1,1,0
access_plan_anual_adquisiciones_cupo_psp_financiacion_group_analista,TRUE,recursos_psp.analista.plan_anual_adquisiciones_cupo_psp_financiacion,recursos_psp_idu.group_analista,recursos_psp_idu.model_plan_anual_adquisiciones_cupo_psp_financiacion,0,1,0,0
access_plan_anual_adquisiciones_cupo_psp_financiacion_group_apoyo,TRUE,recursos_psp.apoyo.plan_anual_adquisiciones_cupo_psp_financiacion,recursos_psp_idu.group_apoyo,recursos_psp_idu.model_plan_anual_adquisiciones_cupo_psp_financiacion,0,1,0,0
access_plan_anual_adquisiciones_cupo_psp_financiacion_group_group_jefe_o_lider,TRUE,recursos_psp.group_jefe_o_lider.plan_anual_adquisiciones_cupo_psp_financiacion,recursos_psp_idu.group_jefe_o_lider,recursos_psp_idu.model_plan_anual_adquisiciones_cupo_psp_financiacion,0,1,0,0
access_plan_anual_adquisiciones_cupo_psp_financiacion_group_asesor_psp,TRUE,recursos_psp.group_asesor_psp.plan_anual_adquisiciones_cupo_psp_financiacion,recursos_psp_idu.group_asesor_psp,recursos_psp_idu.model_plan_anual_adquisiciones_cupo_psp_financiacion,1,1,1,0
access_plan_anual_adquisiciones_cupo_psp_financiacion_group_jefe_psp,TRUE,recursos_psp.group_jefe_psp.plan_anual_adquisiciones_cupo_psp_financiacion,recursos_psp_idu.group_jefe_psp,recursos_psp_idu.model_plan_anual_adquisiciones_cupo_psp_financiacion,0,1,1,0
access_plan_anual_adquisiciones_cupo_psp_pago_programado_group_administrador,TRUE,recursos_psp.administrador.plan_anual_adquisiciones_cupo_psp_pago_programado,recursos_psp_idu.group_administrador,recursos_psp_idu.model_plan_anual_adquisiciones_cupo_psp_pago_programado,1,1,1,0
access_plan_anual_adquisiciones_cupo_psp_pago_programado_group_analista,TRUE,recursos_psp.analista.plan_anual_adquisiciones_cupo_psp_pago_programado,recursos_psp_idu.group_analista,recursos_psp_idu.model_plan_anual_adquisiciones_cupo_psp_pago_programado,0,1,0,0
access_plan_anual_adquisiciones_cupo_psp_pago_programado_group_apoyo,TRUE,recursos_psp.apoyo.plan_anual_adquisiciones_cupo_psp_pago_programado,recursos_psp_idu.group_apoyo,recursos_psp_idu.model_plan_anual_adquisiciones_cupo_psp_pago_programado,1,1,1,0
access_plan_anual_adquisiciones_cupo_psp_pago_programado_group_group_jefe_o_lider,TRUE,recursos_psp.group_jefe_o_lider.plan_anual_adquisiciones_cupo_psp_pago_programado,recursos_psp_idu.group_jefe_o_lider,recursos_psp_idu.model_plan_anual_adquisiciones_cupo_psp_pago_programado,1,1,1,0
access_plan_anual_adquisiciones_cupo_psp_pago_programado_group_asesor_psp,TRUE,recursos_psp.group_asesor_psp.plan_anual_adquisiciones_cupo_psp_pago_programado,recursos_psp_idu.group_asesor_psp,recursos_psp_idu.model_plan_anual_adquisiciones_cupo_psp_pago_programado,1,1,1,0
access_plan_anual_adquisiciones_cupo_psp_pago_programado_group_jefe_psp,TRUE,recursos_psp.group_jefe_psp.plan_anual_adquisiciones_cupo_psp_pago_programado,recursos_psp_idu.group_jefe_psp,recursos_psp_idu.model_plan_anual_adquisiciones_cupo_psp_pago_programado,0,1,1,0
access_hr_department_area_conocimiento_group_administrador,TRUE,recursos_psp.administrador.hr_department_area_conocimiento,recursos_psp_idu.group_administrador,recursos_psp_idu.model_hr_department_area_conocimiento,1,1,1,0
access_hr_department_area_conocimiento_group_analista,TRUE,recursos_psp.analista.hr_department_area_conocimiento,,recursos_psp_idu.model_hr_department_area_conocimiento,0,1,0,0
access_hr_department_area_conocimiento_group_asesor_psp,TRUE,recursos_psp.group_asesor_psp.hr_department_area_conocimiento,recursos_psp_idu.group_asesor_psp,recursos_psp_idu.model_hr_department_area_conocimiento,1,1,1,0
access_project_recurso_group_administrador,TRUE,recursos_psp.administrador.project_recurso,recursos_psp_idu.group_administrador,recursos_psp_idu.model_project_recurso,1,1,1,0
access_project_recurso_group_analista,TRUE,recursos_psp.analista.project_recurso,,recursos_psp_idu.model_project_recurso,0,1,0,0
access_project_recurso_group_asesor_psp,TRUE,recursos_psp.group_asesor_psp.project_recurso,recursos_psp_idu.group_asesor_psp,recursos_psp_idu.model_project_recurso,1,1,1,0
access_project_recurso_group_apoyo,TRUE,recursos_psp.apoyo.project_recurso,recursos_psp_idu.group_apoyo,recursos_psp_idu.model_project_recurso,1,1,1,0
access_project_recurso_group_group_jefe_o_lider,TRUE,recursos_psp.group_jefe_o_lider.project_recurso,recursos_psp_idu.group_jefe_o_lider,recursos_psp_idu.model_project_recurso,1,1,1,0
access_hr_department_grupo_funcional_group_administrador,TRUE,recursos_psp.administrador.hr_department_grupo_funcional,recursos_psp_idu.group_administrador,recursos_psp_idu.model_hr_department_grupo_funcional,1,1,1,0
access_hr_department_grupo_funcional_group_analista,TRUE,recursos_psp.analista.hr_department_grupo_funcional,,recursos_psp_idu.model_hr_department_grupo_funcional,0,1,0,0
access_hr_department_grupo_funcional_group_asesor_psp,TRUE,recursos_psp.group_asesor_psp.hr_department_grupo_funcional,recursos_psp_idu.group_asesor_psp,recursos_psp_idu.model_hr_department_grupo_funcional,1,1,1,0
access_hr_department_tema_group_administrador,TRUE,recursos_psp.administrador.hr_department_tema,recursos_psp_idu.group_administrador,recursos_psp_idu.model_hr_department_tema,1,1,1,0
access_hr_department_tema_group_analista,TRUE,recursos_psp.analista.hr_department_tema,,recursos_psp_idu.model_hr_department_tema,0,1,0,0
access_hr_department_tema_group_asesor_psp,TRUE,recursos_psp.group_asesor_psp.hr_department_tema,recursos_psp_idu.group_asesor_psp,recursos_psp_idu.model_hr_department_tema,1,1,1,0
access_hr_department_desempeno_group_administrador,TRUE,recursos_psp.administrador.hr_department_desempeno,recursos_psp_idu.group_administrador,recursos_psp_idu.model_hr_department_desempeno,1,1,1,0
access_hr_department_desempeno_group_analista,TRUE,recursos_psp.analista.hr_department_desempeno,,recursos_psp_idu.model_hr_department_desempeno,0,1,0,0
access_hr_department_desempeno_group_asesor_psp,TRUE,recursos_psp.group_asesor_psp.hr_department_desempeno,recursos_psp_idu.group_asesor_psp,recursos_psp_idu.model_hr_department_desempeno,1,1,1,0
access_hr_categoria_group_administrador,TRUE,recursos_psp.administrador.hr_categoria,recursos_psp_idu.group_administrador,recursos_psp_idu.model_hr_categoria,1,1,1,0
access_hr_categoria_group_analista,TRUE,recursos_psp.analista.hr_categoria,,recursos_psp_idu.model_hr_categoria,0,1,0,0
access_hr_categoria_group_asesor_psp,TRUE,recursos_psp.group_asesor_psp.hr_categoria,recursos_psp_idu.group_asesor_psp,recursos_psp_idu.model_hr_categoria,1,1,1,0
