<?xml version="1.0" encoding="utf-8"?>
<openerp>
<data>
    <!--
    =========================================================================
    Group Definition
    =============================================================================
    -->
    <record model="ir.module.category" id="category_cupos_psp_idu">
        <field name="name">Cupos PSP IDU</field>
        <field name="sequence">0</field>
        <field name="visible" eval="1" />
    </record>

    <record id="group_administrador" model="res.groups">
        <field name="name">Administrador</field>
        <field name="implied_ids"
            eval="[
                (4, ref('project.group_project_user'))
            ]"
        />
        <field name="users" eval="[(4,ref('base.user_root'))]"/>
        <field name="category_id" ref="recursos_psp_idu.category_cupos_psp_idu"/>
    </record>

    <record id="group_analista" model="res.groups">
        <field name="name">Analista</field>
        <field name="implied_ids"
            eval="[
                (4, ref('project.group_project_user'))
            ]"
        />
        <field name="category_id" ref="recursos_psp_idu.category_cupos_psp_idu"/>
    </record>

    <record id="group_apoyo" model="res.groups">
        <field name="name">Apoyo</field>
        <field name="implied_ids"
            eval="[
                (4, ref('project.group_project_user'))
            ]"
        />
        <field name="category_id" ref="recursos_psp_idu.category_cupos_psp_idu"/>
    </record>

    <record id="group_jefe_o_lider" model="res.groups">
        <field name="name">Jefe o líder</field>
        <field name="implied_ids"
            eval="[
                (4, ref('project.group_project_user'))
            ]"
        />
        <field name="category_id" ref="recursos_psp_idu.category_cupos_psp_idu"/>
    </record>

    <record id="group_asesor_psp" model="res.groups">
        <field name="name">Asesor PSP</field>
        <field name="implied_ids"
            eval="[
                (4, ref('project.group_project_user'))
            ]"
        />
        <field name="category_id" ref="recursos_psp_idu.category_cupos_psp_idu"/>
    </record>

    <record id="group_jefe_psp" model="res.groups">
        <field name="name">Jefe PSP</field>
        <field name="implied_ids"
            eval="[
                (4, ref('project.group_project_user'))
            ]"
        />
        <field name="category_id" ref="recursos_psp_idu.category_cupos_psp_idu"/>
    </record>

    <!--
    =========================================================================
    Domain Constraints
    =============================================================================
    -->

    <!-- group_usuario_apoyo-->
    <record id="plan_anual_rule_usuario_cupo_psp" model="ir.rule">
        <field name="name">Cupo PSP Apoyo</field>
        <field name="model_id" ref="recursos_psp_idu.model_plan_anual_adquisiciones_cupo_psp"/>
        <field name="domain_force">[('dependencia_id','=',user.department_id.id)]</field>
        <field name="groups" eval="[(4, ref('group_apoyo'))]"/>
    </record>

    <!-- group_jefe_o_lider-->
    <record id="plan_anual_rule_jefe_cupo_psp" model="ir.rule">
        <field name="name">Cupo PSP Jefe o líder</field>
        <field name="model_id" ref="recursos_psp_idu.model_plan_anual_adquisiciones_cupo_psp"/>
        <field name="domain_force">[('dependencia_id','=',user.department_id.id)]</field>
        <field name="groups" eval="[(4, ref('group_jefe_o_lider'))]"/>
    </record>

</data>
</openerp>
