<?xml version="1.0" encoding="utf-8"?>
<openerp>
<data>
    <record id="sgdu_informe_avance_workflow" model="workflow">
        <field name="name">project_obra.sgdu.informe_avance.workflow</field>
        <field name="osv">project_obra.sgdu.informe_avance</field>
        <field name="on_create">True</field>
    </record>
<!--
    ===================================================================================
    Activities
    ===================================================================================
-->

    <record id="sgdu_informe_avance_nuevo_act" model="workflow.activity">
        <field name="wkf_id" ref="sgdu_informe_avance_workflow"/>
        <field name="name">nuevo</field>
        <field name="kind">function</field>
        <field name="action">wkf_nuevo()</field>
        <field name="flow_start" eval="True"/>
    </record>

    <record id="sgdu_informe_avance_aprobado_act" model="workflow.activity">
        <field name="wkf_id" ref="sgdu_informe_avance_workflow"/>
        <field name="name">aprobado</field>
        <field name="kind">function</field>
        <field name="action">wkf_aprobado()</field>
    </record>

    <record id="sgdu_informe_avance_publicado_act" model="workflow.activity">
        <field name="wkf_id" ref="sgdu_informe_avance_workflow"/>
        <field name="name">publicado</field>
        <field name="kind">function</field>
        <field name="action">wkf_publicado()</field>
        <field name="flow_stop" eval="True"/>
    </record>

    <record id="sgdu_informe_avance_devuelto_act" model="workflow.activity">
        <field name="wkf_id" ref="sgdu_informe_avance_workflow"/>
        <field name="name">devuelto</field>
        <field name="kind">function</field>
        <field name="action">wkf_devuelto()</field>
    </record>

    <record id="sgdu_informe_avance_por_revisar_act" model="workflow.activity">
        <field name="wkf_id" ref="sgdu_informe_avance_workflow"/>
        <field name="name">por_revisar</field>
        <field name="kind">function</field>
        <field name="action">wkf_por_revisar()</field>
    </record>

    <!--
    ===================================================================================
    Transitions
    ===================================================================================
     -->

    <record id="sgdu_informe_avance_nuevo__por_revisar_transition" model="workflow.transition">
        <field name="act_from" ref="sgdu_informe_avance_nuevo_act"/>
        <field name="act_to" ref="sgdu_informe_avance_por_revisar_act"/>
        <field name="condition">True</field>
        <field name="group_id" ref="project_obra_seguimiento_sgdu.coordinador_tecnico"/>
        <field name="signal">wkf_nuevo__por_revisar</field></record>

    <record id="sgdu_informe_avance_por_revisar__devuelto_transition" model="workflow.transition">
        <field name="act_from" ref="sgdu_informe_avance_por_revisar_act"/>
        <field name="act_to" ref="sgdu_informe_avance_devuelto_act"/>
        <field name="condition">True</field>
        <field name="group_id" ref="project_obra_seguimiento_sgdu.aprueba_informes"/>
        <field name="signal">wkf_por_revisar__devuelto</field></record>

    <record id="sgdu_informe_avance_devuelto__por_revisar_transition" model="workflow.transition">
        <field name="act_from" ref="sgdu_informe_avance_devuelto_act"/>
        <field name="act_to" ref="sgdu_informe_avance_por_revisar_act"/>
        <field name="condition">True</field>
        <field name="group_id" ref="project_obra_seguimiento_sgdu.coordinador_tecnico"/>
        <field name="signal">wkf_devuelto__por_revisar</field></record>

    <record id="sgdu_informe_avance_por_revisar__aprobado_transition" model="workflow.transition">
        <field name="act_from" ref="sgdu_informe_avance_por_revisar_act"/>
        <field name="act_to" ref="sgdu_informe_avance_aprobado_act"/>
        <field name="condition">True</field>
        <field name="group_id" ref="project_obra_seguimiento_sgdu.aprueba_informes"/>
        <field name="signal">wkf_por_revisar__aprobado</field></record>

    <record id="sgdu_informe_avance_aprobado__publicado_transition" model="workflow.transition">
        <field name="act_from" ref="sgdu_informe_avance_aprobado_act"/>
        <field name="act_to" ref="sgdu_informe_avance_publicado_act"/>
        <field name="condition">True</field></record>

    <record id="sgdu_informe_avance_nuevo__publicado_transition" model="workflow.transition">
        <field name="act_from" ref="sgdu_informe_avance_nuevo_act"/>
        <field name="act_to" ref="sgdu_informe_avance_publicado_act"/>
        <field name="condition">True</field>
        <field name="signal">wkf_nuevo__publicado</field></record>

</data>
</openerp>