id,name,codigo_siac,dependencia_id/id,grupo_funcional_id/id
hr_department_tema_1,Tema 1,1,base_idu.hr_department_1,hr_department_grupo_funcional_1
hr_department_tema_2,Tema 2,2,base_idu.hr_department_19,hr_department_grupo_funcional_2
hr_department_tema_3,Tema 3,3,base_idu.hr_department_20,hr_department_grupo_funcional_1
hr_department_tema_4,Tema 4,4,base_idu.hr_department_2,hr_department_grupo_funcional_5
hr_department_tema_5,Tema 5,5,base_idu.hr_department_18,hr_department_grupo_funcional_2
hr_department_tema_6,Tema 6,6,base_idu.hr_department_1,hr_department_grupo_funcional_4
hr_department_tema_7,Tema 7,7,base_idu.hr_department_19,hr_department_grupo_funcional_2
hr_department_tema_8,Tema 8,8,base_idu.hr_department_20,hr_department_grupo_funcional_5
