id,name,codigo_siac
hr_department_area_conocimiento_0,"ECONOMIA, ADMINISTRACION, CONTADURIA Y AFINES",1
hr_department_area_conocimiento_1,MATEMATICAS Y CIENCIAS NATURALES,2
hr_department_area_conocimiento_2,"INGENIERIA, ARQUITECTURA, URBANISMO Y AFINES",3
hr_department_area_conocimiento_3,CIENCIAS DE LA EDUCACION,4
hr_department_area_conocimiento_4,CIENCIAS SOCIALES Y HUMANAS,5
hr_department_area_conocimiento_5,CIENCIAS DE LA SALUD,6
hr_department_area_conocimiento_6,BELLAS ARTES,7
hr_department_area_conocimiento_7,AGRONOMIA VETERINARIA Y AFINES,8
