<?xml version="1.0" encoding="utf-8"?>
<openerp>
<data>
<!-- 
=========================================================================
 Groups Definition
=========================================================================
-->

    <record model="ir.module.category" id="module_management">
        <field name="name">ZIPA: Tableros de Control</field>
        <field name="sequence">0</field>
        <field name="visible" eval="1" />
    </record>

    <record id="administrador" model="res.groups">
        <field name="name">Administrador Tableros de control</field>
        <field name="category_id" ref="website_project_report_metabase.module_management"/>        
    </record>
</data>
</openerp>