<?xml version="1.0"?>
<openerp>

<data >
    <!-- Plantilla para la notificacion de mensajes de vencimiento de novedades -->
    <record id="plantilla_vencimiento_novedades" model="mail.template">
        <field name="name">Notificación de vencimiento de novedad</field>
        <field name="subject">(ZIPA) Notificación de Vencimiento de Novedad: ${object.id}</field>
        <field name="email_from">Notificación ZIPA&lt;adminerp@idu.gov.co&gt;</field>
        <field name="email_to">${object.user_id.email}</field>
        <field name="lang">${object.user_id and object.user_id.lang or ''}</field>
        <field name="model_id" ref="project_problemas_idu.model_project_problema"/>
        <field name="user_signature" eval="0"/>
        <field name="body_html"><![CDATA[<h1>VENCIMIENTO NOVEDADES</h1>
        <p>
            La siguiente Novedad que se encuentra bajo su responsabilidad se encuentra vencida:
        </p>
        <ul>
          % if object.project_id:
              <li>PROYECTO: ${object.project_id.name}</li>
          % endif

		  <li>No. NOVEDAD: ${object.id}</li>
          <li>NOVEDAD: ${object.descripcion or 'No hay descripción disponible de la Novedad'}</li>
		  <li>FECHA DE VENCIMIENTO: ${object.fecha_maxima_solucion}</li>
		  % if ctx.get('datos'):
              <li>DIAS DE ATRASO: ${ctx['datos']['dias_restantes']} </p>
          % endif
		  </li>
	       </ul>
			<p>
			  El IDU agradece su gestión para el cierre oportuno de la Novedad.
			</p>
			<p>
	          % if ctx.get('boton'):
	                <a href="${ctx['boton']['url']}" style="-webkit-user-select: none; padding: 5px 10px; font-size: 12px; line-height: 18px; color: #FFFFFF; border-color:#a24689; text-decoration: none; display: inline-block; margin-bottom: 0px; font-weight: 400; text-align: center; vertical-align: middle; cursor: pointer; white-space: nowrap; background-image: none; background-color: #a24689; border: 1px solid #a24689; border-radius:3px" class="o_default_snippet_text">${ctx['boton']['titulo']}</a>
	          % endif
	        </p>
	        <p>
	            <strong>Nota:</strong>
	            Este mensaje ha sido enviado automáticamente por el Sistema de Gestión Integral de Proyectos ZIPA. Por favor no lo responda,
	            ya que el buzón de correo no es monitoreado.
	        </p>
                ]]></field>
    </record>

    <!-- Plantilla para la notificacion de mensajes de vencimiento de tareas -->
    <record id="plantilla_vencimiento_tareas" model="mail.template">
        <field name="name">Notificación de vencimiento de tareas</field>
        <field name="subject">(ZIPA) Notificación de Vencimiento de Tarea: ${object.numero}</field>
        <field name="email_from">Notificación ZIPA&lt;adminerp@idu.gov.co&gt;</field>
        <field name="email_to">${object.user_id.email}, ${object.problema_id.user_id.email}</field>
        <field name="lang">${object.user_id and object.user_id.lang or ''}</field>
        <field name="model_id" ref="project_problemas_idu.model_project_task"/>
        <field name="user_signature" eval="0"/>
        <field name="body_html"><![CDATA[<h1> VENCIMIENTO TAREAS
            </h1>
            <p>
                La siguiente Tarea que se encuentra bajo su responsabilidad se encuentra vencida:
            </p>
            <ul>
              % if object.problema_id.proyecto_id:
                  <li>PROYECTO: ${object.problema_id.proyecto_id.name}</li>
              % endif
                  <li>NOVEDAD: ${object.problema_id.descripcion or 'No hay descripción disponible de la Novedad'}</li>

	          <li>No. TAREA: ${object.id}</li>
	          <li>TAREA: ${object.name}</li>
	          <li>FECHA DE VENCIMIENTO: ${object.fecha_fin}</li>
	          % if ctx.get('datos'):
	              <li>DIAS DE ATRASO: ${ctx['datos']['dias_atraso']} </p>
	          % endif
             </li>
           </ul>
           <p>
            El IDU agradece su gestión para el cierre oportuno de la Tarea.
           </p>
           <p>
                % if ctx.get('boton'):
                    <a href="${ctx['boton']['url']}" style="-webkit-user-select: none; padding: 5px 10px; font-size: 12px; line-height: 18px; color: #FFFFFF; border-color:#a24689; text-decoration: none; display: inline-block; margin-bottom: 0px; font-weight: 400; text-align: center; vertical-align: middle; cursor: pointer; white-space: nowrap; background-image: none; background-color: #a24689; border: 1px solid #a24689; border-radius:3px" class="o_default_snippet_text">${ctx['boton']['titulo']}</a>
                % endif
           </p>
           <p><strong>Nota:</strong>
	            Este mensaje ha sido enviado automáticamente por el Sistema de Gestión Integral de Proyectos ZIPA. Por favor no lo responda, 
	            ya que el buzón de correo no es monitoreado.
           </p>
                ]]></field>
    </record>

    <!-- Plantilla para la notificacion de asignacion de tareas -->
    <record id="plantilla_asignacion_tareas" model="mail.template">
        <field name="name">Notificación de asignación de tareas</field>
        <field name="subject">(ZIPA) Notificación de Asignación de Tarea: ${object.numero}</field>
        <field name="email_from">Notificación ZIPA&lt;adminerp@idu.gov.co&gt;</field>
        <field name="email_to">${object.user_id.email}</field>
        <field name="lang">${object.user_id and object.user_id.lang or ''}</field>
        <field name="model_id" ref="project_problemas_idu.model_project_task"/>
        <field name="user_signature" eval="0"/>
        <field name="body_html"><![CDATA[<h1> ASIGNACION TAREAS
        </h1>
            <p>
                Ud. ha sido asignado como responsable de la siguiente Tarea:
            </p>
            <ul>
            % if ctx.get('datos'):
                  <li>PROYECTO: ${ctx['datos']['proyecto']} </p>
              % endif
             </li>
              <li>NOVEDAD: ${object.problema_id.descripcion or 'No hay descripción disponible de la Novedad'}</li>
              <li>No. TAREA: ${object.id}</li>
              <li>TAREA: ${object.name}</li>
              <li>FECHA DE VENCIMIENTO: ${object.fecha_fin}</li>
           </ul>
           <p>
	           % if ctx.get('boton'):
	               <a href="${ctx['boton']['url']}" style="-webkit-user-select: none; padding: 5px 10px; font-size: 12px; line-height: 18px; color: #FFFFFF; border-color:#a24689; text-decoration: none; display: inline-block; margin-bottom: 0px; font-weight: 400; text-align: center; vertical-align: middle; cursor: pointer; white-space: nowrap; background-image: none; background-color: #a24689; border: 1px solid #a24689; border-radius:3px" class="o_default_snippet_text">${ctx['boton']['titulo']}</a>
	           % endif
           </p>
           <p><strong>Nota:</strong>
           Este mensaje ha sido enviado automáticamente por el Sistema de Gestión Integral de Proyectos ZIPA. Por favor no lo responda,
           ya que el buzón de correo no es monitoreado.
           </p>
                ]]></field>
    </record>

    <!-- Plantilla para la notificacion de asignacion de novedades -->
    <record id="plantilla_asignacion_novedades" model="mail.template">
        <field name="name">Notificación de asignación de novedades</field>
        <field name="subject">(ZIPA) Notificación de Asignación de Novedad: ${object.id}</field>
        <field name="email_from">Notificación ZIPA&lt;adminerp@idu.gov.co&gt;</field>
        <field name="email_to">${object.user_id.email}</field>
        <field name="lang">${object.user_id and object.user_id.lang or ''}</field>
        <field name="model_id" ref="project_problemas_idu.model_project_problema"/>
        <field name="user_signature" eval="0"/>
        <field name="body_html"><![CDATA[<h1> ASIGNACION NOVEDADES
        </h1>
            <p>
                Ud. ha sido asignado como responsable de la siguiente Novedad:
            </p>
            <ul>
              % if object.project_id:
                  <li>PROYECTO: ${object.project_id.name}</li>
              % endif

              <li>No. NOVEDAD: ${object.id}</li>
              <li>NOVEDAD: ${object.descripcion or 'No hay descripción disponible de la Novedad'}</li>
              <li>FECHA DE VENCIMIENTO: ${object.fecha_maxima_solucion}</li>
           </ul>
           <p>
               % if ctx.get('boton'):
                   <a href="${ctx['boton']['url']}" style="-webkit-user-select: none; padding: 5px 10px; font-size: 12px; line-height: 18px; color: #FFFFFF; border-color:#a24689; text-decoration: none; display: inline-block; margin-bottom: 0px; font-weight: 400; text-align: center; vertical-align: middle; cursor: pointer; white-space: nowrap; background-image: none; background-color: #a24689; border: 1px solid #a24689; border-radius:3px" class="o_default_snippet_text">${ctx['boton']['titulo']}</a>
               % endif
           </p>
           <p><strong>Nota:</strong>
           Este mensaje ha sido enviado automáticamente por el Sistema de Gestión Integral de Proyectos ZIPA.
           Por favor no lo responda, ya que el buzón de correo no es monitoreado.
           </p>
                ]]></field>
    </record>

</data>
</openerp>
