<?xml version="1.0"?>
<openerp>

    <data>
        <record id="notificacion_novedad_vencerse" model="ir.cron">
            <field name="name">Notificacion Novedad por Vencerse</field>
            <field name="active">True</field>
            <field name="interval_number">1</field>
            <field name="interval_type">days</field>
            <field name="numbercall">-1</field>
            <field name="model" eval="'project.problema'" />
            <field name="function" eval="'novedad_a_vencerse_cron'"/>
            <field name="args" eval="'(1,)'" />
        </record>
       <record id="notificacion_tarea_vencerse" model="ir.cron">
            <field name="name">Notificacion Tarea por Vencerse</field>
            <field name="active">True</field>
            <field name="interval_number">1</field>
            <field name="interval_type">days</field>
            <field name="numbercall">-1</field>
            <field name="model" eval="'project.task'" />
            <field name="function" eval="'acciones_a_vencerse_en_problema_cron'"/>
            <field name="args" eval="'(1,)'" />
        </record>
    </data>
</openerp>