<?xml version="1.0" encoding="utf-8"?>
<openerp>
<data>
    <record id="task_reporte_avance_workflow" model="workflow">
        <field name="name">project.task.reporte_avance.workflow</field>
        <field name="osv">project.task.reporte_avance</field>
        <field name="on_create">True</field>
    </record>
<!--
    ===================================================================================
    Activities
    ===================================================================================
-->

    <record id="task_reporte_avance_borrador_act" model="workflow.activity">
        <field name="wkf_id" ref="task_reporte_avance_workflow"/>
        <field name="name">borrador</field>
        <field name="kind">function</field>
        <field name="action">wkf_borrador()</field>
        <field name="flow_start" eval="True"/>
    </record>

    <record id="task_reporte_avance_terminado_act" model="workflow.activity">
        <field name="wkf_id" ref="task_reporte_avance_workflow"/>
        <field name="name">terminado</field>
        <field name="kind">function</field>
        <field name="action">wkf_terminado()</field>
        <field name="flow_stop" eval="True"/>
    </record>

    <record id="task_reporte_avance_por_revisar_act" model="workflow.activity">
        <field name="wkf_id" ref="task_reporte_avance_workflow"/>
        <field name="name">por_revisar</field>
        <field name="kind">function</field>
        <field name="action">wkf_por_revisar()</field>
    </record>

    <!--
    ===================================================================================
    Transitions
    ===================================================================================
     -->

    <record id="task_reporte_avance_borrador__por_revisar_transition" model="workflow.transition">
        <field name="act_from" ref="task_reporte_avance_borrador_act"/>
        <field name="act_to" ref="task_reporte_avance_por_revisar_act"/>
        <field name="condition">True</field>
        <field name="group_id" ref="project.group_project_user"/>
        <field name="signal">wkf_borrador__por_revisar</field></record>

    <record id="task_reporte_avance_por_revisar__terminado_transition" model="workflow.transition">
        <field name="act_from" ref="task_reporte_avance_por_revisar_act"/>
        <field name="act_to" ref="task_reporte_avance_terminado_act"/>
        <field name="condition">True</field>
        <field name="group_id" ref="project.group_project_user"/></record>

</data>
</openerp>