<?xml version="1.0" encoding="utf-8"?>
<openerp>
<data>
    <record id="solicitud_cambio_workflow" model="workflow">
        <field name="name">project.solicitud_cambio.workflow</field>
        <field name="osv">project.solicitud_cambio</field>
        <field name="on_create">True</field>
    </record>
<!--
    ===================================================================================
    Activities
    ===================================================================================
-->

    <record id="solicitud_cambio_nuevo_act" model="workflow.activity">
        <field name="wkf_id" ref="solicitud_cambio_workflow"/>
        <field name="name">nuevo</field>
        <field name="kind">function</field>
        <field name="action">wkf_nuevo()</field>
        <field name="flow_start" eval="True"/>
    </record>

    <record id="solicitud_cambio_aprobado_act" model="workflow.activity">
        <field name="wkf_id" ref="solicitud_cambio_workflow"/>
        <field name="name">aprobado</field>
        <field name="kind">function</field>
        <field name="action">wkf_aprobado()</field>
        <field name="flow_stop" eval="True"/>
    </record>

    <record id="solicitud_cambio_devuelto_act" model="workflow.activity">
        <field name="wkf_id" ref="solicitud_cambio_workflow"/>
        <field name="name">devuelto</field>
        <field name="kind">function</field>
        <field name="action">wkf_devuelto()</field>
    </record>

    <record id="solicitud_cambio_por_revisar_act" model="workflow.activity">
        <field name="wkf_id" ref="solicitud_cambio_workflow"/>
        <field name="name">por_revisar</field>
        <field name="kind">function</field>
        <field name="action">wkf_por_revisar()</field>
    </record>

    <!--
    ===================================================================================
    Transitions
    ===================================================================================
     -->

    <record id="solicitud_cambio_nuevo__por_revisar_transition" model="workflow.transition">
        <field name="act_from" ref="solicitud_cambio_nuevo_act"/>
        <field name="act_to" ref="solicitud_cambio_por_revisar_act"/>
        <field name="condition">True</field>
        <field name="signal">wkf_nuevo__por_revisar</field></record>

    <record id="solicitud_cambio_por_revisar__devuelto_transition" model="workflow.transition">
        <field name="act_from" ref="solicitud_cambio_por_revisar_act"/>
        <field name="act_to" ref="solicitud_cambio_devuelto_act"/>
        <field name="condition">True</field>
        <field name="group_id" ref="project.group_project_manager"/>
        <field name="signal">wkf_por_revisar__devuelto</field></record>

    <record id="solicitud_cambio_devuelto__por_revisar_transition" model="workflow.transition">
        <field name="act_from" ref="solicitud_cambio_devuelto_act"/>
        <field name="act_to" ref="solicitud_cambio_por_revisar_act"/>
        <field name="condition">True</field>
        <field name="signal">wkf_devuelto__por_revisar</field></record>

    <record id="solicitud_cambio_por_revisar__aprobado_transition" model="workflow.transition">
        <field name="act_from" ref="solicitud_cambio_por_revisar_act"/>
        <field name="act_to" ref="solicitud_cambio_aprobado_act"/>
        <field name="condition">True</field>
        <field name="group_id" ref="project.group_project_manager"/>
        <field name="signal">wkf_por_revisar__aprobado</field></record>

</data>
</openerp>