<?xml version="1.0"?>
<openerp>
<data>
    <!-- Plantilla para la solicitud de actualización de información del proyecto -->
    <record id="plantilla_solicitud_actualizacion_proyecto_iniciado" model="mail.template">
        <field name="name">Solicitud de actualización de información del Proyecto</field>
        <field name="subject">(ZIPA) Notificación del actualización del proyecto: ${object.id}</field>
        <field name="email_from">Notificación ZIPA&lt;adminerp@idu.gov.co&gt;</field>
        <field name="email_to">${ctx['datos']['coordinador_tecnico']}, ${ctx['datos']['revisor_tecnico']}</field>
        <field name="lang">${object.user_id and object.user_id.lang or ''}</field>
        <field name="model_id" ref="project_obra_seguimiento_idu.model_project_obra_informe_cabecera"/>
        <field name="user_signature" eval="0"/>
        <field name="body_html"><![CDATA[<h1>Solicitud de Actualización de la Información del Proyecto</h1>
                % if ctx.get('datos'):
                <p>El proyecto: ${object.name}, con contrato numero: ${ctx['datos']['contrato_id']}, inicio el: ${ctx['datos']['fecha_inicio']} </p>
                                <p>El proyecto lleva: ${ctx['datos']['dias_retrazo']} dias sin presentar el informe</p>
                                <p>Le sugerimos, actualizar la información a la brevedad.</p>
                        % endif
                        <p><strong>Nota:</strong> Mensaje enviado automáticamente por el Sistema ZIPA - Gestión Proyectos.</p>
                ]]></field>
    </record>
    <!-- Plantilla para la solicitud de creación del informe semanal del proyecto -->
    <record id="plantilla_solicitud_creacion_informe_semanal" model="mail.template">
        <field name="name">Solicitud de creación del informe semanal del Proyecto</field>
        <field name="subject">(ZIPA) Notificación de creación del informe semanal del proyecto: ${object.id}</field>
        <field name="email_from">Notificación ZIPA&lt;adminerp@idu.gov.co&gt;</field>
        <field name="email_to">${ctx['datos']['revisor_tecnico']},${ctx['datos']['coordinador_tecnico']}</field>
        <field name="lang">${object.user_id and object.user_id.lang or ''}</field>
        <field name="model_id" ref="project_obra_seguimiento_idu.model_project_obra_informe_cabecera"/>
        <field name="user_signature" eval="0"/>
        <field name="body_html"><![CDATA[<h1>Solicitud de creación del informe de corte semanal</h1>
            % if ctx.get('datos'):
                <p>El proyecto: ${ctx['datos']['proyecto']}, con contrato número: ${ctx['datos']['contrato_id']}, </p>
                <p>presentó informe de corte semanal por última vez el: ${ctx['datos']['fecha_maxima']} </p>
                <p>Le sugerimos, presentar el informe lo más pronto posible.</p>
            % endif
             <p><strong>Nota:</strong> Mensaje enviado automáticamente por el Sistema ZIPA - Gestión Proyectos.</p>
        ]]></field>
    </record>
    <!-- Plantilla para la solicitud de actualización del estado del informe del proyecto -->
    <record id="plantilla_solicitud_actualizacion_estado_informe" model="mail.template">
        <field name="name">Solicitud de actualizacion del estado del informe del Proyecto</field>
        <field name="subject">(ZIPA) Notificación de Atraso en Informes de Avance</field>
        <field name="email_from">Notificación ZIPA&lt;adminerp@idu.gov.co&gt;</field>
        <field name="email_to">${ctx['datos']['direcciones_tecnicos']}, ${ctx['datos']['direcciones_revisores']}, ${ctx['datos']['direcciones_apoyos']}</field>
        <field name="lang">${object.user_id and object.user_id.lang or ''}</field>
        <field name="model_id" ref="project_obra_seguimiento_idu.model_project_obra_informe_cabecera"/>
        <field name="user_signature" eval="0"/>
        <field name="body_html"><![CDATA[<h1>Atraso Informes de Avance</h1>
        % if ctx.get('datos'):
	        <p>
	            La fecha de corte del último Informe de Avance publicado del proyecto "${ctx['datos']['proyecto_nombre']}" es el ${ctx['datos']['fecha_corte']}.
	        </p>
	        <p>
	            Han transcurrido ${ctx['datos']['dias_transcurridos']} días desde esa fecha y ${ctx['datos']['dias_retraso']} días desde la fecha
	            establecida para publicar el siguiente informe.
	        </p>
	        <p>
	            Esta situación no permite que los interesados internos y externos tengan acceso a la información actualizada de los proyectos.
	        </p>
	        <p>
	            El IDU agradece su gestión para la publicación inmediata del informe atrasado.
	        </p>
        % endif
        <p>
           <strong>Nota:</strong>
         Este mensaje ha sido enviado automáticamente por el Sistema de Gestión Integral de Proyectos ZIPA. Por favor no lo responda,
         ya que el buzón de correo no es monitoreado.
        </p>
        ]]></field>
    </record>
    <!-- Plantilla para la notificación de diligenciamiento de contratos activos en ZIPA -->
    <record id="plantilla_notificacion_diligenciamiento_contrato_activo" model="mail.template">
        <field name="name">Notificacion de diligenciamiento del contrato activo</field>
        <field name="subject">(ZIPA) Notificación de Estado de Publicación de Informes de Avance</field>
        <field name="email_from">Notificación ZIPA&lt;adminerp@idu.gov.co&gt;</field>
        <field name="email_to">${ctx['datos']['direccion']}</field>
        <field name="lang">${object.user_id and object.user_id.lang or ''}</field>
        <field name="model_id" ref="project_obra_seguimiento_idu.model_project_obra_informe_cabecera"/>
        <field name="user_signature" eval="0"/>
        <field name="body_html"><![CDATA[<h1>ESTADO PUBLICACION INFORMES DE AVANCE</h1>
        <p>
        Uno de los objetivos fundamentales de la actual administración del IDU es garantizar el acceso a la
        información actualizada de los proyectos por parte de los interesados internos y externos.
        </p>
        <p>
        El archivo adjunto incluye las fechas de publicación de los últimos Informes de Avance de todos los proyectos en ejecución.
        </p>
        <p>
        El IDU agradece su gestión para asegurar la publicación oportuna de los Informes de Avance de los proyectos que se encuentran bajo la responsabilidad de su área.
        </p>
        <p><strong>Nota:</strong>
        Este mensaje ha sido enviado automáticamente por el Sistema de Gestión Integral de Proyectos ZIPA.
        Por favor no lo responda, ya que el buzón de correo no es monitoreado.
        </p>
        ]]></field>
    </record>
    <!-- Plantilla para la notificación de diligenciamiento de contratos activos en ZIPA -->
    <record id="plantilla_notificacion_historico_informes" model="mail.template">
        <field name="name">Notificación con histórico de informes publicados</field>
        <field name="subject">(ZIPA) Notificación de histórico de informes publicados</field>
        <field name="email_from">Notificación ZIPA&lt;adminerp@idu.gov.co&gt;</field>
        <field name="email_to">${ctx['datos']['direccion']}</field>
        <field name="lang">${object.user_id and object.user_id.lang or ''}</field>
        <field name="model_id" ref="project_obra_seguimiento_idu.model_project_obra_informe_cabecera"/>
        <field name="user_signature" eval="0"/>
        <field name="body_html"><![CDATA[<h1>HISTÓRICO PUBLICACIÓN INFORMES DE AVANCE</h1>
        <p>
            En el archivo adjunto se encuentra el listado de los informes publicados y el mes al que corresponden, para analizar esta información requiere crear una <a href="https://support.office.com/es-es/article/crear-una-tabla-din%C3%A1mica-para-analizar-datos-de-una-hoja-de-c%C3%A1lculo-a9a84538-bfe9-40a9-a8e9-f99134456576">tabla dinámica en Excel</a>
        </p>
        <p><strong>Nota:</strong>
        Este mensaje ha sido enviado automáticamente por el Sistema de Gestión Integral de Proyectos ZIPA.
        Por favor no lo responda, ya que el buzón de correo no es monitoreado.
        </p>
        ]]></field>
    </record>
    <!-- Plantilla para la notificacion de creación del informe semanal del proyecto que no tiene asociado un contrato -->
    <record id="tmpl_notificacion_creacion_informe_semanal_no_asociado_contrato" model="mail.template">
        <field name="name">Solicitud de creación del informe semanal del Proyecto</field>
        <field name="subject">(ZIPA) Notificación de creación del informe semanal del proyecto: ${object.id}</field>
        <field name="email_from">Notificación ZIPA&lt;adminerp@idu.gov.co&gt;</field>
        <field name="email_to">${ctx['datos']['revisor_tecnico']},${ctx['datos']['responsable']}</field>
        <field name="lang">${object.user_id and object.user_id.lang or ''}</field>
        <field name="model_id" ref="project_obra_seguimiento_idu.model_project_obra_informe_cabecera"/>
        <field name="user_signature" eval="0"/>
        <field name="body_html"><![CDATA[<h1>Solicitud de creación del informe de corte semanal</h1>
            % if ctx.get('datos'):
                <p>El proyecto: ${ctx['datos']['proyecto']} presentó informe de corte semanal por última vez el: ${ctx['datos']['fecha_maxima']} </p>
                <p>Le sugerimos, presentar el informe lo más pronto posible.</p>
            % endif
             <p><strong>Nota:</strong> Mensaje enviado automáticamente por el Sistema ZIPA - Gestión Proyectos.</p>
        ]]></field>
    </record>
</data>
</openerp>
