<?xml version="1.0"?>
<openerp>
    <data noupdate="1"><!-- Se coloca no update para evitar que cambios hechos en la BD de prod se cambien por actualizaciones en el codigo -->
        <record id="notificacion_estado_proyecto_contrato_activo" model="ir.cron">
            <field name="name">Notificacion Estado de Diligenciamiento Contratos Activos</field>
            <field name="active">False</field>
            <field name="interval_number">1</field>
            <field name="interval_type">days</field>
            <field name="numbercall">-1</field>
            <field name="model" eval="'project_obra.informe_cabecera'" />
            <field name="function" eval="'notificar_estado_proyecto_contrato_activo_cron'"/>
            <field name="args" eval="'(1,)'" />
        </record>
       <record id="notificacion_estado_informe_semana_corte" model="ir.cron">
            <field name="name">Notificacion Estado del Informe de la Semana de Corte</field>
            <field name="active">False</field>
            <field name="interval_number">1</field>
            <field name="interval_type">weeks</field>
            <field name="numbercall">-1</field>
            <field name="model" eval="'project_obra.informe_cabecera'" />
            <field name="function" eval="'notificar_estado_informe_semana_corte_cron'"/>
            <field name="args" eval="'(1,)'" />
        </record>
        <record id="notificacion_informe_sin_cambio_estado" model="ir.cron">
            <field name="name">Notificacion Estado del Informe sin Cambios por mucho tiempo</field>
            <field name="active">True</field>
            <field name="interval_number">1</field>
            <field name="interval_type">days</field>
            <field name="numbercall">-1</field>
            <field name="model" eval="'project_obra.informe_cabecera'" />
            <field name="function" eval="'notificar_informe_sin_cambio_estado_cron'"/>
            <field name="args" eval="'(1,)'" />
        </record>
        <record id="notificacion_estado_diligenciamiento_contratos_activos" model="ir.cron">
            <field name="name">Informe del Estado de los contratos activos</field>
            <field name="active">True</field>
            <field name="interval_number">1</field>
            <field name="interval_type">weeks</field>
            <field name="numbercall">-1</field>
            <field name="model" eval="'project_obra.informe_cabecera'" />
            <field name="function" eval="'notificar_estado_diligenciamiento_contrato_activo_cron'"/>
            <field name="args" eval="(['STRT'],'adminerp@idu.gov.co',)" />
        </record>
        <record id="notificacion_historico_informes_cron" model="ir.cron">
            <field name="name">Informe del diligenciamiento histórico de informes</field>
            <field name="active">True</field>
            <field name="interval_number">1</field>
            <field name="interval_type">weeks</field>
            <field name="numbercall">-1</field>
            <field name="model" eval="'project_obra.informe_cabecera'" />
            <field name="function" eval="'historico_informes_por_mes_cron'"/>
        </record>
        <record id="notificacion_estado_informe_no_contrato_asociado_semana_corte" model="ir.cron">
            <field name="name">Notificacion del Estado del informe no asociado a contratos activos</field>
            <field name="active">False</field>
            <field name="interval_number">1</field>
            <field name="interval_type">weeks</field>
            <field name="numbercall">-1</field>
            <field name="model" eval="'project_obra.informe_cabecera'" />
            <field name="function" eval="'notificar_estado_informe_no_contrato_asociado_semana_corte_cron'"/>
            <field name="args" eval="'(1,)'" />
        </record>
    </data>
</openerp>
