<?xml version="1.0" encoding="utf-8"?>
<openerp>
<data>
    <record id="problema_workflow" model="workflow">
        <field name="name">project.problema.workflow</field>
        <field name="osv">project.problema</field>
        <field name="on_create">True</field>
    </record>
<!--
    ===================================================================================
    Activities
    ===================================================================================
-->

    <record id="problema_devuelto_act" model="workflow.activity">
        <field name="wkf_id" ref="problema_workflow"/>
        <field name="name">devuelto</field>
        <field name="kind">function</field>
        <field name="action">wkf_devuelto()</field>
    </record>

    <record id="problema_por_revisar_act" model="workflow.activity">
        <field name="wkf_id" ref="problema_workflow"/>
        <field name="name">por_revisar</field>
        <field name="kind">function</field>
        <field name="action">wkf_por_revisar()</field>
    </record>

    <record id="problema_cerrado_act" model="workflow.activity">
        <field name="wkf_id" ref="problema_workflow"/>
        <field name="name">cerrado</field>
        <field name="kind">function</field>
        <field name="action">wkf_cerrado()</field>
    </record>

    <record id="problema_nuevo_act" model="workflow.activity">
        <field name="wkf_id" ref="problema_workflow"/>
        <field name="name">nuevo</field>
        <field name="kind">function</field>
        <field name="action">wkf_nuevo()</field>
        <field name="flow_start" eval="False"/>
    </record>

    <record id="problema_en_progreso_act" model="workflow.activity">
        <field name="wkf_id" ref="problema_workflow"/>
        <field name="name">en_progreso</field>
        <field name="kind">function</field>
        <field name="action">wkf_en_progreso()</field>
    </record>

    <record id="problema_cancelado_act" model="workflow.activity">
        <field name="wkf_id" ref="problema_workflow"/>
        <field name="name">cancelado</field>
        <field name="kind">function</field>
        <field name="action">wkf_cancelado()</field>
        <field name="flow_stop" eval="True"/>
    </record>

    <record id="problema_abierto_act" model="workflow.activity">
        <field name="wkf_id" ref="problema_workflow"/>
        <field name="name">abierto</field>
        <field name="kind">function</field>
        <field name="action">wkf_abierto()</field>
    </record>

    <!--
    ===================================================================================
    Transitions
    ===================================================================================
     -->

    <record id="problema_nuevo__por_revisar_transition" model="workflow.transition">
        <field name="act_from" ref="problema_nuevo_act"/>
        <field name="act_to" ref="problema_por_revisar_act"/>
        <field name="condition">True</field>
        <field name="group_id" ref="project_problemas_idu.group_gestor"/>
        <field name="signal">wkf_nuevo__por_revisar</field></record>

    <record id="problema_por_revisar__devuelto_transition" model="workflow.transition">
        <field name="act_from" ref="problema_por_revisar_act"/>
        <field name="act_to" ref="problema_devuelto_act"/>
        <field name="condition">True</field>
        <field name="group_id" ref="project_problemas_idu.group_revisor_problemas"/>
        <field name="signal">wkf_por_revisar__devuelto</field></record>

    <record id="problema_devuelto__por_revisar_transition" model="workflow.transition">
        <field name="act_from" ref="problema_devuelto_act"/>
        <field name="act_to" ref="problema_por_revisar_act"/>
        <field name="condition">True</field>
        <field name="group_id" ref="project_problemas_idu.group_gestor"/>
        <field name="signal">wkf_devuelto__por_revisar</field></record>

    <record id="problema_por_revisar__abierto_transition" model="workflow.transition">
        <field name="act_from" ref="problema_por_revisar_act"/>
        <field name="act_to" ref="problema_abierto_act"/>
        <field name="condition">True</field>
        <field name="group_id" ref="project_problemas_idu.group_revisor_problemas"/>
        <field name="signal">wkf_por_revisar__abierto</field></record>

    <record id="problema_abierto__en_progreso_transition" model="workflow.transition">
        <field name="act_from" ref="problema_abierto_act"/>
        <field name="act_to" ref="problema_en_progreso_act"/>
        <field name="condition">True</field>
        <!--<field name="group_id" ref="project_problemas_idu.group_gestor"/>-->
        <field name="signal"></field></record>

    <record id="problema_en_progreso__cerrado_transition" model="workflow.transition">
        <field name="act_from" ref="problema_en_progreso_act"/>
        <field name="act_to" ref="problema_cerrado_act"/>
        <field name="condition">True</field>
        <field name="group_id" ref="project_problemas_idu.group_gestor"/>
        <field name="signal">wkf_en_progreso__cerrado</field></record>

    <record id="problema_abierto__cancelado_transition" model="workflow.transition">
        <field name="act_from" ref="problema_abierto_act"/>
        <field name="act_to" ref="problema_cancelado_act"/>
        <field name="condition">True</field>
        <field name="group_id" ref="project_problemas_idu.group_gestor"/>
        <field name="signal">wkf_abierto__cancelado</field></record>

    <record id="problema_abierto__cerrado_transition" model="workflow.transition">
        <field name="act_from" ref="problema_abierto_act"/>
        <field name="act_to" ref="problema_cerrado_act"/>
        <field name="condition">True</field>
        <field name="group_id" ref="project_problemas_idu.group_gestor"/>
        <field name="signal">wkf_abierto__cerrado</field></record>

</data>
</openerp>