id,active,name,group_id/id,model_id/id,perm_create,perm_read,perm_write,perm_unlink
problema_global,True,project.problema global,,project_problemas_idu.model_project_problema,0,1,0,0
problema_tipo_global,True,project.problema.tipo global,,project_problemas_idu.model_project_problema_tipo,0,1,0,0
project_global,True,project.project global,,project_problemas_idu.model_project_project,0,1,0,0
task_global,True,project.task global,,project_problemas_idu.model_project_task,0,1,0,0
gestion_global,True,project.gestion global,,project_problemas_idu.model_project_problema_gestion,0,1,0,0
problema_project_group_project_user,True,project.problema project.group_project_user,project.group_project_user,project_problemas_idu.model_project_problema,1,1,1,0
problema_tipo_project_group_project_user,True,project.problema.tipo project.group_project_user,project.group_project_user,project_problemas_idu.model_project_problema_tipo,0,1,0,0
problema_project_problemas_idu_group_gestor,True,project.problema project_problemas_idu.group_gestor,project_problemas_idu.group_gestor,project_problemas_idu.model_project_problema,1,1,1,0
problema_project_problemas_idu_group_revisor_problemas,True,project.problema project_problemas_idu.group_revisor_problemas,project_problemas_idu.group_revisor_problemas,project_problemas_idu.model_project_problema,0,1,1,0
problema_project_group_project_manager,True,project.problema project.group_project_manager,project.group_project_manager,project_problemas_idu.model_project_problema,1,1,1,1
problema_tipo_project_group_project_manager,True,project.problema.tipo project.group_project_manager,project.group_project_manager,project_problemas_idu.model_project_problema_tipo,1,1,1,1
problema_gestion_project_problemas_idu_group_gestor,True,problema_gestion_project_problemas_idu_group_gestor,project_problemas_idu.group_gestor,project_problemas_idu.model_project_problema_gestion,1,1,1,0
problema_gestion_project_problemas_idu_group_manager,True,problema_gestion_project_problemas_idu_group_manager,project.group_project_manager,project_problemas_idu.model_project_problema_gestion,1,1,1,1
