<?xml version="1.0" encoding="utf-8"?>
<openerp>
<data>
<!-- 
=========================================================================
 Groups Definition
=========================================================================
-->
    <record model="ir.module.category" id="category_project_problemas_idu">
        <field name="name">Gestión de Problemas y Compromisos en Proyectos IDU</field>
        <field name="sequence">0</field>
        <field name="visible" eval="1" />
    </record>
    <record id="group_gestor" model="res.groups">
        <field name="name">Gestor</field>
        <field name="category_id" ref="project_problemas_idu.category_project_problemas_idu"/>
        <field name="implied_ids"
            eval="[
                (4, ref('base.group_user')),
                (4, ref('project.group_project_user')),
            ]"
        />
    </record>
    <record id="group_revisor_problemas" model="res.groups">
        <field name="name">Revisor Problemas</field>
        <field name="category_id" ref="project_problemas_idu.category_project_problemas_idu"/>
        <field name="implied_ids"
            eval="[
                (4, ref('base.group_user')),
                (4, ref('project.group_project_user')),
            ]"
        />
    </record>
<!--
=============================================================================
 Domain Constraints
=============================================================================
-->
    <!-- Domain project.group_project_user -->
    <record id="problema_project_group_project_user_acl_create" model="ir.rule">
        <field name="name">project.group_project_user project.problema Create</field>
        <field name="model_id" ref="project_problemas_idu.model_project_problema"/>
        <field name="domain_force">[('user_id', '=', user.id)]</field>
        <field name="groups" eval="[(4, ref('project.group_project_user'))]"/>
        <field name="perm_read" eval="False"/>
        <field name="perm_create" eval="True"/>
        <field name="perm_write" eval="False"/>
        <field name="perm_unlink" eval="False"/>
    </record>
    <record id="problema_project_group_project_user_acl_write" model="ir.rule">
        <field name="name">project.group_project_user project.problema Write</field>
        <field name="model_id" ref="project_problemas_idu.model_project_problema"/>
        <field name="domain_force">[('user_id', '=', user.id)]</field>
        <field name="groups" eval="[(4, ref('project.group_project_user'))]"/>
        <field name="perm_read" eval="False"/>
        <field name="perm_create" eval="False"/>
        <field name="perm_write" eval="True"/>
        <field name="perm_unlink" eval="False"/>
    </record>
    <record id="problema_tipo_project_group_project_user_acl_create" model="ir.rule">
        <field name="name">project.group_project_user project.problema.tipo Create</field>
        <field name="model_id" ref="project_problemas_idu.model_project_problema_tipo"/>
        <field name="domain_force">[('parent_id','!=',False)]</field>
        <field name="groups" eval="[(4, ref('project.group_project_user'))]"/>
        <field name="perm_read" eval="False"/>
        <field name="perm_create" eval="True"/>
        <field name="perm_write" eval="False"/>
        <field name="perm_unlink" eval="False"/>
    </record>
    <record id="task_registro_progreso_project_group_project_user_acl_create" model="ir.rule">
        <field name="name">project.group_project_user project.task.registro_progreso Create</field>
        <field name="model_id" ref="project_edt_idu.model_project_task_registro_progreso"/>
        <field name="domain_force">[
'|',
  ('task_id.problema_id.user_id','=',user.id),
  ('task_id.problema_id.tipo_id.usuario_apoyo_ids','in', [user.id])
]</field>
        <field name="groups" eval="[(4, ref('project.group_project_user'))]"/>
        <field name="perm_read" eval="False"/>
        <field name="perm_create" eval="True"/>
        <field name="perm_write" eval="False"/>
        <field name="perm_unlink" eval="False"/>
    </record>
    <record id="task_registro_progreso_project_group_project_user_acl_write" model="ir.rule">
        <field name="name">project.group_project_user project.task.registro_progreso Write</field>
        <field name="model_id" ref="project_edt_idu.model_project_task_registro_progreso"/>
        <field name="domain_force">[
'|',
  ('task_id.problema_id.user_id','=',user.id),
  ('task_id.problema_id.tipo_id.usuario_apoyo_ids','in', [user.id])
]</field>
        <field name="groups" eval="[(4, ref('project.group_project_user'))]"/>
        <field name="perm_read" eval="False"/>
        <field name="perm_create" eval="False"/>
        <field name="perm_write" eval="True"/>
        <field name="perm_unlink" eval="False"/>
    </record>
    <record id="task_project_group_project_user_acl_create" model="ir.rule">
        <field name="name">project.group_project_user project.task Create</field>
        <field name="model_id" ref="project_problemas_idu.model_project_task"/>
        <field name="domain_force">['|',
  ('problema_id.user_id','=',user.id),
  ('problema_id.tipo_id.usuario_apoyo_ids','in', [user.id])
]</field>
        <field name="groups" eval="[(4, ref('project.group_project_user'))]"/>
        <field name="perm_read" eval="False"/>
        <field name="perm_create" eval="True"/>
        <field name="perm_write" eval="False"/>
        <field name="perm_unlink" eval="False"/>
    </record>
    <record id="task_project_group_project_user_acl_write" model="ir.rule">
        <field name="name">project.group_project_user project.task Write</field>
        <field name="model_id" ref="project_problemas_idu.model_project_task"/>
        <field name="domain_force">['|',
  ('problema_id.user_id','=',user.id),
  ('problema_id.tipo_id.usuario_apoyo_ids','in', [user.id])
]</field>
        <field name="groups" eval="[(4, ref('project.group_project_user'))]"/>
        <field name="perm_read" eval="False"/>
        <field name="perm_create" eval="False"/>
        <field name="perm_write" eval="True"/>
        <field name="perm_unlink" eval="False"/>
    </record>
    <!-- Domain project_problemas_idu.group_gestor -->
    <record id="problema_project_problemas_idu_group_gestor_acl_read" model="ir.rule">
        <field name="name">project_problemas_idu.group_gestor project.problema Read</field>
        <field name="model_id" ref="project_problemas_idu.model_project_problema"/>
        <field name="domain_force">[(1, '=', 1)]</field>
        <field name="groups" eval="[(4, ref('project_problemas_idu.group_gestor'))]"/>
        <field name="perm_read" eval="True"/>
        <field name="perm_create" eval="False"/>
        <field name="perm_write" eval="False"/>
        <field name="perm_unlink" eval="False"/>
    </record>
    <record id="problema_project_problemas_idu_group_gestor_acl_create" model="ir.rule">
        <field name="name">project_problemas_idu.group_gestor project.problema Create</field>
        <field name="model_id" ref="project_problemas_idu.model_project_problema"/>
        <field name="domain_force">[(1, '=', 1)]</field>
        <field name="groups" eval="[(4, ref('project_problemas_idu.group_gestor'))]"/>
        <field name="perm_read" eval="False"/>
        <field name="perm_create" eval="True"/>
        <field name="perm_write" eval="False"/>
        <field name="perm_unlink" eval="False"/>
    </record>
    <record id="problema_project_problemas_idu_group_gestor_acl_write" model="ir.rule">
        <field name="name">project_problemas_idu.group_gestor project.problema Write</field>
        <field name="model_id" ref="project_problemas_idu.model_project_problema"/>
        <field name="domain_force">[(1, '=', 1)]</field>
        <field name="groups" eval="[(4, ref('project_problemas_idu.group_gestor'))]"/>
        <field name="perm_read" eval="False"/>
        <field name="perm_create" eval="False"/>
        <field name="perm_write" eval="True"/>
        <field name="perm_unlink" eval="False"/>
    </record>
    <record id="task_project_problemas_idu_group_gestor_acl_create" model="ir.rule">
        <field name="name">project_problemas_idu.group_gestor project.task Create</field>
        <field name="model_id" ref="project_problemas_idu.model_project_task"/>
        <field name="domain_force">[
('problema_id','!=',False)
]</field>
        <field name="groups" eval="[(4, ref('project_problemas_idu.group_gestor'))]"/>
        <field name="perm_read" eval="False"/>
        <field name="perm_create" eval="True"/>
        <field name="perm_write" eval="False"/>
        <field name="perm_unlink" eval="False"/>
    </record>
    <record id="task_project_problemas_idu_group_gestor_acl_write" model="ir.rule">
        <field name="name">project_problemas_idu.group_gestor project.task Write</field>
        <field name="model_id" ref="project_problemas_idu.model_project_task"/>
        <field name="domain_force">[
('problema_id','!=',False)
]</field>
        <field name="groups" eval="[(4, ref('project_problemas_idu.group_gestor'))]"/>
        <field name="perm_read" eval="False"/>
        <field name="perm_create" eval="False"/>
        <field name="perm_write" eval="True"/>
        <field name="perm_unlink" eval="False"/>
    </record>
    <!-- Domain project.group_project_manager -->
    <record id="problema_project_group_project_manager_acl_read" model="ir.rule">
        <field name="name">project.group_project_manager project.problema Read</field>
        <field name="model_id" ref="project_problemas_idu.model_project_problema"/>
        <field name="domain_force">[(1, '=', 1)]</field>
        <field name="groups" eval="[(4, ref('project.group_project_manager'))]"/>
        <field name="perm_read" eval="True"/>
        <field name="perm_create" eval="False"/>
        <field name="perm_write" eval="False"/>
        <field name="perm_unlink" eval="False"/>
    </record>
    <record id="problema_project_group_project_manager_acl_create" model="ir.rule">
        <field name="name">project.group_project_manager project.problema Create</field>
        <field name="model_id" ref="project_problemas_idu.model_project_problema"/>
        <field name="domain_force">[(1, '=', 1)]</field>
        <field name="groups" eval="[(4, ref('project.group_project_manager'))]"/>
        <field name="perm_read" eval="False"/>
        <field name="perm_create" eval="True"/>
        <field name="perm_write" eval="False"/>
        <field name="perm_unlink" eval="False"/>
    </record>
    <record id="problema_project_group_project_manager_acl_write" model="ir.rule">
        <field name="name">project.group_project_manager project.problema Write</field>
        <field name="model_id" ref="project_problemas_idu.model_project_problema"/>
        <field name="domain_force">[(1, '=', 1)]</field>
        <field name="groups" eval="[(4, ref('project.group_project_manager'))]"/>
        <field name="perm_read" eval="False"/>
        <field name="perm_create" eval="False"/>
        <field name="perm_write" eval="True"/>
        <field name="perm_unlink" eval="False"/>
    </record>
    <record id="problema_project_group_project_manager_acl_delete" model="ir.rule">
        <field name="name">project.group_project_manager project.problema Delete</field>
        <field name="model_id" ref="project_problemas_idu.model_project_problema"/>
        <field name="domain_force">[(1, '=', 1)]</field>
        <field name="groups" eval="[(4, ref('project.group_project_manager'))]"/>
        <field name="perm_read" eval="False"/>
        <field name="perm_create" eval="False"/>
        <field name="perm_write" eval="False"/>
        <field name="perm_unlink" eval="True"/>
    </record>
    <record id="problema_tipo_project_group_project_manager_acl_read" model="ir.rule">
        <field name="name">project.group_project_manager project.problema.tipo Read</field>
        <field name="model_id" ref="project_problemas_idu.model_project_problema_tipo"/>
        <field name="domain_force">[(1, '=', 1)]</field>
        <field name="groups" eval="[(4, ref('project.group_project_manager'))]"/>
        <field name="perm_read" eval="True"/>
        <field name="perm_create" eval="False"/>
        <field name="perm_write" eval="False"/>
        <field name="perm_unlink" eval="False"/>
    </record>
    <record id="problema_tipo_project_group_project_manager_acl_create" model="ir.rule">
        <field name="name">project.group_project_manager project.problema.tipo Create</field>
        <field name="model_id" ref="project_problemas_idu.model_project_problema_tipo"/>
        <field name="domain_force">[(1, '=', 1)]</field>
        <field name="groups" eval="[(4, ref('project.group_project_manager'))]"/>
        <field name="perm_read" eval="False"/>
        <field name="perm_create" eval="True"/>
        <field name="perm_write" eval="False"/>
        <field name="perm_unlink" eval="False"/>
    </record>
    <record id="problema_tipo_project_group_project_manager_acl_write" model="ir.rule">
        <field name="name">project.group_project_manager project.problema.tipo Write</field>
        <field name="model_id" ref="project_problemas_idu.model_project_problema_tipo"/>
        <field name="domain_force">[(1, '=', 1)]</field>
        <field name="groups" eval="[(4, ref('project.group_project_manager'))]"/>
        <field name="perm_read" eval="False"/>
        <field name="perm_create" eval="False"/>
        <field name="perm_write" eval="True"/>
        <field name="perm_unlink" eval="False"/>
    </record>
    <record id="problema_tipo_project_group_project_manager_acl_delete" model="ir.rule">
        <field name="name">project.group_project_manager project.problema.tipo Delete</field>
        <field name="model_id" ref="project_problemas_idu.model_project_problema_tipo"/>
        <field name="domain_force">[(1, '=', 1)]</field>
        <field name="groups" eval="[(4, ref('project.group_project_manager'))]"/>
        <field name="perm_read" eval="False"/>
        <field name="perm_create" eval="False"/>
        <field name="perm_write" eval="False"/>
        <field name="perm_unlink" eval="True"/>
    </record>
    <record id="problema_project_problemas_idu_group_revisor_acl_write" model="ir.rule">
        <field name="name">project_problemas_idu.group_revisor_problemas project.problema Write</field>
        <field name="model_id" ref="project_problemas_idu.model_project_problema"/>
        <field name="domain_force">[(1, '=', 1)]</field>
        <field name="groups" eval="[(4, ref('project_problemas_idu.group_revisor_problemas'))]"/>
        <field name="perm_read" eval="False"/>
        <field name="perm_create" eval="False"/>
        <field name="perm_write" eval="True"/>
        <field name="perm_unlink" eval="False"/>
    </record>
</data>
</openerp>