id,active,name,group_id/id,model_id/id,perm_create,perm_read,perm_write,perm_unlink
producto_global,True,liquidacion.producto global,,contrato_liquidacion_idu.model_liquidacion_producto,0,1,0,0
producto_pendiente_global,True,liquidacion.producto_pendiente global,,contrato_liquidacion_idu.model_liquidacion_pendiente,0,1,0,0
actividad_global,True,liquidacion.actividad global,,contrato_liquidacion_idu.model_liquidacion_actividad,0,1,0,0
producto_pendiente_global,True,liquidacion.producto.pendiente global,,contrato_liquidacion_idu.model_liquidacion_pendiente,0,1,0,0
actividad_base_group_user,True,liquidacion.actividad base.group_user,base.group_user,contrato_liquidacion_idu.model_liquidacion_actividad,0,1,0,0
producto_pendiente_base_group_user,True,liquidacion.producto.pendiente base.group_user,base.group_user,contrato_liquidacion_idu.model_liquidacion_pendiente,0,1,0,0
producto_base_group_user,True,liquidacion.producto base.group_user,base.group_user,contrato_liquidacion_idu.model_liquidacion_producto,0,1,0,0
actividad_project_group_project_manager,True,liquidacion.actividad project.group_project_manager,project.group_project_manager,contrato_liquidacion_idu.model_liquidacion_actividad,1,1,1,1
producto_pendiente_project_group_project_manager,True,liquidacion.producto.pendiente project.group_project_manager,project.group_project_manager,contrato_liquidacion_idu.model_liquidacion_pendiente,1,1,1,0
producto_project_group_project_manager,True,liquidacion.producto project.group_project_manager,project.group_project_manager,contrato_liquidacion_idu.model_liquidacion_producto,1,1,1,0
actividad_project_obra_seguimiento_idu_coordinador,True,liquidacion.actividad project_obra_seguimiento_idu.tecnico,project_obra_seguimiento_idu.tecnico,contrato_liquidacion_idu.model_liquidacion_actividad,1,1,1,0
producto_pendiente_project_obra_seguimiento_idu_tecnico,True,liquidacion.producto.pendiente project_obra_seguimiento_idu.tecnico,project_obra_seguimiento_idu.tecnico,contrato_liquidacion_idu.model_liquidacion_pendiente,0,1,0,0
producto_project_obra_seguimiento_idu_tecnico,True,liquidacion.producto project_obra_seguimiento_idu.tecnico,project_obra_seguimiento_idu.tecnico,contrato_liquidacion_idu.model_liquidacion_producto,0,1,0,0
contrato_base_seguimiento_coordinador_contrato,True,contrato.contrato project_obra_seguimiento_idu.tecnico,project_obra_seguimiento_idu.tecnico,contrato_idu.model_contrato_contrato,0,1,1,0
actividad_project_obra_seguimiento_idu_especialista,True,liquidacion.actividad project_obra_seguimiento_idu.especialista,project_obra_seguimiento_idu.especialista,contrato_liquidacion_idu.model_liquidacion_actividad,0,1,1,0
actividad_contrato_liquidacion_idu_abogado,True,liquidacion.actividad contrato_liquidacion_idu.abogado,contrato_liquidacion_idu.abogado,contrato_liquidacion_idu.model_liquidacion_actividad,1,1,1,0
producto_pendiente_contrato_liquidacion_idu_abogado,True,liquidacion.producto.pendiente contrato_liquidacion_idu.abogado,contrato_liquidacion_idu.abogado,contrato_liquidacion_idu.model_liquidacion_pendiente,0,1,0,0
producto_contrato_liquidacion_idu_abogado,True,liquidacion.producto contrato_liquidacion_idu.abogado,contrato_liquidacion_idu.abogado,contrato_liquidacion_idu.model_liquidacion_producto,0,1,0,0
actividad_contrato_liquidacion_idu_analista,True,liquidacion.actividad contrato_liquidacion_idu.analista,contrato_liquidacion_idu.analista,contrato_liquidacion_idu.model_liquidacion_actividad,0,1,0,0
producto_pendiente_contrato_liquidacion_idu_analista,True,liquidacion.producto.pendiente contrato_liquidacion_idu.analista,contrato_liquidacion_idu.analista,contrato_liquidacion_idu.model_liquidacion_pendiente,0,1,0,0
producto_contrato_liquidacion_idu_analista,True,liquidacion.producto contrato_liquidacion_idu.analista,contrato_liquidacion_idu.analista,contrato_liquidacion_idu.model_liquidacion_producto,0,1,0,0
