<?xml version="1.0" encoding="utf-8"?>
<openerp>
<data>
<!-- 
=========================================================================
 Groups Definition
=========================================================================
-->
    <record model="ir.module.category" id="category_contrato_liquidacion_idu">
        <field name="name">ZIPA: Contrato de Liquidacion IDU</field>
        <field name="sequence">0</field>
        <field name="visible" eval="1" />
    </record>
    <record id="abogado" model="res.groups">
        <field name="name">Abogado</field>
        <field name="category_id" ref="contrato_liquidacion_idu.category_contrato_liquidacion_idu"/>
        <field name="implied_ids"
            eval="[
                (4, ref('base.group_user')),
            ]"
        />
    </record>
    <record id="analista" model="res.groups">
        <field name="name">Analista</field>
        <field name="category_id" ref="contrato_liquidacion_idu.category_contrato_liquidacion_idu"/>
        <field name="implied_ids"
            eval="[
                (4, ref('base.group_user')),
            ]"
        />
    </record>
<!--
=============================================================================
 Domain Constraints
=============================================================================
-->
    <!-- Domain base.group_user -->
    <!-- Domain project.group_project_manager -->
    <!-- Domain project_obra_seguimiento_idu.tecnico -->
    <!-- Domain contrato_liquidacion_idu.abogado -->
</data>
</openerp>