id,plan_id/id,plan_linea_id/id,name,codigo,dependencia_id/id,grupo_funcional_id/id,tema_id/id,desempeno_id/id,categoria_id/id,plazo_ejecucion_dias,honorarios_mes,plazo_ejecucion_meses
cupo_psp_0,plan_0,plan_linea_0,Dolorem qui dicta unde harum dignissimos ut.,89614285,base_idu.hr_department_28,hr_department_grupo_funcional_3,hr_department_tema_3,hr_department_desempeno_1,hr_categoria_1,10,10000,0
cupo_psp_1,plan_0,plan_linea_1,Recusandae et excepturi voluptatibus voluptas laborum.,52986673,base_idu.hr_department_1,hr_department_grupo_funcional_1,hr_department_tema_1,hr_department_desempeno_2,hr_categoria_2,20,100000,1
cupo_psp_2,plan_0,plan_linea_2,Quae amet enim exercitationem consectetur qui.,62951876,base_idu.hr_department_28,hr_department_grupo_funcional_3,hr_department_tema_3,hr_department_desempeno_1,hr_categoria_3,30,1000000,1
cupo_psp_3,plan_0,plan_linea_3,Non quia natus placeat sunt.,81241652,base_idu.hr_department_28,hr_department_grupo_funcional_3,hr_department_tema_3,hr_department_desempeno_1,hr_categoria_1,40,20000,1
cupo_psp_4,plan_0,plan_linea_4,Excepturi rerum quisquam magni minus iure reiciendis ut.,38602063,base_idu.hr_department_1,hr_department_grupo_funcional_1,hr_department_tema_1,hr_department_desempeno_2,hr_categoria_2,50,2000000,2
cupo_psp_5,plan_0,plan_linea_5,Nesciunt vel sit accusamus dicta.,75114863,base_idu.hr_department_1,hr_department_grupo_funcional_1,hr_department_tema_1,hr_department_desempeno_2,hr_categoria_3,60,300000,2
cupo_psp_6,plan_0,plan_linea_6,Minima sit nisi dolorem ab recusandae.,14853233,base_idu.hr_department_28,hr_department_grupo_funcional_3,hr_department_tema_3,hr_department_desempeno_1,hr_categoria_1,70,4500000,2
cupo_psp_7,plan_0,plan_linea_7,Enim qui quibusdam voluptate sunt expedita labore.,53690946,base_idu.hr_department_1,hr_department_grupo_funcional_1,hr_department_tema_1,hr_department_desempeno_2,hr_categoria_2,80,4800000,3
cupo_psp_8,plan_0,plan_linea_8,Odio consectetur voluptatem consequatur exercitationem non asperiores harum.,2139760,base_idu.hr_department_28,hr_department_grupo_funcional_3,hr_department_tema_3,hr_department_desempeno_1,hr_categoria_3,90,540000,3
cupo_psp_9,plan_0,plan_linea_9,Et eos minima aspernatur quia voluptatem sed.,39317279,base_idu.hr_department_28,hr_department_grupo_funcional_3,hr_department_tema_3,hr_department_desempeno_1,hr_categoria_1,100,5840000,3
