id,active,name,group_id/id,model_id/id,perm_create,perm_read,perm_write,perm_unlink
proceso_global,True,sancionatorio.proceso global,,procesos_sancionatorios_idu.model_sancionatorio_proceso,0,1,0,0
apremio_global,True,sancionatorio.apremio global,,procesos_sancionatorios_idu.model_sancionatorio_apremio,0,1,0,0
informe_incumplimiento_global,True,sancionatorio.informe_incumplimiento global,,procesos_sancionatorios_idu.model_sancionatorio_informe_incumplimiento,0,1,0,0
mesas_trabajo_global,True,sancionatorio.mesas_trabajo global,,procesos_sancionatorios_idu.model_sancionatorio_mesas_trabajo,0,1,0,0
tareas_global,True,sancionatorio.tareas global,,procesos_sancionatorios_idu.model_sancionatorio_tareas,0,1,0,0
audiencias_global,True,sancionatorio.audiencias global,,procesos_sancionatorios_idu.model_sancionatorio_audiencias,0,1,0,0
fallos_global,True,sancionatorio.fallos global,,procesos_sancionatorios_idu.model_sancionatorio_fallos,0,1,0,0
citaciones_global,True,sancionatorio.citaciones global,,procesos_sancionatorios_idu.model_sancionatorio_citaciones,0,1,0,0
proceso_base_group_user,True,sancionatorio.proceso base.group_user,base.group_user,procesos_sancionatorios_idu.model_sancionatorio_proceso,0,1,0,0
fallos_procesos_sancionatorios_idu_admin,True,sancionatorio.fallos procesos_sancionatorios_idu.admin,procesos_sancionatorios_idu.admin,procesos_sancionatorios_idu.model_sancionatorio_fallos,1,1,1,1
mesas_trabajo_procesos_sancionatorios_idu_admin,True,sancionatorio.mesas_trabajo procesos_sancionatorios_idu.admin,procesos_sancionatorios_idu.admin,procesos_sancionatorios_idu.model_sancionatorio_mesas_trabajo,1,1,1,1
proceso_procesos_sancionatorios_idu_admin,True,sancionatorio.proceso procesos_sancionatorios_idu.admin,procesos_sancionatorios_idu.admin,procesos_sancionatorios_idu.model_sancionatorio_proceso,1,1,1,1
tareas_procesos_sancionatorios_idu_admin,True,sancionatorio.tareas procesos_sancionatorios_idu.admin,procesos_sancionatorios_idu.admin,procesos_sancionatorios_idu.model_sancionatorio_tareas,1,1,1,1
audiencias_procesos_sancionatorios_idu_admin,True,sancionatorio.audiencias procesos_sancionatorios_idu.admin,procesos_sancionatorios_idu.admin,procesos_sancionatorios_idu.model_sancionatorio_audiencias,1,1,1,1
informe_incumplimiento_procesos_sancionatorios_idu_admin,True,sancionatorio.informe_incumplimiento procesos_sancionatorios_idu.admin,procesos_sancionatorios_idu.admin,procesos_sancionatorios_idu.model_sancionatorio_informe_incumplimiento,1,1,1,1
apremio_procesos_sancionatorios_idu_admin,True,sancionatorio.apremio procesos_sancionatorios_idu.admin,procesos_sancionatorios_idu.admin,procesos_sancionatorios_idu.model_sancionatorio_apremio,1,1,1,1
fallos_procesos_sancionatorios_idu_supervisor,True,sancionatorio.fallos procesos_sancionatorios_idu.supervisor,procesos_sancionatorios_idu.supervisor,procesos_sancionatorios_idu.model_sancionatorio_fallos,1,1,1,0
mesas_trabajo_procesos_sancionatorios_idu_supervisor,True,sancionatorio.mesas_trabajo procesos_sancionatorios_idu.supervisor,procesos_sancionatorios_idu.supervisor,procesos_sancionatorios_idu.model_sancionatorio_mesas_trabajo,1,1,1,0
proceso_procesos_sancionatorios_idu_supervisor,True,sancionatorio.proceso procesos_sancionatorios_idu.supervisor,procesos_sancionatorios_idu.supervisor,procesos_sancionatorios_idu.model_sancionatorio_proceso,1,1,1,0
tareas_procesos_sancionatorios_idu_supervisor,True,sancionatorio.tareas procesos_sancionatorios_idu.supervisor,procesos_sancionatorios_idu.supervisor,procesos_sancionatorios_idu.model_sancionatorio_tareas,1,1,1,0
audiencias_procesos_sancionatorios_idu_supervisor,True,sancionatorio.audiencias procesos_sancionatorios_idu.supervisor,procesos_sancionatorios_idu.supervisor,procesos_sancionatorios_idu.model_sancionatorio_audiencias,1,1,1,0
informe_incumplimiento_procesos_sancionatorios_idu_supervisor,True,sancionatorio.informe_incumplimiento procesos_sancionatorios_idu.supervisor,procesos_sancionatorios_idu.supervisor,procesos_sancionatorios_idu.model_sancionatorio_informe_incumplimiento,1,1,1,0
apremio_procesos_sancionatorios_idu_supervisor,True,sancionatorio.apremio procesos_sancionatorios_idu.supervisor,procesos_sancionatorios_idu.supervisor,procesos_sancionatorios_idu.model_sancionatorio_apremio,1,1,1,0
fallos_procesos_sancionatorios_idu_abogado,True,sancionatorio.fallos procesos_sancionatorios_idu.abogado,procesos_sancionatorios_idu.abogado,procesos_sancionatorios_idu.model_sancionatorio_fallos,0,1,1,0
mesas_trabajo_procesos_sancionatorios_idu_abogado,True,sancionatorio.mesas_trabajo procesos_sancionatorios_idu.abogado,procesos_sancionatorios_idu.abogado,procesos_sancionatorios_idu.model_sancionatorio_mesas_trabajo,0,1,1,0
proceso_procesos_sancionatorios_idu_abogado,True,sancionatorio.proceso procesos_sancionatorios_idu.abogado,procesos_sancionatorios_idu.abogado,procesos_sancionatorios_idu.model_sancionatorio_proceso,0,1,1,0
tareas_procesos_sancionatorios_idu_abogado,True,sancionatorio.tareas procesos_sancionatorios_idu.abogado,procesos_sancionatorios_idu.abogado,procesos_sancionatorios_idu.model_sancionatorio_tareas,0,1,1,0
audiencias_procesos_sancionatorios_idu_abogado,True,sancionatorio.audiencias procesos_sancionatorios_idu.abogado,procesos_sancionatorios_idu.abogado,procesos_sancionatorios_idu.model_sancionatorio_audiencias,0,1,1,0
informe_incumplimiento_procesos_sancionatorios_idu_abogado,True,sancionatorio.informe_incumplimiento procesos_sancionatorios_idu.abogado,procesos_sancionatorios_idu.abogado,procesos_sancionatorios_idu.model_sancionatorio_informe_incumplimiento,0,1,1,0
apremio_procesos_sancionatorios_idu_abogado,True,sancionatorio.apremio procesos_sancionatorios_idu.abogado,procesos_sancionatorios_idu.abogado,procesos_sancionatorios_idu.model_sancionatorio_apremio,0,1,0,0
fallos_procesos_sancionatorios_idu_analista,True,sancionatorio.fallos procesos_sancionatorios_idu.analista,procesos_sancionatorios_idu.analista,procesos_sancionatorios_idu.model_sancionatorio_fallos,0,1,0,0
mesas_trabajo_procesos_sancionatorios_idu_analista,True,sancionatorio.mesas_trabajo procesos_sancionatorios_idu.analista,procesos_sancionatorios_idu.analista,procesos_sancionatorios_idu.model_sancionatorio_mesas_trabajo,0,1,0,0
proceso_procesos_sancionatorios_idu_analista,True,sancionatorio.proceso procesos_sancionatorios_idu.analista,procesos_sancionatorios_idu.analista,procesos_sancionatorios_idu.model_sancionatorio_proceso,0,1,0,0
tareas_procesos_sancionatorios_idu_analista,True,sancionatorio.tareas procesos_sancionatorios_idu.analista,procesos_sancionatorios_idu.analista,procesos_sancionatorios_idu.model_sancionatorio_tareas,0,1,0,0
audiencias_procesos_sancionatorios_idu_analista,True,sancionatorio.audiencias procesos_sancionatorios_idu.analista,procesos_sancionatorios_idu.analista,procesos_sancionatorios_idu.model_sancionatorio_audiencias,0,1,0,0
informe_incumplimiento_procesos_sancionatorios_idu_analista,True,sancionatorio.informe_incumplimiento procesos_sancionatorios_idu.analista,procesos_sancionatorios_idu.analista,procesos_sancionatorios_idu.model_sancionatorio_informe_incumplimiento,0,1,0,0
apremio_procesos_sancionatorios_idu_analista,True,sancionatorio.apremio procesos_sancionatorios_idu.analista,procesos_sancionatorios_idu.analista,procesos_sancionatorios_idu.model_sancionatorio_apremio,0,1,0,0
citaciones_procesos_sancionatorios_idu_admin,True,sancionatorio.citaciones procesos_sancionatorios_idu.admin,procesos_sancionatorios_idu.admin,procesos_sancionatorios_idu.model_sancionatorio_citaciones,1,1,1,1
citaciones_procesos_sancionatorios_idu_supervisor,True,sancionatorio.citaciones procesos_sancionatorios_idu.supervisor,procesos_sancionatorios_idu.supervisor,procesos_sancionatorios_idu.model_sancionatorio_citaciones,1,1,1,0
citaciones_procesos_sancionatorios_idu_abogado,True,sancionatorio.citaciones procesos_sancionatorios_idu.abogado,procesos_sancionatorios_idu.abogado,procesos_sancionatorios_idu.model_sancionatorio_citaciones,0,1,1,0
citaciones_procesos_sancionatorios_idu_analista,True,sancionatorio.citaciones procesos_sancionatorios_idu.analista,procesos_sancionatorios_idu.analista,procesos_sancionatorios_idu.model_sancionatorio_citaciones,0,1,0,0
