<?xml version="1.0" encoding="utf-8"?>
<openerp>
<data>
<!--
=========================================================================
 Groups Definition
=========================================================================
-->
    <record model="ir.module.category" id="category_procesos_sancionatorios_idu">
        <field name="name">Procesos Sancionatorios IDU</field>
        <field name="sequence">0</field>
        <field name="visible" eval="1" />
    </record>
    <record id="admin" model="res.groups">
        <field name="name">Admin</field>
        <field name="category_id" ref="procesos_sancionatorios_idu.category_procesos_sancionatorios_idu"/>
        <field name="implied_ids"
            eval="[
                (4, ref('base.group_user')),
            ]"
        />
    </record>
    <record id="supervisor" model="res.groups">
        <field name="name">Supervisor</field>
        <field name="category_id" ref="procesos_sancionatorios_idu.category_procesos_sancionatorios_idu"/>
        <field name="implied_ids"
            eval="[
                (4, ref('base.group_user')),
            ]"
        />
    </record>
    <record id="abogado" model="res.groups">
        <field name="name">Abogado</field>
        <field name="category_id" ref="procesos_sancionatorios_idu.category_procesos_sancionatorios_idu"/>
        <field name="implied_ids"
            eval="[
                (4, ref('base.group_user')),
            ]"
        />
    </record>
    <record id="analista" model="res.groups">
        <field name="name">Analista</field>
        <field name="category_id" ref="procesos_sancionatorios_idu.category_procesos_sancionatorios_idu"/>
        <field name="implied_ids"
            eval="[
                (4, ref('base.group_user')),
            ]"
        />
    </record>
<!--
=============================================================================
 Domain Constraints
=============================================================================
-->
    <!-- Domain base.group_user -->
    <!-- <record id="proceso_base_group_user_acl_read" model="ir.rule">
        <field name="name">base.group_user sancionatorio.proceso Read</field>
        <field name="model_id" ref="procesos_sancionatorios_idu.model_sancionatorio_proceso"/>
        <field name="domain_force">[('user_id','=', user.id)]</field>
        <field name="groups" eval="[(4, ref('base.group_user'))]"/>
        <field name="perm_read" eval="True"/>
        <field name="perm_create" eval="False"/>
        <field name="perm_write" eval="False"/>
        <field name="perm_unlink" eval="False"/>
    </record> -->
    <!-- Domain procesos_sancionatorios_idu.admin -->
    <record id="fallos_procesos_sancionatorios_idu_admin_acl_read" model="ir.rule">
        <field name="name">procesos_sancionatorios_idu.admin sancionatorio.fallos Read</field>
        <field name="model_id" ref="procesos_sancionatorios_idu.model_sancionatorio_fallos"/>
        <field name="domain_force">[(1, '=', 1)]</field>
        <field name="groups" eval="[(4, ref('procesos_sancionatorios_idu.admin'))]"/>
        <field name="perm_read" eval="True"/>
        <field name="perm_create" eval="False"/>
        <field name="perm_write" eval="False"/>
        <field name="perm_unlink" eval="False"/>
    </record>
    <record id="fallos_procesos_sancionatorios_idu_admin_acl_create" model="ir.rule">
        <field name="name">procesos_sancionatorios_idu.admin sancionatorio.fallos Create</field>
        <field name="model_id" ref="procesos_sancionatorios_idu.model_sancionatorio_fallos"/>
        <field name="domain_force">[(1, '=', 1)]</field>
        <field name="groups" eval="[(4, ref('procesos_sancionatorios_idu.admin'))]"/>
        <field name="perm_read" eval="False"/>
        <field name="perm_create" eval="True"/>
        <field name="perm_write" eval="False"/>
        <field name="perm_unlink" eval="False"/>
    </record>
    <record id="fallos_procesos_sancionatorios_idu_admin_acl_write" model="ir.rule">
        <field name="name">procesos_sancionatorios_idu.admin sancionatorio.fallos Write</field>
        <field name="model_id" ref="procesos_sancionatorios_idu.model_sancionatorio_fallos"/>
        <field name="domain_force">[(1, '=', 1)]</field>
        <field name="groups" eval="[(4, ref('procesos_sancionatorios_idu.admin'))]"/>
        <field name="perm_read" eval="False"/>
        <field name="perm_create" eval="False"/>
        <field name="perm_write" eval="True"/>
        <field name="perm_unlink" eval="False"/>
    </record>
    <record id="fallos_procesos_sancionatorios_idu_admin_acl_delete" model="ir.rule">
        <field name="name">procesos_sancionatorios_idu.admin sancionatorio.fallos Delete</field>
        <field name="model_id" ref="procesos_sancionatorios_idu.model_sancionatorio_fallos"/>
        <field name="domain_force">[(1, '=', 1)]</field>
        <field name="groups" eval="[(4, ref('procesos_sancionatorios_idu.admin'))]"/>
        <field name="perm_read" eval="False"/>
        <field name="perm_create" eval="False"/>
        <field name="perm_write" eval="False"/>
        <field name="perm_unlink" eval="True"/>
    </record>
    <record id="mesas_trabajo_procesos_sancionatorios_idu_admin_acl_read" model="ir.rule">
        <field name="name">procesos_sancionatorios_idu.admin sancionatorio.mesas_trabajo Read</field>
        <field name="model_id" ref="procesos_sancionatorios_idu.model_sancionatorio_mesas_trabajo"/>
        <field name="domain_force">[(1, '=', 1)]</field>
        <field name="groups" eval="[(4, ref('procesos_sancionatorios_idu.admin'))]"/>
        <field name="perm_read" eval="True"/>
        <field name="perm_create" eval="False"/>
        <field name="perm_write" eval="False"/>
        <field name="perm_unlink" eval="False"/>
    </record>
    <record id="mesas_trabajo_procesos_sancionatorios_idu_admin_acl_create" model="ir.rule">
        <field name="name">procesos_sancionatorios_idu.admin sancionatorio.mesas_trabajo Create</field>
        <field name="model_id" ref="procesos_sancionatorios_idu.model_sancionatorio_mesas_trabajo"/>
        <field name="domain_force">[(1, '=', 1)]</field>
        <field name="groups" eval="[(4, ref('procesos_sancionatorios_idu.admin'))]"/>
        <field name="perm_read" eval="False"/>
        <field name="perm_create" eval="True"/>
        <field name="perm_write" eval="False"/>
        <field name="perm_unlink" eval="False"/>
    </record>
    <record id="mesas_trabajo_procesos_sancionatorios_idu_admin_acl_write" model="ir.rule">
        <field name="name">procesos_sancionatorios_idu.admin sancionatorio.mesas_trabajo Write</field>
        <field name="model_id" ref="procesos_sancionatorios_idu.model_sancionatorio_mesas_trabajo"/>
        <field name="domain_force">[(1, '=', 1)]</field>
        <field name="groups" eval="[(4, ref('procesos_sancionatorios_idu.admin'))]"/>
        <field name="perm_read" eval="False"/>
        <field name="perm_create" eval="False"/>
        <field name="perm_write" eval="True"/>
        <field name="perm_unlink" eval="False"/>
    </record>
    <record id="mesas_trabajo_procesos_sancionatorios_idu_admin_acl_delete" model="ir.rule">
        <field name="name">procesos_sancionatorios_idu.admin sancionatorio.mesas_trabajo Delete</field>
        <field name="model_id" ref="procesos_sancionatorios_idu.model_sancionatorio_mesas_trabajo"/>
        <field name="domain_force">[(1, '=', 1)]</field>
        <field name="groups" eval="[(4, ref('procesos_sancionatorios_idu.admin'))]"/>
        <field name="perm_read" eval="False"/>
        <field name="perm_create" eval="False"/>
        <field name="perm_write" eval="False"/>
        <field name="perm_unlink" eval="True"/>
    </record>
    <record id="proceso_procesos_sancionatorios_idu_admin_acl_read" model="ir.rule">
        <field name="name">procesos_sancionatorios_idu.admin sancionatorio.proceso Read</field>
        <field name="model_id" ref="procesos_sancionatorios_idu.model_sancionatorio_proceso"/>
        <field name="domain_force">[(1, '=', 1)]</field>
        <field name="groups" eval="[(4, ref('procesos_sancionatorios_idu.admin'))]"/>
        <field name="perm_read" eval="True"/>
        <field name="perm_create" eval="False"/>
        <field name="perm_write" eval="False"/>
        <field name="perm_unlink" eval="False"/>
    </record>
    <record id="proceso_procesos_sancionatorios_idu_admin_acl_create" model="ir.rule">
        <field name="name">procesos_sancionatorios_idu.admin sancionatorio.proceso Create</field>
        <field name="model_id" ref="procesos_sancionatorios_idu.model_sancionatorio_proceso"/>
        <field name="domain_force">[(1, '=', 1)]</field>
        <field name="groups" eval="[(4, ref('procesos_sancionatorios_idu.admin'))]"/>
        <field name="perm_read" eval="False"/>
        <field name="perm_create" eval="True"/>
        <field name="perm_write" eval="False"/>
        <field name="perm_unlink" eval="False"/>
    </record>
    <record id="proceso_procesos_sancionatorios_idu_admin_acl_write" model="ir.rule">
        <field name="name">procesos_sancionatorios_idu.admin sancionatorio.proceso Write</field>
        <field name="model_id" ref="procesos_sancionatorios_idu.model_sancionatorio_proceso"/>
        <field name="domain_force">[(1, '=', 1)]</field>
        <field name="groups" eval="[(4, ref('procesos_sancionatorios_idu.admin'))]"/>
        <field name="perm_read" eval="False"/>
        <field name="perm_create" eval="False"/>
        <field name="perm_write" eval="True"/>
        <field name="perm_unlink" eval="False"/>
    </record>
    <record id="proceso_procesos_sancionatorios_idu_admin_acl_delete" model="ir.rule">
        <field name="name">procesos_sancionatorios_idu.admin sancionatorio.proceso Delete</field>
        <field name="model_id" ref="procesos_sancionatorios_idu.model_sancionatorio_proceso"/>
        <field name="domain_force">[(1, '=', 1)]</field>
        <field name="groups" eval="[(4, ref('procesos_sancionatorios_idu.admin'))]"/>
        <field name="perm_read" eval="False"/>
        <field name="perm_create" eval="False"/>
        <field name="perm_write" eval="False"/>
        <field name="perm_unlink" eval="True"/>
    </record>
    <record id="tareas_procesos_sancionatorios_idu_admin_acl_read" model="ir.rule">
        <field name="name">procesos_sancionatorios_idu.admin sancionatorio.tareas Read</field>
        <field name="model_id" ref="procesos_sancionatorios_idu.model_sancionatorio_tareas"/>
        <field name="domain_force">[(1, '=', 1)]</field>
        <field name="groups" eval="[(4, ref('procesos_sancionatorios_idu.admin'))]"/>
        <field name="perm_read" eval="True"/>
        <field name="perm_create" eval="False"/>
        <field name="perm_write" eval="False"/>
        <field name="perm_unlink" eval="False"/>
    </record>
    <record id="tareas_procesos_sancionatorios_idu_admin_acl_create" model="ir.rule">
        <field name="name">procesos_sancionatorios_idu.admin sancionatorio.tareas Create</field>
        <field name="model_id" ref="procesos_sancionatorios_idu.model_sancionatorio_tareas"/>
        <field name="domain_force">[(1, '=', 1)]</field>
        <field name="groups" eval="[(4, ref('procesos_sancionatorios_idu.admin'))]"/>
        <field name="perm_read" eval="False"/>
        <field name="perm_create" eval="True"/>
        <field name="perm_write" eval="False"/>
        <field name="perm_unlink" eval="False"/>
    </record>
    <record id="tareas_procesos_sancionatorios_idu_admin_acl_write" model="ir.rule">
        <field name="name">procesos_sancionatorios_idu.admin sancionatorio.tareas Write</field>
        <field name="model_id" ref="procesos_sancionatorios_idu.model_sancionatorio_tareas"/>
        <field name="domain_force">[(1, '=', 1)]</field>
        <field name="groups" eval="[(4, ref('procesos_sancionatorios_idu.admin'))]"/>
        <field name="perm_read" eval="False"/>
        <field name="perm_create" eval="False"/>
        <field name="perm_write" eval="True"/>
        <field name="perm_unlink" eval="False"/>
    </record>
    <record id="tareas_procesos_sancionatorios_idu_admin_acl_delete" model="ir.rule">
        <field name="name">procesos_sancionatorios_idu.admin sancionatorio.tareas Delete</field>
        <field name="model_id" ref="procesos_sancionatorios_idu.model_sancionatorio_tareas"/>
        <field name="domain_force">[(1, '=', 1)]</field>
        <field name="groups" eval="[(4, ref('procesos_sancionatorios_idu.admin'))]"/>
        <field name="perm_read" eval="False"/>
        <field name="perm_create" eval="False"/>
        <field name="perm_write" eval="False"/>
        <field name="perm_unlink" eval="True"/>
    </record>
    <record id="audiencias_procesos_sancionatorios_idu_admin_acl_read" model="ir.rule">
        <field name="name">procesos_sancionatorios_idu.admin sancionatorio.audiencias Read</field>
        <field name="model_id" ref="procesos_sancionatorios_idu.model_sancionatorio_audiencias"/>
        <field name="domain_force">[(1, '=', 1)]</field>
        <field name="groups" eval="[(4, ref('procesos_sancionatorios_idu.admin'))]"/>
        <field name="perm_read" eval="True"/>
        <field name="perm_create" eval="False"/>
        <field name="perm_write" eval="False"/>
        <field name="perm_unlink" eval="False"/>
    </record>
    <record id="audiencias_procesos_sancionatorios_idu_admin_acl_create" model="ir.rule">
        <field name="name">procesos_sancionatorios_idu.admin sancionatorio.audiencias Create</field>
        <field name="model_id" ref="procesos_sancionatorios_idu.model_sancionatorio_audiencias"/>
        <field name="domain_force">[(1, '=', 1)]</field>
        <field name="groups" eval="[(4, ref('procesos_sancionatorios_idu.admin'))]"/>
        <field name="perm_read" eval="False"/>
        <field name="perm_create" eval="True"/>
        <field name="perm_write" eval="False"/>
        <field name="perm_unlink" eval="False"/>
    </record>
    <record id="audiencias_procesos_sancionatorios_idu_admin_acl_write" model="ir.rule">
        <field name="name">procesos_sancionatorios_idu.admin sancionatorio.audiencias Write</field>
        <field name="model_id" ref="procesos_sancionatorios_idu.model_sancionatorio_audiencias"/>
        <field name="domain_force">[(1, '=', 1)]</field>
        <field name="groups" eval="[(4, ref('procesos_sancionatorios_idu.admin'))]"/>
        <field name="perm_read" eval="False"/>
        <field name="perm_create" eval="False"/>
        <field name="perm_write" eval="True"/>
        <field name="perm_unlink" eval="False"/>
    </record>
    <record id="audiencias_procesos_sancionatorios_idu_admin_acl_delete" model="ir.rule">
        <field name="name">procesos_sancionatorios_idu.admin sancionatorio.audiencias Delete</field>
        <field name="model_id" ref="procesos_sancionatorios_idu.model_sancionatorio_audiencias"/>
        <field name="domain_force">[(1, '=', 1)]</field>
        <field name="groups" eval="[(4, ref('procesos_sancionatorios_idu.admin'))]"/>
        <field name="perm_read" eval="False"/>
        <field name="perm_create" eval="False"/>
        <field name="perm_write" eval="False"/>
        <field name="perm_unlink" eval="True"/>
    </record>
    <record id="nforme_incumplimiento_procesos_sancionatorios_idu_admin_acl_read" model="ir.rule">
        <field name="name">procesos_sancionatorios_idu.admin sancionatorio.informe_incumplimiento Read</field>
        <field name="model_id" ref="procesos_sancionatorios_idu.model_sancionatorio_informe_incumplimiento"/>
        <field name="domain_force">[(1, '=', 1)]</field>
        <field name="groups" eval="[(4, ref('procesos_sancionatorios_idu.admin'))]"/>
        <field name="perm_read" eval="True"/>
        <field name="perm_create" eval="False"/>
        <field name="perm_write" eval="False"/>
        <field name="perm_unlink" eval="False"/>
    </record>
    <record id="orme_incumplimiento_procesos_sancionatorios_idu_admin_acl_create" model="ir.rule">
        <field name="name">procesos_sancionatorios_idu.admin sancionatorio.informe_incumplimiento Create</field>
        <field name="model_id" ref="procesos_sancionatorios_idu.model_sancionatorio_informe_incumplimiento"/>
        <field name="domain_force">[(1, '=', 1)]</field>
        <field name="groups" eval="[(4, ref('procesos_sancionatorios_idu.admin'))]"/>
        <field name="perm_read" eval="False"/>
        <field name="perm_create" eval="True"/>
        <field name="perm_write" eval="False"/>
        <field name="perm_unlink" eval="False"/>
    </record>
    <record id="forme_incumplimiento_procesos_sancionatorios_idu_admin_acl_write" model="ir.rule">
        <field name="name">procesos_sancionatorios_idu.admin sancionatorio.informe_incumplimiento Write</field>
        <field name="model_id" ref="procesos_sancionatorios_idu.model_sancionatorio_informe_incumplimiento"/>
        <field name="domain_force">[(1, '=', 1)]</field>
        <field name="groups" eval="[(4, ref('procesos_sancionatorios_idu.admin'))]"/>
        <field name="perm_read" eval="False"/>
        <field name="perm_create" eval="False"/>
        <field name="perm_write" eval="True"/>
        <field name="perm_unlink" eval="False"/>
    </record>
    <record id="orme_incumplimiento_procesos_sancionatorios_idu_admin_acl_delete" model="ir.rule">
        <field name="name">procesos_sancionatorios_idu.admin sancionatorio.informe_incumplimiento Delete</field>
        <field name="model_id" ref="procesos_sancionatorios_idu.model_sancionatorio_informe_incumplimiento"/>
        <field name="domain_force">[(1, '=', 1)]</field>
        <field name="groups" eval="[(4, ref('procesos_sancionatorios_idu.admin'))]"/>
        <field name="perm_read" eval="False"/>
        <field name="perm_create" eval="False"/>
        <field name="perm_write" eval="False"/>
        <field name="perm_unlink" eval="True"/>
    </record>
    <record id="apremio_procesos_sancionatorios_idu_admin_acl_read" model="ir.rule">
        <field name="name">procesos_sancionatorios_idu.admin sancionatorio.apremio Read</field>
        <field name="model_id" ref="procesos_sancionatorios_idu.model_sancionatorio_apremio"/>
        <field name="domain_force">[(1, '=', 1)]</field>
        <field name="groups" eval="[(4, ref('procesos_sancionatorios_idu.admin'))]"/>
        <field name="perm_read" eval="True"/>
        <field name="perm_create" eval="False"/>
        <field name="perm_write" eval="False"/>
        <field name="perm_unlink" eval="False"/>
    </record>
    <record id="apremio_procesos_sancionatorios_idu_admin_acl_create" model="ir.rule">
        <field name="name">procesos_sancionatorios_idu.admin sancionatorio.apremio Create</field>
        <field name="model_id" ref="procesos_sancionatorios_idu.model_sancionatorio_apremio"/>
        <field name="domain_force">[(1, '=', 1)]</field>
        <field name="groups" eval="[(4, ref('procesos_sancionatorios_idu.admin'))]"/>
        <field name="perm_read" eval="False"/>
        <field name="perm_create" eval="True"/>
        <field name="perm_write" eval="False"/>
        <field name="perm_unlink" eval="False"/>
    </record>
    <record id="apremio_procesos_sancionatorios_idu_admin_acl_write" model="ir.rule">
        <field name="name">procesos_sancionatorios_idu.admin sancionatorio.apremio Write</field>
        <field name="model_id" ref="procesos_sancionatorios_idu.model_sancionatorio_apremio"/>
        <field name="domain_force">[(1, '=', 1)]</field>
        <field name="groups" eval="[(4, ref('procesos_sancionatorios_idu.admin'))]"/>
        <field name="perm_read" eval="False"/>
        <field name="perm_create" eval="False"/>
        <field name="perm_write" eval="True"/>
        <field name="perm_unlink" eval="False"/>
    </record>
    <record id="apremio_procesos_sancionatorios_idu_admin_acl_delete" model="ir.rule">
        <field name="name">procesos_sancionatorios_idu.admin sancionatorio.apremio Delete</field>
        <field name="model_id" ref="procesos_sancionatorios_idu.model_sancionatorio_apremio"/>
        <field name="domain_force">[(1, '=', 1)]</field>
        <field name="groups" eval="[(4, ref('procesos_sancionatorios_idu.admin'))]"/>
        <field name="perm_read" eval="False"/>
        <field name="perm_create" eval="False"/>
        <field name="perm_write" eval="False"/>
        <field name="perm_unlink" eval="True"/>
    </record>
    <!-- Domain procesos_sancionatorios_idu.supervisor -->
    <record id="proceso_procesos_sancionatorios_idu_supervisor_acl_read" model="ir.rule">
        <field name="name">procesos_sancionatorios_idu.supervisor sancionatorio.proceso Read</field>
        <field name="model_id" ref="procesos_sancionatorios_idu.model_sancionatorio_proceso"/>
        <field name="domain_force">[('user_id', '=', user.id)]</field>
        <field name="groups" eval="[(4, ref('procesos_sancionatorios_idu.supervisor'))]"/>
        <field name="perm_read" eval="True"/>
        <field name="perm_create" eval="False"/>
        <field name="perm_write" eval="False"/>
        <field name="perm_unlink" eval="False"/>
    </record>
    <record id="proceso_procesos_sancionatorios_idu_supervisor_acl_create" model="ir.rule">
        <field name="name">procesos_sancionatorios_idu.supervisor sancionatorio.proceso Create</field>
        <field name="model_id" ref="procesos_sancionatorios_idu.model_sancionatorio_proceso"/>
        <field name="domain_force">[('user_id', '=', user.id)]</field>
        <field name="groups" eval="[(4, ref('procesos_sancionatorios_idu.supervisor'))]"/>
        <field name="perm_read" eval="False"/>
        <field name="perm_create" eval="True"/>
        <field name="perm_write" eval="False"/>
        <field name="perm_unlink" eval="False"/>
    </record>
    <record id="proceso_procesos_sancionatorios_idu_supervisor_acl_write" model="ir.rule">
        <field name="name">procesos_sancionatorios_idu.supervisor sancionatorio.proceso Write</field>
        <field name="model_id" ref="procesos_sancionatorios_idu.model_sancionatorio_proceso"/>
        <field name="domain_force">[('user_id', '=', user.id)]</field>
        <field name="groups" eval="[(4, ref('procesos_sancionatorios_idu.supervisor'))]"/>
        <field name="perm_read" eval="False"/>
        <field name="perm_create" eval="False"/>
        <field name="perm_write" eval="True"/>
        <field name="perm_unlink" eval="False"/>
    </record>
    <!-- Domain procesos_sancionatorios_idu.abogado -->
    <record id="proceso_procesos_sancionatorios_idu_abogado_acl_write" model="ir.rule">
        <field name="name">procesos_sancionatorios_idu.abogado sancionatorio.proceso Write</field>
        <field name="model_id" ref="procesos_sancionatorios_idu.model_sancionatorio_proceso"/>
        <field name="domain_force">[('informe_incumplimiento_ids.abogado_sustanciador_id.id', 'in', [user.id])]</field>
        <field name="groups" eval="[(4, ref('procesos_sancionatorios_idu.abogado'))]"/>
        <field name="perm_read" eval="False"/>
        <field name="perm_create" eval="False"/>
        <field name="perm_write" eval="True"/>
        <field name="perm_unlink" eval="False"/>
    </record>
    <record id="proceso_procesos_sancionatorios_idu_abogado_acl_read" model="ir.rule">
        <field name="name">procesos_sancionatorios_idu.abogado sancionatorio.proceso Read</field>
        <field name="model_id" ref="procesos_sancionatorios_idu.model_sancionatorio_proceso"/>
        <field name="domain_force">[('informe_incumplimiento_ids.abogado_sustanciador_id.id', 'in', [user.id])]</field>
        <field name="groups" eval="[(4, ref('procesos_sancionatorios_idu.abogado'))]"/>
        <field name="perm_read" eval="True"/>
        <field name="perm_create" eval="False"/>
        <field name="perm_write" eval="False"/>
        <field name="perm_unlink" eval="False"/>
    </record>
    <record id="orme_incumplimiento_procesos_sancionatorios_idu_abogado_acl_read" model="ir.rule">
        <field name="name">procesos_sancionatorios_idu.abogado sancionatorio.informe_incumplimiento Read</field>
        <field name="model_id" ref="procesos_sancionatorios_idu.model_sancionatorio_informe_incumplimiento"/>
        <field name="domain_force">[('abogado_sustanciador_id','=',user.id)]</field>
        <field name="groups" eval="[(4, ref('procesos_sancionatorios_idu.abogado'))]"/>
        <field name="perm_read" eval="True"/>
        <field name="perm_create" eval="False"/>
        <field name="perm_write" eval="False"/>
        <field name="perm_unlink" eval="False"/>
    </record>
    <record id="rme_incumplimiento_procesos_sancionatorios_idu_abogado_acl_write" model="ir.rule">
        <field name="name">procesos_sancionatorios_idu.abogado sancionatorio.informe_incumplimiento Write</field>
        <field name="model_id" ref="procesos_sancionatorios_idu.model_sancionatorio_informe_incumplimiento"/>
        <field name="domain_force">[('abogado_sustanciador_id','=',user.id)]</field>
        <field name="groups" eval="[(4, ref('procesos_sancionatorios_idu.abogado'))]"/>
        <field name="perm_read" eval="False"/>
        <field name="perm_create" eval="False"/>
        <field name="perm_write" eval="True"/>
        <field name="perm_unlink" eval="False"/>
    </record>
    <!-- Domain procesos_sancionatorios_idu.analista -->
</data>
</openerp>