<?xml version="1.0" encoding="utf-8"?>
<openerp>
<data>
    <record id="proyecto_workflow" model="workflow">
        <field name="name">urbanizadores.proyecto.workflow</field>
        <field name="osv">urbanizadores.proyecto</field>
        <field name="on_create">True</field>
    </record>
<!--
    ===================================================================================
    Activities
    ===================================================================================
-->

    <record id="proyecto_finalizado_act" model="workflow.activity">
        <field name="wkf_id" ref="proyecto_workflow"/>
        <field name="name">finalizado</field>
        <field name="kind">function</field>
        <field name="action">wkf_finalizado()</field>
    </record>

    <record id="proyecto_archivado_act" model="workflow.activity">
        <field name="wkf_id" ref="proyecto_workflow"/>
        <field name="name">archivado</field>
        <field name="kind">function</field>
        <field name="action">wkf_archivado()</field>
        <field name="flow_stop" eval="True"/>
    </record>

    <record id="proyecto_previo_act" model="workflow.activity">
        <field name="wkf_id" ref="proyecto_workflow"/>
        <field name="name">previo</field>
        <field name="kind">function</field>
        <field name="action">wkf_previo()</field>
        <field name="flow_start" eval="True"/>
    </record>

    <record id="proyecto_en_proceso_act" model="workflow.activity">
        <field name="wkf_id" ref="proyecto_workflow"/>
        <field name="name">en_proceso</field>
        <field name="kind">function</field>
        <field name="action">wkf_en_proceso()</field>
    </record>

    <record id="proyecto_suspendido_act" model="workflow.activity">
        <field name="wkf_id" ref="proyecto_workflow"/>
        <field name="name">suspendido</field>
        <field name="kind">function</field>
        <field name="action">wkf_suspendido()</field>
    </record>

    <!--
    ===================================================================================
    Transitions
    ===================================================================================
     -->

    <record id="proyecto_previo__en_proceso_transition" model="workflow.transition">
        <field name="act_from" ref="proyecto_previo_act"/>
        <field name="act_to" ref="proyecto_en_proceso_act"/>
        <field name="condition">True</field>
        <field name="signal">wkf_previo__en_proceso</field></record>

    <record id="proyecto_en_proceso__finalizado_transition" model="workflow.transition">
        <field name="act_from" ref="proyecto_en_proceso_act"/>
        <field name="act_to" ref="proyecto_finalizado_act"/>
        <field name="condition">True</field>
        <field name="signal">wkf_en_proceso__finalizado</field></record>

    <record id="proyecto_en_proceso__suspendido_transition" model="workflow.transition">
        <field name="act_from" ref="proyecto_en_proceso_act"/>
        <field name="act_to" ref="proyecto_suspendido_act"/>
        <field name="condition">True</field>
        <field name="signal">wkf_en_proceso__suspendido</field></record>

    <record id="proyecto_suspendido__en_proceso_transition" model="workflow.transition">
        <field name="act_from" ref="proyecto_suspendido_act"/>
        <field name="act_to" ref="proyecto_en_proceso_act"/>
        <field name="condition">True</field>
        <field name="signal">wkf_suspendido__en_proceso</field></record>

    <record id="proyecto_finalizado__archivado_transition" model="workflow.transition">
        <field name="act_from" ref="proyecto_finalizado_act"/>
        <field name="act_to" ref="proyecto_archivado_act"/>
        <field name="condition">True</field>
        <field name="signal">wkf_finalizado__archivado</field></record>

</data>
</openerp>