<?xml version="1.0" encoding="utf-8"?>
<openerp>
<data>
    <record id="proyecto_producto_workflow" model="workflow">
        <field name="name">urbanizadores.proyecto.producto.workflow</field>
        <field name="osv">urbanizadores.proyecto.producto</field>
        <field name="on_create">True</field>
    </record>
<!--
    ===================================================================================
    Activities
    ===================================================================================
-->
    <record id="proyecto_producto_sin_iniciar_act" model="workflow.activity">
        <field name="wkf_id" ref="proyecto_producto_workflow"/>
        <field name="name">sin_iniciar</field>
        <field name="kind">function</field>
        <field name="action">wkf_sin_iniciar()</field>
        <field name="flow_start" eval="True"/>
    </record>

    <record id="proyecto_producto_aceptado_act" model="workflow.activity">
        <field name="wkf_id" ref="proyecto_producto_workflow"/>
        <field name="name">aceptado</field>
        <field name="kind">function</field>
        <field name="action">wkf_aceptado()</field>
    </record>

    <record id="proyecto_producto_aceptado_condicionado_act" model="workflow.activity">
        <field name="wkf_id" ref="proyecto_producto_workflow"/>
        <field name="name">aceptado_condicionado</field>
        <field name="kind">function</field>
        <field name="action">wkf_aceptado_condicionado()</field>
    </record>

    <record id="proyecto_producto_entregado_act" model="workflow.activity">
        <field name="wkf_id" ref="proyecto_producto_workflow"/>
        <field name="name">En proceso (state: entregado)</field>
        <field name="kind">function</field>
        <field name="action">wkf_entregado()</field>
    </record>

    <record id="proyecto_producto_devuelto_act" model="workflow.activity">
        <field name="wkf_id" ref="proyecto_producto_workflow"/>
        <field name="name">devuelto</field>
        <field name="kind">function</field>
        <field name="action">wkf_devuelto()</field>
    </record>

    <record id="proyecto_producto_centro_documentacion_act" model="workflow.activity">
        <field name="wkf_id" ref="proyecto_producto_workflow"/>
        <field name="name">centro_documentacion</field>
        <field name="kind">function</field>
        <field name="action">wkf_centro_documentacion()</field>
        <field name="flow_stop" eval="True"/>
    </record>
    <!--
    ===================================================================================
    Transitions
    ===================================================================================
    -->

    <record id="proyecto_producto_sin_iniciar__entregado_transition" model="workflow.transition">
        <field name="act_from" ref="proyecto_producto_sin_iniciar_act"/>
        <field name="act_to" ref="proyecto_producto_entregado_act"/>
        <field name="condition">True</field>
        <field name="signal">wkf_sin_iniciar__entregado</field></record>

    <record id="proyecto_producto_entregado__aceptado_transition" model="workflow.transition">
        <field name="act_from" ref="proyecto_producto_entregado_act"/>
        <field name="act_to" ref="proyecto_producto_aceptado_act"/>
        <field name="condition">True</field>
        <field name="signal">wkf_entregado__aceptado</field></record>

    <record id="proyecto_producto_entregado__aceptado_condicionado_transition" model="workflow.transition">
        <field name="act_from" ref="proyecto_producto_entregado_act"/>
        <field name="act_to" ref="proyecto_producto_aceptado_condicionado_act"/>
        <field name="condition">True</field>
        <field name="signal">wkf_entregado__aceptado_condicionado</field></record>

    <record id="proyecto_producto_aceptado_condicionado__aceptado_transition" model="workflow.transition">
        <field name="act_from" ref="proyecto_producto_aceptado_condicionado_act"/>
        <field name="act_to" ref="proyecto_producto_aceptado_act"/>
        <field name="condition">True</field>
        <field name="signal">wkf_aceptado_condicionado__aceptado</field></record>

    <record id="proyecto_producto_aceptado_condicionado__entregado_transition" model="workflow.transition">
        <field name="act_from" ref="proyecto_producto_aceptado_condicionado_act"/>
        <field name="act_to" ref="proyecto_producto_entregado_act"/>
        <field name="condition">True</field>
        <field name="signal">wkf_aceptado_condicionado__entregado</field></record>

    <record id="proyecto_producto_aceptado_condicionado__devuelto_transition" model="workflow.transition">
        <field name="act_from" ref="proyecto_producto_aceptado_condicionado_act"/>
        <field name="act_to" ref="proyecto_producto_devuelto_act"/>
        <field name="condition">True</field>
        <field name="signal">wkf_aceptado_condicionado__devuelto</field></record>

    <record id="proyecto_producto_aceptado__entregado_transition" model="workflow.transition">
        <field name="act_from" ref="proyecto_producto_aceptado_act"/>
        <field name="act_to" ref="proyecto_producto_entregado_act"/>
        <field name="condition">True</field>
        <field name="signal">wkf_aceptado__entregado</field></record>

    <record id="proyecto_producto_entregado__devuelto_transition" model="workflow.transition">
        <field name="act_from" ref="proyecto_producto_entregado_act"/>
        <field name="act_to" ref="proyecto_producto_devuelto_act"/>
        <field name="condition">True</field>
        <field name="signal">wkf_entregado__devuelto</field></record>

    <record id="proyecto_producto_devuelto__entregado_transition" model="workflow.transition">
        <field name="act_from" ref="proyecto_producto_devuelto_act"/>
        <field name="act_to" ref="proyecto_producto_entregado_act"/>
        <field name="condition">True</field>
        <field name="signal">wkf_devuelto__entregado</field></record>

    <record id="proyecto_producto_aceptado__centro_documentacion_transition" model="workflow.transition">
        <field name="act_from" ref="proyecto_producto_aceptado_act"/>
        <field name="act_to" ref="proyecto_producto_centro_documentacion_act"/>
        <field name="condition">True</field>
        <field name="signal">wkf_aceptado__centro_documentacion</field></record>

</data>
</openerp>