model_name,name,type,params,comodel,string,help,required,unique,tracking,constrains,onchange,view_tree,view_form,view_search,view_search_group_by,view_form_tab,menu,description,view_description,inherits,inherit,overwrite_write,overwrite_create,data,views
__openerp__,name,,acto_administrativo_idu,,,,,,,,,,,,,,,,,,,,,,
,namespace,,acto_administrativo,,,,,,,,,,,,,,,,,,,,,,
,string,,ZIPA: Control Acto Administrativo Ambiental,,,,,,,,,,,,,,,,,,,,,,
,depends,,base|base_idu|model_security,,,,,,,,,,,,,,,,,,,,,,
acto_administrativo.ambiental,name,char,,,Nombre,,1,1,1,0,0,1,1,1,0,0,conf,Actos Administrativos Ambientales,Actos Administrativos Ambientales,,mail.thread,,,0,new
,tipo_id,many2one,"domain:[('parent_id','=',False)]",acto_administrativo.ambiental.tipo,Acto Administrativo,Tipo,1,0,1,0,1,1,1,1,1,0,,,,,,,,,
,subtipo_id,many2one,"domain:[('parent_id','=',tipo_id)]",acto_administrativo.ambiental.tipo,Tipo Acto Administrativo,Subtipo,1,0,1,1,0,1,1,1,1,0,,,,,,,,,
,numero,integer,,,Número,,1,1,1,0,0,1,1,1,0,0,,,,,,,,,
,fecha_expedicion,date,,,Fecha de Expedición,,1,0,1,0,0,1,1,1,0,0,,,,,,,,,
,fecha_notificacion,date,,,Fecha de Notificación,,1,0,1,0,0,1,1,1,0,0,,,,,,,,,
,objeto,text,,,Objeto,,1,0,1,0,0,0,1,1,0,0,,,,,,,,,
,estado_autorizacion,selection,selection:Vigente|CIerre,,Estado de la Autorización,Estado que solo aplica para Autorizaciones,1,0,1,0,0,1,1,1,0,0,,,,,,,,,
,dependencia_id,many2one,readonly:True,hr.department,Dependencia,,1,0,1,0,0,1,1,1,1,0,,,,,,,,,
,contrato_id,many2one,,contrato.contrato,Contrato de Obra,,1,0,1,0,0,1,1,1,1,0,,,,,,,,,
,observaciones,text,,,Observaciones,,0,0,1,0,0,0,1,1,0,0,,,,,,,,,
,gestion,text,,,Gestion,Última Gestión,0,0,1,0,0,0,1,1,0,0,,,,,,,,,
acto_administrativo.ambiental.tipo,name,char,,,Nombre,,1,1,1,0,0,1,1,1,0,0,base_idu.proyectos_conf_menu,Tipo de Actos Administrativos Ambientales,,,models.soft_delete.mixin,,,0,new
,parent_id,many2one,default:_CONTEXT_,acto_administrativo.ambiental.tipo,Categoría Padre,Tipo de Acto Administrativo al que pertenece,0,0,1,0,0,1,1,1,0,0,,,,,,,,,
