model_name,name,type,params,comodel,string,help,required,states,unique,tracking,constrains,onchange,view_tree,view_form,view_search,view_search_group_by,view_form_tab,menu,description,view_description,inherits,inherit,overwrite_write,overwrite_create,data,views
__openerp__,name,,aprovechamiento_material,,,,,,,,,,,,,,,,,,,,,,,
,namespace,,aprovechamiento_material,,,,,,,,,,,,,,,,,,,,,,,
,string,,Manejo de Materiales y RCD,,,,,,,,,,,,,,,,,,,,,,,
,depends,,base|base_idu|contrato_idu|model_security,,,,,,,,,,,,,,,,,,,,,,,
,navigation_menu_id,,base_idu.proyectos_nav,,,,,,,,,,,,,,,,,,,,,,,
aprovechamiento_material.control,name,char,compute:True,,Control,,,,,,,,,invisible:1,,,,main,Control,Control,,"mail.thread,models.soft_delete.mixin",0,0,0,new
,state,selection,selection:Registro|Gestion|Terminado;default:'registro',,Estado,,,,,,,,1,1,1,1,,,,,,,,,,
,subdir_general_id,many2one,"domain:[('parent_id.abreviatura','=','DG')]",hr.department,Subdirección General,,1,gestion:readonly=1;terminado:readonly=1,,,,1,1,1,1,1,,,,,,,,,,
,subdir_general_abreviatura,char,related:subdir_general_id.abreviatura;readonly:True,,Abreviatura Subdir General,,,gestion:readonly=1;terminado:readonly=1,,,,,,invisible:1,,,,,,,,,,,,
,dir_tecnica_id,many2one,"domain:[('parent_id.abreviatura','=',subdir_general_abreviatura)]",hr.department,Dirección Técnica,,1,gestion:readonly=1;terminado:readonly=1,,,,1,1,1,,,,,,,,,,,,
,dir_tecnica_abreviatura,char,related:dir_tecnica_id.abreviatura;readonly:True,,Abreviatura Dir Tecnica,,,gestion:readonly=1;terminado:readonly=1,,,,,,invisible:1,,,,,,,,,,,,
,subdir_tecnica_id,many2one,"domain:[('parent_id.abreviatura','=',dir_tecnica_abreviatura)]",hr.department,Subdirección Técnica,,,gestion:readonly=1;terminado:readonly=1,,,,,1,1,,,,,,,,,,,,
,contrato_id,many2one,"domain:[('coordinador_ids.tipo','=','ambiental'), ('coordinador_ids.user_id','=',uid)]",contrato.contrato,Contrato,,1,gestion:readonly=1;terminado:readonly=1,,,,,1,1,,,,,,,,,,,,
,contratista_id,many2one,related:contrato_id.contratista_id,,Contratista,,,gestion:readonly=1;terminado:readonly=1,,,,,1,1,,,,,,,,,,,,
,p_cumplimiento_normativo_rcd,float,,,Porcentaje Cumplimento Normativo RCD,Porcentaje de Cumplimento Normativo de Residuos de Construcción y Demolición,,gestion:readonly=1;terminado:readonly=1,,,,,,1,,,,,,,,,,,,
,p_cumplimiento_normativo_magcr,float,,,Porcentaje Cumplimiento Normativo MAGCR,Porcentaje de Cumplimento Normativo de Mezcla Asfáltica y Granito de Caucho Reciclado,,gestion:readonly=1;terminado:readonly=1,,,,,,1,,,,,,,,,,,,
,p_ofertado_rcd,float,,,Porcentaje Ofertado por el Contratista para RCD,Porcentaje Ofertado por el Contratista para Residuos de Construcción y Demolición,,gestion:readonly=1;terminado:readonly=1,,,,,,1,,,,,,,,,,,,
,p_ofertado_magcr,float,,,Porcentaje Ofertado por el Contratista para MAGCR,Porcentaje Ofertado por el Contratista para  Mezcla Asfáltica y Granito de Caucho Reciclado,,gestion:readonly=1;terminado:readonly=1,,,,,,1,,,,,,,,,,,,
,observacion_ids,one2many,,"aprovechamiento_material.observacion,control_id",Observaciones,,,terminado:readonly=1,,,,,,1,1,1,2|Observaciones,,,,,,,,,
,informe_ids,one2many,,"aprovechamiento_material.informe,control_id",Informes,,,registro:readonly=1;terminado:readonly=1,,,,,,1,,,1|Informe,,,,,,,,,
aprovechamiento_material.informe,name,char,compute:True,,Nombre,,,,,,,,,invisible:1,,,,main,Informe,Informe,,"mail.thread,models.soft_delete.mixin",0,0,0,new
,state,selection,selection:Nuevo|Revisado;default:'nuevo',,Estado,,,,,,,,1,1,1,1,,,,,,,,,,
,fecha_inicio,date,,,Periodo Desde,,1,revisado:readonly=1,,,,,1,1,,1,,,,,,,,,,
,fecha_fin,date,,,Periodo Hasta,,1,revisado:readonly=1,,,,,1,1,,1,,,,,,,,,,
,num_informe,integer,,,Número del informe,,1,revisado:readonly=1,,,,,1,1,,,,,,,,,,,,
,rad_idu,char,size:14,,Radicado Orfeo,Número de radicado orfeo mediante el cual se allega el tomo ambiental sin observaciones,1,revisado:readonly=1,,,,1,1,1,1,,,,,,,,,,,
,fecha_rad,date,,,Fecha del Radicado Orfeo,Fecha del radicado Orfeo,,revisado:readonly=1,,,,,1,1,,,,,,,,,,,,
,vol_acumulado_materiales,float,,,Volumen Total Acumulado Material (m³),Volumen total acumulado con los informes anteriores,,revisado:readonly=1,,,,,,1,,,1|Manejo de Materiales,,,,,,,,,
,vol_total_material_periodo,float,,,Volumen Total de Material en el Periodo (m³),Volumen total generado en el periodo del informe,,revisado:readonly=1,,,,,,1,,,1|Manejo de Materiales,,,,,,,,,
,manejo_material_ids,one2many,,"aprovechamiento_material.manejo_material,informe_id",Manejo de Material,,,revisado:readonly=1,,,,,1,1,1,1,1|Manejo de Materiales,,,,,,,,,
,vol_total_instalado_rcd,float,,,Volumen Total Instalado en el periodo (m³),,,revisado:readonly=1,,,,,1,1,,,3|Aprovechamiento RCD,,,,,,,,,
,vol_total_usado_rcd,float,,,Volumen Total a Utilizar en el Proyecto (m³),,,revisado:readonly=1,,,,,1,1,,,3|Aprovechamiento RCD,,,,,,,,,
,vol_acumulado_rcd,float,compute:True,,Volumen Total Acumulado RCD (m³),,,revisado:readonly=1,,,,,1,invisible:1,,,,,,,,,,,,
,p_cumplimiento_fecha_rcd,float,compute:True,,Porcentaje de Cumplimiento a la fecha,,,revisado:readonly=1,,,,,1,invisible:1,,,3|Aprovechamiento RCD,,,,,,,,,
,aprovechamiento_rcd_ids,one2many,,"aprovechamiento_material.aprovechamiento_rcd,informe_id",Aprovechamiento de RCD,,,revisado:readonly=1,,,,,1,1,1,1,3|Aprovechamiento RCD,,,,,,,,,
,vol_total_rcd,float,compute:True,,Volumen Total de RCD Generado (m³),,,revisado:readonly=1,,,,,readonly:1,readonly:1,,,2|Manejo de RCD,,,,,,,,,
,vol_total_rcd_acumulado,float,compute:True,,Volumen Total de RCD Acumulado (m³),,,revisado:readonly=1,,,,,,,,,,,,,,,,,,
,manejo_rcd_ids,one2many,,"aprovechamiento_material.manejo_rcd,informe_id",Manejo de RCD,,,revisado:readonly=1,,,,,,1,1,1,2|Manejo de RCD,,,,,,,,,
,vol_total_asfalto_instalado,float,,,Volumen Total de Mezcla Asfaltica a Utilizar (m³),Cantidad de mezcla asfaltica que se usara en el proyecto.,,revisado:readonly=1,,,,,,1,1,,4|Aplicación Mezcla Asfáltica y GCR,,,,,,,,,
,vol_total_magcr,float,compute:True,,Volumen Total de magcr en el Periodo (m³),,,revisado:readonly=1,,,,,,,,,4|Aplicación Mezcla Asfáltica y GCR,,,,,,,,,
,vol_total_certificado,float,,,Volumen Total Certificado (m³),,,revisado:readonly=1,,,,,,,,,4|Aplicación Mezcla Asfáltica y GCR,,,,,,,,,
,vol_total_por_certificar,float,compute:True,,Volumen Total por Certificar (m³),,,revisado:readonly=1,,,,,,,,,4|Aplicación Mezcla Asfáltica y GCR,,,,,,,,,
,p_cumplimiento_fecha_magcr,float,compute:True,,Porcentaje de Cumplimiento a la fecha,,,revisado:readonly=1,,,,,1,invisible:1,1,,4|Aplicación Mezcla Asfáltica y GCR,,,,,,,,,
,aplicacion_magcr_ids,one2many,,"aprovechamiento_material.aplicacion_magcr,informe_id",Aplicación de Mezcla Asfaltica y GCR,,,revisado:readonly=1,,,,,,1,1,1,4|Aplicación Mezcla Asfáltica y GCR,,,,,,,,,
,calificacion,float,,,Calificación de Desempeño,,,revisado:readonly=1,,,,,,1,1,,,,,,,,,,,
,vehiculo_ids,one2many,,"aprovechamiento_material.vehiculo,informe_id",Vehiculos,,,revisado:readonly=1,,,,,,1,,,5|Vehiculos Usados,,,,,,,,,
,control_id,many2one,default:_CONTEXT_,aprovechamiento_material.control,Control,,,,,,,,,invisible:1,,,,,,,,,,,,
aprovechamiento_material.manejo_material,name,char,compute:True,,Nombre,,,,,,,,,invisible:1,,,,conf,Manejo de Materiales,Manejo de Materiales,,"mail.thread,models.soft_delete.mixin",0,0,0,new
,fecha_inicio,date,related:informe_id.fecha_inicio;readonly:True;store:True,,Periodo Desde,,,,,,,,,readonly:1,,1,,,,,,,,,,
,fecha_fin,date,related:informe_id.fecha_fin;readonly:True;store:True,,Periodo Hasta,,,,,,,,,readonly:1,,1,,,,,,,,,,
,material_ids,one2many,,"aprovechamiento_material.material,manejo_material_id",Materiales,,1,,,,,,,1,1,1,1|Material,,,,,,,,,
,categoria_id,many2one,"domain:[('state','=','activo')]",aprovechamiento_material.categoria_proveedor,Categoria,,1,,,,,1,1,1,1,1,,,,,,,,,,
,proveedor_id,many2one,"domain:[('categoria_ids','=',categoria_id)]",aprovechamiento_material.proveedor,Proveedor,,1,,,,,1,1,1,1,1,,,,,,,,,,
,inscripcion_idu_id,many2one,"domain:[('proveedor_id','=',proveedor_id)]",aprovechamiento_material.inscripcion_idu,Inscripción IDU,,1,,,,,,1,1,1,1,,,,,,,,,,
,vol_total_recibido,float,compute:True,,Volumen Total Recibido (m³),,,,,,,,1,,,,,,,,,,,,,
,vol_total_certificado,float,compute:True,,Volumen Total Certificado (m³),,,,,,,,1,,,,,,,,,,,,,
,vol_total_por_certificar,float,compute:True,,Volumen Total por Certificar (m³),,,,,,,,1,,,,,,,,,,,,,
,informe_id,many2one,default:_CONTEXT_,aprovechamiento_material.informe,Control,,,,,,,,,invisible:1,,,,,,,,,,,,
aprovechamiento_material.aprovechamiento_rcd,name,char,compute:True,,Nombre,,,,,,,,,invisible:1,,,,conf,Aprovechamiento RCD,Aprovechamiento RCD,,"mail.thread,models.soft_delete.mixin",0,0,0,new
,fecha_inicio,date,related:informe_id.fecha_inicio;readonly:True;store:True,,Periodo Desde,,,,,,,,,readonly:1,,1,,,,,,,,,,
,fecha_fin,date,related:informe_id.fecha_fin;readonly:True;store:True,,Periodo Hasta,,,,,,,,,readonly:1,,1,,,,,,,,,,
,corredor_intervenido_id,many2one,,aprovechamiento_material.corredor,Corredor Intervenido,,1,,,,,,1,1,,,,,,,,,,,,
,vol_total_corredor,float,compute:True,,Volumen Total del Corredor (m³),,,,,,,,1,1,,,2|Volumen de Material Aprovechado,,,,,,,,,
,detalle_aprovechamiento_ids,one2many,,"aprovechamiento_material.detalle_aprovechamiento_rcd,aprovechamiento_id",Detalle del Aprovechamiento,,,,,,,,1,1,,,2|Volumen de Material Aprovechado,,,,,,,,,
,informe_id,many2one,default:_CONTEXT_,aprovechamiento_material.informe,Control,,,,,,,,,invisible:1,,,,,,,,,,,,
aprovechamiento_material.manejo_rcd,name,char,compute:True,,Nombre,,,,,,,,,invisible:1,,,,conf,Manejo de RCD,Manejo de RCD,,"mail.thread,models.soft_delete.mixin",0,0,0,new
,fecha_inicio,date,related:informe_id.fecha_inicio;readonly:True;store:True,,Periodo Desde,,,,,,,,,readonly:1,,1,,,,,,,,,,
,fecha_fin,date,related:informe_id.fecha_fin;readonly:True;store:True,,Periodo Hasta,,,,,,,,,readonly:1,,1,,,,,,,,,,
,categoria_id,many2one,"domain:[('state','=','activo')]",aprovechamiento_material.categoria_proveedor,Categoria,,1,,,,,1,1,1,1,1,,,,,,,,,,
,proveedor_id,many2one,"domain:[('categoria_ids','=',categoria_id)]",aprovechamiento_material.proveedor,Proveedor,,1,,,,,1,1,1,1,1,,,,,,,,,,
,inscripcion_idu_id,many2one,"domain:[('proveedor_id','=',proveedor_id)]",aprovechamiento_material.inscripcion_idu,Inscripción IDU,,1,,,,,,1,1,1,1,,,,,,,,,,
,vol_reutilizado,float,,,Volumen Reutilizado (m³),,,,,,,,1,1,,,1|Materiales,,,,,,,,,
,vol_certificado,float,,,Volumen Certificado (m³),,,,,,,,1,1,,,1|Materiales,,,,,,,,,
,vol_por_certificar,float,compute:True,,Volumen por Certificar (m³),,,,,,,,1,1,,,1|Materiales,,,,,,,,,
,material_rcd_ids,one2many,,"aprovechamiento_material.material_rcd,manejo_rcd_id",Material del RCD,,,,,,,,,1,1,1,1|Materiales,,,,,,,,,
,vol_total_generado,float,compute:True,,Volumen Total Generado en el Periodo en el sitio (m³),,,,,,,,,1,,,1|Materiales,,,,,,,,,
,vol_total_generado_acumulado,float,compute:True,,Volúmen Total Generado Acumulado en el sitio (m³),,,,,,,,,1,,,,,,,,,,,,
,vol_reutilizado_acumulado,float,compute:True,,Volúmen Reutilizado Acumulado en el sitio (m³),,,,,,,,,1,,,,,,,,,,,,
,vol_certificado_acumulado,float,compute:True,,Volúmen Certificado Acumulado en el sitio (m³),,,,,,,,,1,,,,,,,,,,,,
,informe_id,many2one,default:_CONTEXT_,aprovechamiento_material.informe,Control,,,,,,,,,invisible:1,,,,,,,,,,,,
aprovechamiento_material.aplicacion_magcr,name,char,compute:True,,Aplicación Mezcla Asfaltica,,,,,,,,,invisible:1,,,,conf,Aplicacion Mezcla Asfaltico con Grano de Caucho,Aplicacion Mezcla Asfaltico con Grano de Caucho,,"mail.thread,models.soft_delete.mixin",0,0,0,new
,fecha_inicio,date,related:informe_id.fecha_inicio;readonly:True;store:True,,Periodo Desde,,,,,,,,,readonly:1,,1,,,,,,,,,,
,fecha_fin,date,related:informe_id.fecha_fin;readonly:True;store:True,,Periodo Hasta,,,,,,,,,readonly:1,,1,,,,,,,,,,
,categoria_id,many2one,"domain:[('state','=','activo')]",aprovechamiento_material.categoria_proveedor,Categoria,,1,,,,,1,1,1,1,1,,,,,,,,,,
,proveedor_id,many2one,"domain:[('categoria_ids','=',categoria_id)]",aprovechamiento_material.proveedor,Proveedor,,1,,,,,1,1,1,1,1,,,,,,,,,,
,inscripcion_idu_id,many2one,"domain:[('proveedor_id','=',proveedor_id)]",aprovechamiento_material.inscripcion_idu,Inscripción IDU,,,,,,,,1,1,1,1,,,,,,,,,,
,corredor_intervenido_id,many2one,,aprovechamiento_material.corredor,Corredor Intervenido,,1,,,,,,1,1,,,,,,,,,,,,
,vol_total_instalado,float,,,Volumen Total de Asfalto Instalado (m³),,,,,,,,1,1,,,1|Cantidad de MAGCR,,,,,,,,,
,vol_magcr,float,,,Volumen Mezcla Asfaltica con GCR (m³),,,,,,,,1,1,,,1|Cantidad de MAGCR,,,,,,,,,
,vol_certificado,float,,,Volumen Certificado (m³),,,,,,,,1,1,,,1|Cantidad de MAGCR,,,,,,,,,
,vol_faltante,float,compute:True,,Volumen por Certificar (m³),,,,,,,,1,1,,,1|Cantidad de MAGCR,,,,,,,,,
,informe_id,many2one,default:_CONTEXT_,aprovechamiento_material.informe,Control,,,,,,,,1,invisible:1,,,,,,,,,,,,
aprovechamiento_material.tipo_material,name,char,size:50,,Tipo de Material,,1,,,,,,1,1,,,,conf,Tipo de Material,Tipo de Material,,mail.thread,0,0,0,new
,padre_id,many2one,,aprovechamiento_material.tipo_material,Tipo de Material Padre,,,,,,,,1,1,,,,conf,Subtipo de Material,Subtipo de Material,,mail.thread,0,0,0,new
,rad_idu,char,size:14,,Radicado IDU,Radicado Mediante el cual se registró el material,,,,1,,,1,1,,,,,,,,,,,,
aprovechamiento_material.tipo_rcd,name,char,size:50,,Tipo de Material RCD,,,,,,,,1,1,,,,conf,Tipo de RCD,Tipo de RCD,,mail.thread,0,0,0,new
aprovechamiento_material.proveedor,name,char,size:50,,Razón Social,,1,,,1,,,1,1,1,,,conf,Proveedor,Proveedor,,mail.thread,0,0,0,new
,categoria_ids,many2many,,aprovechamiento_material.categoria_proveedor,Categoria,,1,,,1,,,1,many2many_tags,1,,,,,,,,,,,
,inscripcion_idu_ids,one2many,,"aprovechamiento_material.inscripcion_idu,proveedor_id",Inscripción en el Directorio IDU,,1,,,1,,,,1,1,1,,,,,,,,,,
,identificacion,char,size:50,,Número de Indentificación,,1,,,1,,,1,1,1,,,,,,,,,,,
,ciudad,char,size:50,,Ciudad / Municipio,,1,,,1,,,1,1,,,,,,,,,,,,
,telefono,char,size:100,,Teléfono,,,,,1,,,1,1,1,1,,,,,,,,,,
,direccion,char,size:100,,Dirección,,,,,1,,,1,1,1,1,,,,,,,,,,
,state,selection,selection:Activo|Inactivo;default:'activo',,Estado,Estado,1,,,1,,,1,1,1,1,,,,,,,,,,
,descripcion,text,,,Descripción,,,,,,,,,invisible:1,,,,,,,,,,,,
,permiso_ids,many2many,,aprovechamiento_material.permiso,Permisos,,1,,,1,,,1,many2many_tags,1,,,,,,,,,,,
aprovechamiento_material.inscripcion_idu,name,char,size:50,,Inscripción IDU,,1,,,1,,,1,1,1,,,admin,Inscripción IDU,Inscripción IDU,,mail.thread,0,0,0,new
,fecha_vigencia,date,,,Fecha Vigencia,Fecha hasta la cual tiene permiso de operación,1,,,1,,,1,1,,,,,,,,,,,,
,proveedor_id,many2one,default:_CONTEXT_,aprovechamiento_material.proveedor,Proveedor,,,,,,,,1,invisible:1,,,,,,,,,,,,
aprovechamiento_material.categoria_proveedor,name,char,size:100,,Categoria del Proveedor,,1,,,1,,,1,1,1,,,conf,Categoria del Proveedor,Categoria del Proveedor,,mail.thread,0,0,0,new
,state,selection,selection:Activo|Inactivo;default:'activo',,Estado,,,,,,,,,1,,,,,,,,,,,,
aprovechamiento_material.sitio_aprovechamiento,name,char,size:50,,Nombre,,1,,,1,,,1,1,1,,,conf,Sitio Aprovechamiento,Sitio Aprovechamiento,,mail.thread,0,0,0,new
,direccion,char,size:50,,Dirección,,1,,,1,,,1,1,1,,,,,,,,,,,
,state,selection,selection:Activo|Inactivo;default:'activo',,Estado,Estado,1,,,1,,,1,1,1,1,,,,,,,,,,
aprovechamiento_material.observacion,name,char,size:50,,Observacion,"Registrar las observaciones ambientales, así como los Números de radicados y oficios relacionados con observaciones y aprobación del tomo ambiental",1,,,1,,,1,1,1,,,admin,Observación,Observación,,"mail.thread,models.soft_delete.mixin",0,0,0,new
,control_id,many2one,default:_CONTEXT_,aprovechamiento_material.control,Control,,,,,,,,,invisible:1,,,,,,,,,,,,
aprovechamiento_material.material_rcd,name,char,size:50,,Material RCD,,,,,,,,,,,,,conf,Material RCD,Material RCD,,"mail.thread,models.soft_delete.mixin",0,0,0,new
,tipo_id,many2one,,aprovechamiento_material.tipo_rcd,Tipo de RCD,,,,,,,,,,,,,,,,,,,,,
,tipo_rcd,selection,selection:Aprovechable|No Aprovechable;default:'aprovechable',,Subtipo de RCD,,1,,,,,,1,1,1,,,,,,,,,,,
,manejo_rcd_id,many2one,default:_CONTEXT_,aprovechamiento_material.manejo_rcd,Manejo de RCD,,,,,,,,,invisible:1,,,,,,,,,,,,
,vol_generado,float,,,Volumen Generado (m³),,,,,,,,1,1,,,,,,,,,,,,
,vol_acumulado,float,compute:True,,Volumen Acumulado (m³),,,,,,,,1,1,,,,,,,,,,,,
aprovechamiento_material.material,name,char,size:50,,Material,,,,,,,,1,1,,,,conf,Material,Material,,"mail.thread,models.soft_delete.mixin",0,0,0,new
,tipo_id,many2one,"domain:[('padre_id','=',False)]",aprovechamiento_material.tipo_material,Tipo de Material,,1,,,,,,1,1,1,,,,,,,,,,,
,subtipo_id,many2one,"domain:[('padre_id','=',tipo_id)]",aprovechamiento_material.tipo_material,Subtipo de Material,,1,,,,,,1,1,1,,,,,,,,,,,
,manejo_material_id,many2one,default:_CONTEXT_,aprovechamiento_material.manejo_material,Material,,,,,,,,,invisible:1,,,,,,,,,,,,
,vol_recibido,float,,,Volumen Recibido (m³),,1,,,,,,1,1,1,1,1|Totales Proveedor,,,,,,,,,
,vol_certificado,float,,,Volumen Certificado (m³),,1,,,,,,1,1,1,1,1|Totales Proveedor,,,,,,,,,
,vol_faltante,float,compute:True,,Volumen por Certificar (m³),,,,,,,,1,1,,,1|Totales Proveedor,,,,,,,,,
,vol_acumulado_recibido,float,compute:True,,Acumulado Recibido (m³),,,,,,,,1,,,,,,,,,,,,,
,vol_acumulado_certificado,float,compute:True,,Acumulado Certificado (m³),,,,,,,,1,,,,,,,,,,,,,
,vol_acumulado_por_certificar,float,compute:True,,Acumulado por Certificar (m³),,,,,,,,1,,,,,,,,,,,,,
,observacion,text,,,Observaciones,,,,,,,,,1,,,,,,,,,,,,
aprovechamiento_material.corredor,name,char,size:200,,Corredor Intervenido,,1,,,1,,,1,1,,,,admin,Corredor Intervenido,Corredor Intervenido,,mail.thread,0,0,0,new
,descripcion,text,,,Descripción del Corredor,,,,,,,,1,1,,,,,,,,,,,,
,civ_ids,many2many,,aprovechamiento_material.civ,Código de Indentificación Vial,,,,,1,,,,1,,,,,,,,,,,,
aprovechamiento_material.civ,name,char,size:50,,Código de Indentificación Vial,,1,,,1,,,1,1,1,,,admin,Código de Identificacion Vial,Código de Identificacion Vial,,mail.thread,0,0,0,new
,aplicacion_magcr_id,many2one,default:_CONTEXT_,aprovechamiento_material.aplicacion_magcr,Aplicación de MGCR,,,,,,,,,,,,,,,,,,,,,
,aprovechamiento_rcd_id,many2one,default:_CONTEXT_,aprovechamiento_material.aprovechamiento_rcd,Aprovechamiento de RCD,,,,,,,,,invisible:1,,,,,,,,,,,,
,cod_elemento_ids,one2many,,"aprovechamiento_material.cod_elemento,civ_id",Elementos,,,,,,,,1,1,,,1|Código de Elementos,,,,,,,,,
aprovechamiento_material.cod_elemento,name,char,size:50,,PKID / Código de Elemento,,1,,,1,,,1,1,1,,,admin,Código del Elemento,Código del Elemento,,mail.thread,0,0,0,new
,civ_id,many2one,default:_CONTEXT_,aprovechamiento_material.civ,Código de Indentificación Vial,,,,,,,,,invisible:1,,,,,,,,,,,,
,nivel_capa_id,many2one,,aprovechamiento_material.nivel_capa,Nivel de la capa,Zona o nivel en la cual se esta instalando el material.,,,,,,,1,1,,,,,,,,,,,,
,cant_instalada,float,,,Cantidad Instalada,,,,,,,,1,1,,,,,,,,,,,,
,unidad_medida_id,many2one,,aprovechamiento_material.unidad_medida,Unidad de Medida,,,,,,,,1,1,,,,,,,,,,,,
aprovechamiento_material.vehiculo,name,char,size:6,,Placa,,1,,,1,,,1,1,1,,,conf,Vehiculos,Vehiculos,,"mail.thread,models.soft_delete.mixin",0,0,0,new
,pin,char,size:20,,PIN,,1,,,1,,,1,1,1,,,,,,,,,,,
,informe_id,many2one,default:_CONTEXT_,aprovechamiento_material.informe,Informes,,,,,,,,,invisible:1,,,,,,,,,,,,
aprovechamiento_material.actividad_constructiva,name,char,size:50,,Nombre de la Actividad,,1,,1,1,,,1,1,1,,,conf,Actividad Constructiva,Actividad Constructiva,,mail.thread,0,0,0,new
,state,selection,selection:Activo|Inactivo;default:'activo',,Estado,,1,,,1,,,1,1,1,,,,,,,,,,,
aprovechamiento_material.sitio_origen,name,char,size:50,,Lugar de Origen,,1,,1,1,,,1,1,1,,,conf,Sitio Origen,Sitio Origen,,mail.thread,0,0,0,new
,state,selection,selection:Activo|Inactivo;default:'activo',,Estado,,1,,,1,,,1,1,1,,,,,,,,,,,
aprovechamiento_material.detalle_aprovechamiento_rcd,name,char,compute:True,,Detalle del Aprovechamiento,,,,,,,,,invisible:1,,,,admin,Detalle del Material Aprovechado,Detalle del Material Aprovechado,,mail.thread,0,0,0,new
,sitio_origen_id,many2one,"domain:[('state','=','activo')]",aprovechamiento_material.sitio_origen,Sitio de donde proviene,,,,,,,,1,1,1,1,,,,,,,,,,
,actividad_constructiva_id,many2one,"domain:[('state','=','activo')]",aprovechamiento_material.actividad_constructiva,Actividad Constructiva,,,,,,,,1,1,1,,,,,,,,,,,
,vol_aprovechado,float,,,Volumen Aprovechado (m³),,,,,,,,1,1,,,,,,,,,,,,
,aprovechamiento_id,many2one,,aprovechamiento_material.aprovechamiento_rcd,Aprovechamiento de RCD,,,,,,,,,invisible:1,,,,,,,,,,,,
,origen,selection,selection:Patio Fresado|Centro Aprovechamiento|Mismo Contrato|Otro Contrato;default:'patio_fresado',,Origen del RCD,,,,,,,,1,1,,,,,,,,,,,,
aprovechamiento_material.unidad_medida,name,char,size:50,,Nombre,,1,,1,1,,,1,1,,,,admin,Unidad de Medida,Unidad de Medida,,mail.thread,0,0,0,new
,abreviatura,char,size:5,,Abreviatura,,1,,1,1,,,1,1,,,,,,,,,,,,
aprovechamiento_material.permiso,name,char,size:50,,Nombre del Permiso,,1,,1,,,,,1,,,,admin,Permiso,Permiso,,mail.thread,0,0,0,new
,state,selection,selection:Activo|Inactivo;default:'activo',,Estado,,,,,,,,,1,,,,,,,,,,,,
,fecha_inicio,date,,,Fecha de Otorgamiento,,1,,,,,,1,1,,,,,,,,,,,,
,fecha_fin,date,,,Fecha de Vencimiento,,1,,,,,,1,1,,,,,,,,,,,,
,acto_administrativo,char,size:50,,Acto Administrativo,,1,,,1,,,,1,,,,,,,,,,,,
,tipo_permiso_id,many2one,,aprovechamiento_material.tipo_permiso,Tipo de Permiso,,,,,,,,1,1,,,,,,,,,,,,
,rad_idu,char,size:14,,Radicado IDU,Radicado mediante el cual se otorgo el permiso,1,,,,,1,1,1,,,,,,,,,,,,
,fecha_rad,date,,,Fecha del Radicado Orfeo,Fecha del radicado Orfeo,,,,,,,1,1,,,,,,,,,,,,
aprovechamiento_material.tipo_permiso,name,char,size:50,,Nombre del Tipo de Permiso,,1,,1,1,,,,1,,,,conf,Tipo de Permiso,Tipo de Permiso,,mail.thread,0,0,0,new
,autoridad,char,size:50,,Autoridad que expide,,,,,1,,,1,1,,,,,,,,,,,,
,descripcion,text,,,Descripción,,,,,1,,,,1,,,,,,,,,,,,
aprovechamiento_material.nivel_capa,name,char,size:50,,Nivel de la capa,,1,,1,1,,,1,1,,,,conf,Nivel de la Capa,Nivel de la Capa,,mail.thread,0,0,0,new
,descripcion,text,,,Descripción,,,,,,,,,1,,,,,,,,,,,,
