model_name,act_from,act_to,condition,group,button_label,type
aprovechamiento_material.control,registro,gestion,True,aprovechamiento_material.apoyo,Pasar a Gestión,start
,gestion,terminado,True,aprovechamiento_material.apoyo,Pasar a Terminado,stop
aprovechamiento_material.informe,nuevo,revisado,True,aprovechamiento_material.apoyo,Pasar a Revisado,stop
aprovechamiento_material.proveedor,activo,inactivo,True,aprovechamiento_material.apoyo,Desactivar,start
,inactivo,activo,True,aprovechamiento_material.apoyo,Activar,
aprovechamiento_material.sitio_origen,activo,inactivo,True,aprovechamiento_material.apoyo,Desactivar,start
,inactivo,activo,True,aprovechamiento_material.apoyo,Activar,
aprovechamiento_material.actividad_constructiva,activo,inactivo,True,aprovechamiento_material.apoyo,Desactivar,start
,inactivo,activo,True,aprovechamiento_material.apoyo,Activar,
aprovechamiento_material.permiso,activo,inactivo,True,aprovechamiento_material.apoyo,Desactivar,start
,inactivo,activo,True,aprovechamiento_material.apoyo,Activar,
aprovechamiento_material.sitio_aprovechamiento,activo,inactivo,True,aprovechamiento_material.apoyo,Desactivar,start
,inactivo,activo,True,aprovechamiento_material.apoyo,Activar,
