group,group_inherits,model_name,create,read,write,delete
aprovechamiento_material.analista,,aprovechamiento_material.control,0,1,0,0
,,aprovechamiento_material.informe,0,1,0,0
,,aprovechamiento_material.manejo_material,0,1,0,0
,,aprovechamiento_material.aprovechamiento_rcd,0,1,0,0
,,aprovechamiento_material.manejo_rcd,0,1,0,0
,,aprovechamiento_material.aplicacion_magcr,0,1,0,0
,,aprovechamiento_material.tipo_material,0,1,0,0
,,aprovechamiento_material.tipo_rcd,0,1,0,0
,,aprovechamiento_material.proveedor,0,1,0,0
,,aprovechamiento_material.inscripcion_idu,0,1,0,0
,,aprovechamiento_material.categoria_proveedor,0,1,0,0
,,aprovechamiento_material.sitio_aprovechamiento,0,1,0,0
,,aprovechamiento_material.observacion,0,1,0,0
,,aprovechamiento_material.material_rcd,0,1,0,0
,,aprovechamiento_material.material,0,1,0,0
,,aprovechamiento_material.corredor,0,1,0,0
,,aprovechamiento_material.civ,0,1,0,0
,,aprovechamiento_material.cod_elemento,0,1,0,0
,,aprovechamiento_material.vehiculo,0,1,0,0
,,aprovechamiento_material.actividad_constructiva,0,1,0,0
,,aprovechamiento_material.sitio_origen,0,1,0,0
,,aprovechamiento_material.detalle_aprovechamiento_rcd,0,1,0,0
,,aprovechamiento_material.unidad_medida,0,1,0,0
,,aprovechamiento_material.permiso,0,1,0,0
,,aprovechamiento_material.tipo_permiso,0,1,0,0
,,aprovechamiento_material.nivel_capa,0,1,0,0
aprovechamiento_material.apoyo,aprovechamiento_material.analista,aprovechamiento_material.control,1,1,1,0
,,aprovechamiento_material.informe,1,1,1,0
,,aprovechamiento_material.manejo_material,1,1,1,1
,,aprovechamiento_material.aprovechamiento_rcd,1,1,1,1
,,aprovechamiento_material.manejo_rcd,1,1,1,1
,,aprovechamiento_material.aplicacion_magcr,1,1,1,1
,,aprovechamiento_material.tipo_material,1,1,1,0
,,aprovechamiento_material.tipo_rcd,0,1,0,0
,,aprovechamiento_material.proveedor,0,1,0,0
,,aprovechamiento_material.inscripcion_idu,1,1,1,0
,,aprovechamiento_material.categoria_proveedor,0,1,0,0
,,aprovechamiento_material.sitio_aprovechamiento,0,1,0,0
,,aprovechamiento_material.observacion,1,1,1,0
,,aprovechamiento_material.material_rcd,1,1,1,0
,,aprovechamiento_material.material,1,1,1,0
,,aprovechamiento_material.corredor,1,1,1,0
,,aprovechamiento_material.civ,1,1,1,0
,,aprovechamiento_material.cod_elemento,1,1,1,0
,,aprovechamiento_material.vehiculo,1,1,1,1
,,aprovechamiento_material.actividad_constructiva,0,1,0,0
,,aprovechamiento_material.sitio_origen,0,1,0,0
,,aprovechamiento_material.detalle_aprovechamiento_rcd,1,1,1,0
,,aprovechamiento_material.unidad_medida,1,1,1,0
,,aprovechamiento_material.permiso,0,1,0,0
,,aprovechamiento_material.tipo_permiso,0,1,0,0
,,aprovechamiento_material.nivel_capa,0,1,0,0
aprovechamiento_material.administrador,,aprovechamiento_material.control,1,1,1,1
,,aprovechamiento_material.informe,1,1,1,1
,,aprovechamiento_material.manejo_material,1,1,1,1
,,aprovechamiento_material.aprovechamiento_rcd,1,1,1,1
,,aprovechamiento_material.manejo_rcd,1,1,1,1
,,aprovechamiento_material.aplicacion_magcr,1,1,1,1
,,aprovechamiento_material.tipo_material,1,1,1,1
,,aprovechamiento_material.tipo_rcd,1,1,1,1
,,aprovechamiento_material.proveedor,1,1,1,1
,,aprovechamiento_material.inscripcion_idu,1,1,1,1
,,aprovechamiento_material.categoria_proveedor,1,1,1,1
,,aprovechamiento_material.sitio_aprovechamiento,1,1,1,1
,,aprovechamiento_material.observacion,1,1,1,1
,,aprovechamiento_material.material_rcd,1,1,1,1
,,aprovechamiento_material.material,1,1,1,1
,,aprovechamiento_material.corredor,1,1,1,1
,,aprovechamiento_material.civ,1,1,1,1
,,aprovechamiento_material.cod_elemento,1,1,1,1
,,aprovechamiento_material.vehiculo,1,1,1,1
,,aprovechamiento_material.actividad_constructiva,1,1,1,1
,,aprovechamiento_material.sitio_origen,1,1,1,1
,,aprovechamiento_material.detalle_aprovechamiento_rcd,1,1,1,1
,,aprovechamiento_material.unidad_medida,1,1,1,1
,,aprovechamiento_material.permiso,1,1,1,1
,,aprovechamiento_material.tipo_permiso,1,1,1,1
,,aprovechamiento_material.nivel_capa,1,1,1,1
