group,group_inherits,model_name,create,read,write,delete
base.group_user,,contrato_liquidacion.producto,0,1,0,0
,,contrato_liquidacion.producto.pendiente,0,1,0,0
,,contrato_liquidacion.actividad,0,1,0,0
project.group_project_manager,,contrato_liquidacion.producto,1,1,1,0
,,contrato_liquidacion.producto.pendiente,1,1,1,0
,,contrato_liquidacion.actividad,1,1,1,0
project_obra_seguimiento_idu.tecnico,,contrato_liquidacion.producto,0,1,0,0
,,contrato_liquidacion.producto.pendiente,1,1,1,0
,,contrato_liquidacion.actividad,1,1,1,0
contrato_liquidacion_idu.abogado,,contrato_liquidacion.producto,0,1,0,0
,,contrato_liquidacion.producto.pendiente,0,1,0,0
,,contrato_liquidacion.actividad,1,1,1,0
contrato_liquidacion_idu.analista,,contrato_liquidacion.producto,0,1,0,0
,,contrato_liquidacion.producto.pendiente,0,1,0,0
,,contrato_liquidacion.actividad,0,1,0,0
