model_name,name,type,params,comodel,string,help,required,unique,tracking,constrains,onchange,view_tree,view_form,view_search,view_search_group_by,view_form_tab,menu,description,view_description,inherits,inherit,overwrite_write,overwrite_create,data,views
__openerp__,name,,contrato_liquidacion_idu,,,,,,,,,,,,,,,,,,,,,,
,namespace,,contrato_liquidacion,,,,,,,,,,,,,,,,,,,,,,
,string,,ZIPA: Contrato de Liquidacion IDU,,,,,,,,,,,,,,,,,,,,,,
,depends,,base|base_idu|model_security,,,,,,,,,,,,,,,,,,,,,,
contrato_liquidacion.producto_tipo,name,char,,,Nombre,Nombre del Producto o la Empresa,1,1,1,0,0,1,1,1,0,0,conf,Empresas Productos,Empresas Productos,,mail.thread,,,,new
,pendiente_ids,one2many,,"contrato_liquidacion.producto_pendiente,producto_id",Pendientes,Pendientes relacionados,0,0,1,0,0,1,1,1,1,Pendientes,,,,,,,,,
contrato_liquidacion.producto_pendiente_tipo,name,char,,,Nombre,Nombre del pendiente,1,1,1,0,0,1,1,1,0,0,conf,Pendientes,Pendientes,,mail.thread,,,,new
,producto_id,many2one,,contrato_liquidacion.producto,Producto Empresa,Producto relacionado,1,0,1,0,0,1,1,1,1,0,,,,,,,,,
,actividad_ids,many2many,,"contrato_liquidacion.actividad,pendiente_id",Actividades relacionadas,Actividades relacionadas,0,0,1,0,0,1,1,1,1,Actividades,,,,,,,,,
contrato_liquidacion.producto_pediente,name,char,,,Nombre,Nombre de la Actividad,1,1,1,0,0,1,1,1,0,0,conf,Actividades,Actividades,,mail.thread,,,,new
,contrato_id,many2one,,contrato.contrato,Contrato,Contrato relacionado,1,0,1,0,0,1,1,1,1,0,,,,,,,,,
,producto_tipo_id,many2one,related:pendiente_tipo_id.producto_tipo_i;store:True,contrato_liquidacion.producto,Producto Empresa,Nombre del Producto o la Empresa,0,0,1,0,0,1,1,1,1,0,,,,,,,,,
,pendiente_tipo_id,many2one,,contrato_liquidacion.producto_pendiente_tipo,Pendiente,Pendiente relacionados,1,0,1,0,0,1,1,1,1,0,,,,,,,,,
,porcentaje_progreso,integer,,,Porcentaje de progreso,Porcentaje,0,0,1,0,0,0,1,1,0,0,,,,,,,,,
,fecha_fin_planeada,date,,,Fecha de cumplimiento prevista,Fecha de respuesta,0,0,1,0,0,1,1,1,0,0,,,,,,,,,
,state,selection,selection:Por Iniciar|En Ejecucion|Suspendido|Aprobado|Terminado;default:'por_iniciar',,Estado,Estados de la solicitud,1,0,1,0,0,1,1,1,1,0,,,,,,,,,
,es_responsable_contratista,boolean,,,Es responsable Contratista,El responsable de la gestion es Contratista,0,0,1,0,0,1,1,1,1,0,,,,,,,,,
,es_responsable_interventor,boolean,,,Es responsable Interventor,El responsable de la gestion es Interventor,0,0,1,0,0,1,1,1,1,0,,,,,,,,,
,es_responsable_idu,boolean,,,Es responsable IDU,El responsable de la gestion es IDU,0,0,1,0,0,1,1,1,1,0,,,,,,,,,
,es_responsable_externo,boolean,,,Es responsable Externo,El responsable de la gestion es Externo,0,0,1,0,0,1,1,1,0,0,,,,,,,,,
,gestion,text,,,Gestion,Ultima gestion de la actividad,0,0,1,0,0,1,1,1,0,0,,,,,,,,,
contrato_liquidacion.actividad,name,char,,,Nombre,Nombre de la Actividad,1,1,1,0,0,1,1,1,0,0,conf,Actividades,Actividades,,mail.thread,,,,
,contrato_id,many2one,related:pendiente_id.contrato_id,contrato.contrato,Contrato,Contrato relacionado,1,0,1,0,0,1,1,1,1,0,,,,,,,,,
,producto_tipo_id,many2one,related:pendiente_id.producto_tipo_id;store:True,contrato_liquidacion.producto,Producto Empresa,Nombre del Producto o la Empresa,0,0,1,0,0,1,1,1,1,0,,,,,,,,,
,pendiente_id,many2one,,contrato_liquidacion.producto_pendiente,Pendiente,Pendiente relacionados,1,0,1,0,0,1,1,1,1,0,,,,,,,,,
,porcentaje_progreso,integer,,,Porcentaje de progreso,Porcentaje,0,0,1,0,0,0,1,1,0,0,,,,,,,,,
,fecha_fin_planeada,date,,,Fecha de cumplimiento prevista,Fecha de respuesta,0,0,1,0,0,1,1,1,0,0,,,,,,,,,
,state,selection,selection:Por Iniciar|En Ejecucion|Suspendido|Aprobado|Terminado;default:'por_iniciar',,Estado,Estados de la solicitud,1,0,1,0,0,1,1,1,1,0,,,,,,,,,
,es_responsable_contratista,boolean,,,Es responsable Contratista,El responsable de la gestion es Contratista,0,0,1,0,0,1,1,1,1,0,,,,,,,,,
,es_responsable_interventor,boolean,,,Es responsable Interventor,El responsable de la gestion es Interventor,0,0,1,0,0,1,1,1,1,0,,,,,,,,,
,es_responsable_idu,boolean,,,Es responsable IDU,El responsable de la gestion es IDU,0,0,1,0,0,1,1,1,1,0,,,,,,,,,
,es_responsable_externo,boolean,,,Es responsable Externo,El responsable de la gestion es Externo,0,0,1,0,0,1,1,1,0,0,,,,,,,,,
,gestion,text,,,Gestion,Ultima gestion de la actividad,0,0,1,0,0,1,1,1,0,0,,,,,,,,,
