group,group_inherits,model_name,create,read,write,delete
base.group_user,base.group_user,sancionatorio.proceso,0,"('user_id','=', user.id)",0,0
procesos_sancionatorios_idu.admin,,sancionatorio.proceso,_ALL_,_ALL_,_ALL_,_ALL_
procesos_sancionatorios_idu.admin,,sancionatorio.apremio,_ALL_,_ALL_,_ALL_,_ALL_
procesos_sancionatorios_idu.admin,,sancionatorio.informe_incumplimiento,_ALL_,_ALL_,_ALL_,_ALL_
procesos_sancionatorios_idu.admin,,sancionatorio.mesas_trabajo,_ALL_,_ALL_,_ALL_,_ALL_
procesos_sancionatorios_idu.admin,,sancionatorio.tareas,_ALL_,_ALL_,_ALL_,_ALL_
procesos_sancionatorios_idu.admin,,sancionatorio.audiencias,_ALL_,_ALL_,_ALL_,_ALL_
procesos_sancionatorios_idu.admin,,sancionatorio.fallos,_ALL_,_ALL_,_ALL_,_ALL_
procesos_sancionatorios_idu.supervisor,base.group_user,sancionatorio.proceso,_OWN_,_OWN_,_OWN_,0
procesos_sancionatorios_idu.supervisor,,sancionatorio.apremio,1,1,1,0
procesos_sancionatorios_idu.supervisor,,sancionatorio.informe_incumplimiento,1,1,1,0
procesos_sancionatorios_idu.supervisor,,sancionatorio.mesas_trabajo,1,1,1,0
procesos_sancionatorios_idu.supervisor,,sancionatorio.tareas,1,1,1,0
procesos_sancionatorios_idu.supervisor,,sancionatorio.audiencias,1,1,1,0
procesos_sancionatorios_idu.supervisor,,sancionatorio.fallos,1,1,1,0
procesos_sancionatorios_idu.abogado,base.group_user,sancionatorio.proceso,0,1,_OWN_,0
procesos_sancionatorios_idu.abogado,,sancionatorio.apremio,0,1,0,0
procesos_sancionatorios_idu.abogado,,sancionatorio.informe_incumplimiento,0,"(‘abogado_sustanciador’,’=’,user.id)","(‘abogado_sustanciador’,’=’,user.id)",0
procesos_sancionatorios_idu.abogado,,sancionatorio.mesas_trabajo,0,1,1,0
procesos_sancionatorios_idu.abogado,,sancionatorio.tareas,0,1,1,0
procesos_sancionatorios_idu.abogado,,sancionatorio.audiencias,0,1,1,0
procesos_sancionatorios_idu.abogado,,sancionatorio.fallos,0,1,1,0
procesos_sancionatorios_idu.analista,base.group_user,sancionatorio.proceso,0,1,0,0
procesos_sancionatorios_idu.analista,,sancionatorio.apremio,0,1,0,0
procesos_sancionatorios_idu.analista,,sancionatorio.informe_incumplimiento,0,1,0,0
procesos_sancionatorios_idu.analista,,sancionatorio.mesas_trabajo,0,1,0,0
procesos_sancionatorios_idu.analista,,sancionatorio.tareas,0,1,0,0
procesos_sancionatorios_idu.analista,,sancionatorio.audiencias,0,1,0,0
procesos_sancionatorios_idu.analista,,sancionatorio.fallos,0,1,0,0
