model_name,name,type,params,comodel,string,help,required,unique,tracking,constrains,onchange,view_tree,view_form,view_search,view_search_group_by,view_form_tab,menu,description,view_description,inherits,inherit,overwrite_write,overwrite_create,data,views
__openerp__,name,,procesos_sancionatorios_idu,,,,,,,,,,,,,,,,,,,,,,
,namespace,,sancionatorio,,,,,,,,,,,,,,,,,,,,,,
,string,,Procesos Sancionatorios IDU,,,,,,,,,,,,,,,,,,,,,,
,depends,,base|hr|base_idu|contrato_idu|project_obra_portafolio_idu,,,,,,,,,,,,,,,,,,,,,,
sancionatorio.proceso,name,char,size:250,,Nombre,Nombre de la mascota,1,0,1,0,0,1,1,1,0,0,base_idu.proyectos_nav,Procesos Sancionatorios,Procesos Sancionatorios,,mail.thread,1,1,0,new
,state,selection,selection:Etapa Previa|Audiencia|Fallo|Cobro|Anulado|Unificado;default:'etapa_previa',,Estado,Estado del proceso,1,0,1,0,0,1,1,1,1,0,,,,,,,,,
,user_id,many2one,readonly:True;default:_CURRENT_USER_,res.users,Usuario,Usuario asignado,0,0,1,0,0,1,_ATTRS_,"[('user_id','=',uid)]",1,0,,,,,,,,,
,contrato_id,many2one,,contrato.contrato,Contrato,Contrato,1,0,1,0,0,1,1,1,1,0,,,,,,,,,
,contrato_interventoria_id,many2one,,contrato.contrato,Contrato Interventoria,Contrato Interventoria,1,0,1,0,0,1,1,1,1,0,,,,,,,,,
,unificado_en_id,many2one,,sancionatorio.proceso,Unificado en,Proceso al que se unificó este proceso,0,0,1,0,0,1,1,1,1,0,,,,,,,,,
,observaciones,text,,,Observaciones,Observaciones,0,0,1,0,0,0,1,0,0,Observaciones,,,,,,,,,
,apremio_ids,many2many,"domain:[('active','=',True)]",sancionatorio.apremio,Apremios,Apremios,0,0,1,0,0,0,1,0,0,Apremios,,,,,,,,,
,informe_incumplimiento_ids,many2many,,sancionatorio.informe_incumplimiento,Informes de Incumplimiento,Informes de Incumplimiento,0,0,1,0,0,0,1,0,0,Informes de Incumplimiento,,,,,,,,,
,mesas_trabajo_ids,many2many,,sancionatorio.mesas_trabajo,Mesas de trabajo ,Mesas de trabajo ,0,0,1,0,0,0,1,0,0,Mesas de trabajo ,,,,,,,,,
,audiencia_ids,many2many,,sancionatorio.audiencias,Audiencias,Audiencias,0,0,1,0,0,0,1,0,0,Audiencias,,,,,,,,,
,fallo_ids,many2many,,sancionatorio.fallos,Fallos,Fallos,0,0,1,0,0,0,1,0,0,Fallos,,,,,,,,,
sancionatorio.apremio,name,char,size:100,,Nombre,Nombre del Apremio,1,1,1,0,0,1,1,1,0,0,main,Apremios,Apremios,,,,,0,new
,radicado_idu,char,size:100,,Radicado IDU,Radicado IDU,0,0,1,0,0,1,1,1,0,0,,,,,,,,,
,fecha_radicado,date,,,Fecha Radicado,Fecha Radicado,0,0,1,0,0,1,1,0,0,0,,,,,,,,,
,observaciones,text,,,Observaciones,Observaciones,0,0,1,0,0,0,1,0,0,0,,,,,,,,,
sancionatorio.informe_incumplimiento,name,char,size:100,,Nombre,Nombre del Informe de Incumplimiento,1,0,1,0,0,1,1,1,0,0,main,Informes de Incumplimento,Informes de Incumplimento,,,,,0,new
,asunto,selection,selection:Informe Técnico Primera Vez|Devolución Informe|Informe Técnico|Concepto de Verificación|Asignación Abogado|Revisión Informe;default:'informe_tecnico_primera_vez',,Asunto,Asunto,1,0,1,0,0,1,1,1,1,0,,,,,,,,,
,radicado,char,size:100,,Radicado,Radicado,0,0,1,0,0,1,1,1,1,0,,,,,,,,,
,fecha_radicado,date,,,Fecha Radicado,Fecha Radicado,0,0,1,0,0,1,1,0,0,0,,,,,,,,,
,observaciones,text,,,Observaciones,Observaciones,0,0,1,0,0,0,1,0,0,0,,,,,,,,,
,abogado_sustanciador_id,many2one,"domain:[('active','=',True)]",res.users,Abogaso Sustanciador,Abogaso Sustanciador,0,0,1,0,0,1,1,1,1,0,,,,,,,,,
sancionatorio.mesas_trabajo,name,char,size:100,,Nombre,Nombre de la mesa de trabajo,1,0,1,0,0,1,1,1,0,0,main,Mesas de Trabajo,Mesas de Trabajo,,,,,0,new
,state,selection,selection:Programada|Realizada|Aplazada;default:'programada',,Estado,Estado,1,0,1,0,0,1,1,1,1,0,,,,,,,,,
,asunto,selection,selection:Mesa de Trabajo 1|Mesa de Trabajo 2|Devolución de Informe;default:'mesa_de_trabajo₁',,Asunto,Asunto,1,0,1,0,0,1,1,1,1,0,,,,,,,,,
,fecha,date,default:_NOW_,,Fecha,Fecha,0,0,1,0,0,1,1,0,0,0,,,,,,,,,
,tarea_ids,many2many,,sancionatorio.tareas,Tareas,Tareas,0,0,1,0,0,0,1,0,0,Tareas,,,,,,,,,
sancionatorio.tareas,name,char,size:100,,Nombre,Nombre de la Tarea,1,0,1,0,0,1,1,1,0,0,main,Tareas,Tareas,,,,,0,new
,state,selection,selection:En Ejecución|Terminada|Suspendida;default:'en_ejecucion',,Estado,Estado,1,0,1,0,0,1,1,1,1,0,,,,,,,,,
,responsable_id,many2one,,res.users,Responsable,Responsable,1,0,1,0,0,1,1,1,1,0,,,,,,,,,
,fecha_fin,date,,,Fecha Fin,Fecha Fin,1,0,1,0,0,1,1,0,0,0,,,,,,,,,
sancionatorio.audiencias,name,char,size:100,,Nombre,Nombre de la Audiencia,1,0,1,0,0,1,1,1,0,0,main,Audiencias,Audiencias,,,,,0,new
,asunto,selection,selection:Informe Técnico Primera Vez|Devolución Informe|Informe Técnico|Concepto de Verificación|Asignación Abogado|Revisión Informe;default:'informe_tecnico_primera_vez',,Asunto,Asunto,1,0,1,0,0,1,1,1,1,0,,,,,,,,,
,fecha,date,,,Fecha,Fecha,0,0,1,0,0,1,1,0,0,0,,,,,,,,,
,radicado,char,size:100,,Radicado,Radicado,0,0,1,0,0,1,1,1,1,0,,,,,,,,,
,observaciones,text,,,Observaciones,Observaciones,0,0,1,0,0,0,1,0,0,0,,,,,,,,,
sancionatorio.fallos,name,char,size:100,,Nombre,Nombre del Fallo,1,0,1,0,0,1,1,1,0,0,main,Fallos,Fallos,,,,,0,new
,asunto,selection,selection:Informe Técnico Primera Vez|Devolución Informe|Informe Técnico|Concepto de Verificación|Asignación Abogado|Revisión Informe;default:'informe_tecnico_primera_vez',,Asunto,Asunto,1,0,1,0,0,1,1,1,1,0,,,,,,,,,
,fecha,date,,,Fecha,Fecha,0,0,1,0,0,1,1,0,0,,,,,,,,,,
,radicado,char,size:100,,Radicado,Radicado,0,0,1,0,0,1,1,1,1,0,,,,,,,,,
,acto_administrativo,text,,,Acto Administrativo,Acto Administrativo,0,0,1,0,0,0,1,0,0,0,,,,,,,,,
,fecha_notificacion,date,,,Fecha Notificación,Fecha Notificación,0,0,1,0,0,1,1,0,0,0,,,,,,,,,
,valor,float,,,Valor,Valor,0,0,1,0,0,1,1,0,0,0,,,,,,,,,
,fecha_ejecutoria,date,,,Fecha de Ejecutoria,Fecha de Ejecutoria,0,0,1,0,0,1,1,1,0,0,,,,,,,,,
,observaciones,text,,,Observaciones,Observaciones,0,0,1,0,0,0,1,0,0,0,,,,,,,,,
