model_name,name,type,params,comodel,string,help,required,unique,tracking,constrains,onchange,view_tree,view_form,view_search,view_search_group_by,view_form_tab,menu,description,view_description,inherits,inherit,overwrite_write,overwrite_create,data,views
__openerp__,name,,project_obra_seguimiento_idu,,,,,,,,,,,,,,,,,,,,,,
,namespace,,project_obra,,,,,,,,,,,,,,,,,,,,,,
,string,,Seguimiento a Obra,,,,,,,,,,,,,,,,,,,,,,
,depends,,base|project_obra_portafolio_idu,,,,,,,,,,,,,,,,,,,,,,
project_obra.brigada.informe_avance,name,char,size:50,,Nombre,,1,0,1,0,0,1,1,1,0,0,main,Informe Avance de Obra Proyecto de Brigadas de Conservacion,Avance Brigada,,mail.thread,0,0,0,new
project_obra.brigada.intervencion.frente,name,char,size:50,,Nombre,,1,0,1,0,0,1,1,1,0,0,main,Informe Avance de Obra Proyecto de Brigadas de Conservacion,Avance Brigada,,mail.thread,0,0,0,new
,prioridad,char,size:50,,Prioridad,,0,0,,,,,,,,,,,,,,,,,
,contrato_id,many2one,,contrato.contrato,,,,,,,,,,,,,,,,,,,,,
project_obra.brigada.intervencion.tipo,name,char,size:50,,Nombre,,1,0,1,0,0,1,1,1,0,0,main,Informe Avance de Obra Proyecto de Brigadas de Conservacion,Avance Brigada,,mail.thread,0,0,0,new
project_obra.brigada.intervencion.estado,name,char,size:50,,Nombre,,1,0,1,0,0,1,1,1,0,0,main,Informe Avance de Obra Proyecto de Brigadas de Conservacion,Avance Brigada,,mail.thread,0,0,0,new
project_obra.brigada.intervencion,name,char,size:50,,Hueco #,,1,0,1,0,0,1,1,1,0,0,main,Informe Avance de Obra Proyecto de Brigadas de Conservacion,Avance Brigada,,mail.thread,0,0,0,new
,contrato_id,many2one,,contrato.contrato,Contrato,,,,,,,,,,,,,,,,,,,,
,district_id,many2one,,res.country.state.city.district,Localidad,,,,,,,,,,,,,,,,,,,,
,frente_id,many2one,,project_obra.brigada.intervencion.frente_intervencion,Frente de Intervención,,,,,,,,,,,,,,,,,,,,
,prioridad,char,related:frente_id.prioridad,,Prioridad,,,,,,,,,,,,,,,,,,,,
,civ,char,size:50,,CIV,,,,,,,,,,,,,,,,,,,,
,estado_id,many2one,,,Estado Intervención,"Hueco Intervenido, Losa Intervenida",,,,,,,,,,,,,,,,,,,
,codigo_elemento,char,size:50,,Código de Elemento,,,,,,,,,,,,,,,,,,,,
,via,char,size:20,,Vía,,,,,,,,,,,,,,,,,,,,
,desde,char,size:20,,Desde,,,,,,,,,,,,,,,,,,,,
,hasta,char,size:20,,Hasta,,,,,,,,,,,,,,,,,,,,
,semana,integer,,,Semana,,,,,,,,,,,,,,,,,,,,
,fecha_inicio,date,,,Fecha de Inicio,,,,,,,,,,,,,,,,,,,,
,fecha_fin,date,,,Fecha de Finalización,,,,,,,,,,,,,,,,,,,,
,tipo_id,many2one,,,Tipo de Intervención,,,,,,,,,,,,,,,,,,,,
,area,float,,,Área,,,,,,,,,,,,,,,,,,,,
,volumen_material_m3,float,,,Volumen,,,,,,,,,,,,,,,,,,,,
,valor,monetary,,,Valor Total incluido AIU,,,,,,,,,,,,,,,,,,,,
,observaciones,char,,,Observaciones,,,,,,,,,,,,,,,,,,,,
,url_foto_antes,char,,,Foto Antes,,,,,,,,,,,,,,,,,,,,
,url_foto_durante,char,,,Foto Durante,,,,,,,,,,,,,,,,,,,,
,url_foto_despues,char,,,Foto Despues,,,,,,,,,,,,,,,,,,,,
