model_name,name,type,params,comodel,string,help,required,unique,tracking,constrains,onchange,view_tree,view_form,view_search,view_search_group_by,view_form_tab,menu,description,view_description,inherits,inherit,overwrite_write,overwrite_create,data,views
__openerp__,name,,project_problemas_idu,,,,,,,,,,,,,,,,,,,,,,
,namespace,,project,,,,,,,,,,,,,,,,,,,,,,
,string,,Gestión de Problemas y Compromisos en Proyectos IDU,,,,,,,,,,,,,,,,,,,,,,
,depends,,base|base_idu|project_portafolio_idu|model_security,,,,,,,,,,,,,,,,,,,,,,
,navigation_menu_id,,base_idu.proyectos_nav,,,,,,,,,,,,,,,,,,,,,,
project.problema,name,char,size:255;compute:True;store:True,,Asunto,,0,0,0,0,0,0,0,1,0,0,base_idu.proyectos_conf_menu,Problemas en Proyectos,Novedades,,"mail.thread,models.soft_delete.mixin",,,0,new
,state,selection,selection:abierto|en_progreso|cancelado|cerrado;default:'abierto',,Estado,,1,0,1,0,0,1,1,1,1,0,,,,,,,,,
,project_id,many2one,readonly:True;default:_CONTEXT_,project.project,Proyecto o Etapa,,1,0,1,0,1,1,1,1,1,0,,,,,,,,,
,contrato_id,many2one,,contrato.contrato,Contrato,,0,0,1,1,1,1,1,1,1,,,,,,,,,,
,user_id,many2one,default:_CURRENT_USER_,res.users,Responsable,,1,0,1,0,0,1,1,1,1,,,,,,,,,,
,tipo_id,many2one,"domain:[('parent_id','=',False)]",project.problema.tipo,Categoría,,1,0,1,0,1,1,1,1,1,,,,,,,,,,
,subtipo_id,many2one,"domain:[('parent_id','=',tipo_id)]",project.problema.tipo,Sub Categoría,,1,0,1,1,0,1,1,1,1,,,,,,,,,,
,tarea_ids,one2many,,"project.task,problema_id",Compromisos/Tareas,,0,0,0,0,0,0,1,0,0,Tareas/Compromisos/Acciones,,,,,,,,,
,fecha_maxima_solucion,date,default:_NOW_,,Fecha Máxima de Solución,Fecha máxima para la resolución del problema sin afectar el proyecto,1,0,1,0,0,1,1,0,1,Detalles,,,,,,,,,
,afecta_cronograma_proyecto,boolean,default:False,,Afecta Cronograma del Proyecto?,,0,0,1,0,0,1,1,1,1,Detalles,,,,,,,,,
,afecta_costo_proyecto,boolean,default:False,,Afecta Costos del Proyecto?,,0,0,1,0,0,1,1,1,1,Detalles,,,,,,,,,
,descripcion,text,,,Descripción,,0,0,0,0,0,0,1,0,0,Detalles,,,,,,,,,
project.problema.tipo,name,char,,,Nombre,,1,1,0,0,0,1,1,1,0,0,base_idu.proyectos_conf_menu,Tipo de Problemas de Proyectos,Categoría de Novedades,,models.soft_delete.mixin,,,0,new
,parent_id,many2one,default:_CONTEXT_,project.problema.tipo,Categoría Padre,,0,0,0,0,0,1,1,0,0,0,,,,,,,,,
,area_responsable_id,many2one,,hr.department,Área Responsable de Solución,,0,0,0,0,0,1,1,0,0,0,,,,,,,,,
,entidad_externa_id,many2one,,res.partner,Entidad Externa Involucrada,,0,0,0,0,0,1,1,0,0,0,,,,,,,,,
,usuario_apoyo_ids,many2many,,res.users,Equipo de apoyo,Funcionarios que apoyan a la atención y resolución de este tipo de problema,0,0,0,0,0,0,1,0,0,0,,,,,,,,,
project.project,problema_ids,one2many,,"project.problema,project_id",Novedades,,0,0,0,0,0,0,1,0,0,0,,,,,project.project,,,0,extend:form=project.edit_project|partner_id
,usa_problemas,boolean,default:False,,Usar Novedades,,0,0,0,0,0,0,0,0,0,0,,,,,,,,,
project.task,problema_id,many2one,default:_CONTEXT_,project.problema,Atiende la Novedad,Indica cual es la novedad relacionada a esta tarea,0,0,0,0,0,0,1,0,0,0,,,,,project.task,,,0,extend:form=project.view_task_form2|tag_ids
contrato.contrato,problema_ids,one2many,,"project.problema,contrato_id",Novedades,,0,0,0,0,0,0,1,0,0,0,,,,,contrato.contrato,,,0,extend:form=contrato_idu.contrato_form|tipo_id
