model_name,act_from,act_to,condition,group,button_label,type
project_obra.construccion.informe_avance,nuevo,por_revisar,True,project_obra_seguimiento_dtc.coordinador_tecnico,Pasar a Revisión,start
,por_revisar,devuelto,True,project_obra_seguimiento_dtc.pre_aprueba_informes,Devolver para Correcciones,
,pre_aprobado,devuelto,True,project_obra_seguimiento_dtc.aprueba_informes,Devolver para Correcciones,
,devuelto,por_revisar,True,project_obra_seguimiento_dtc.coordinador_tecnico,Pasar a Revisión,
,por_revisar,pre_aprobado,True,project_obra_seguimiento_dtc.pre_aprueba_informes,Aprobado por Subdirección Técnica,
,pre_aprobado,aprobado,True,project_obra_seguimiento_dtc.aprueba_informes,Aprobado por Dirección Técnica,
,aprobado,publicado,True,,,stop
