group,group_inherits,model_name,create,read,write,delete
project.group_project_manager,project_obra_idu.group_analista,project_obra.proyecto,1,1,1,0
,,project_obra.proyecto.tag,0,1,0,0
,,project_obra.proyecto.eje,0,1,0,0
,,project_obra.proyecto.origen,0,1,0,0
,,project_obra.proyecto.etapa,1,1,1,0
,,project_obra.proyecto.etapa.tipo,0,1,0,0
,,project_obra.obra,1,1,1,0
,,project_obra.obra.informe,0,1,0,0
,,project_obra.obra.informe.detalle,0,1,0,0
,,project_obra.obra.frente,1,1,1,0
,,project_obra.obra.frente.intervencion,1,1,1,0
,,project_obra.obra.frente.intervencion.avance,0,1,0,0
,,project_obra.obra.frente.intervencion.tipo,0,1,0,0
project_portafolio_idu.group_project_admin,project_obra_idu.group_analista,project_obra.proyecto,1,1,1,1
,,project_obra.proyecto.tag,1,1,1,1
,,project_obra.proyecto.eje,1,1,1,1
,,project_obra.proyecto.origen,1,1,1,1
,,project_obra.proyecto.etapa,1,1,1,1
,,project_obra.proyecto.etapa.tipo,1,1,1,1
,,project_obra.obra,1,1,1,1
,,project_obra.obra.informe,0,1,0,1
,,project_obra.obra.informe.detalle,0,1,0,1
,,project_obra.obra.frente,1,1,1,1
,,project_obra.obra.frente.intervencion,1,1,1,1
,,project_obra.obra.frente.intervencion.avance,0,1,0,1
,,project_obra.obra.frente.intervencion.tipo,1,1,1,1
project_obra_idu.group_analista,project.group_project_user,project_obra.obra,0,1,0,0
,,project_obra.obra.informe,0,1,0,0
,,project_obra.obra.informe.detalle,0,1,0,0
,,project_obra.obra.frente,0,1,0,0
,,project_obra.obra.frente.intervencion,0,1,0,0
,,project_obra.obra.frente.intervencion.avance,0,1,0,0
,,project_obra.obra.frente.intervencion.tipo,0,1,0,0
project_obra_idu.group_coordinador,project_obra_idu.group_analista,project_obra.obra,0,1,0,0
,,project_obra.obra.informe,"[
  '|',
  ('obra_id.coordinador_id','=',user.id),
  ('obra_id.coordinador_apoyo_ids','in',[user.id]),
]","[
  '|',
  ('obra_id.coordinador_id','=',user.id),
  ('obra_id.coordinador_apoyo_ids','in',[user.id]),
]","[
  '|',
  ('obra_id.coordinador_id','=',user.id),
  ('obra_id.coordinador_apoyo_ids','in',[user.id]),
]",0
,,project_obra.obra.informe.detalle,"[
  '|',
  ('informe_id.obra_id.coordinador_id','=',user.id),
  ('informe_id.obra_id.coordinador_apoyo_ids','in',[user.id]),
]","[
  '|',
  ('informe_id.obra_id.coordinador_id','=',user.id),
  ('informe_id.obra_id.coordinador_apoyo_ids','in',[user.id]),
]","[
  '|',
  ('informe_id.obra_id.coordinador_id','=',user.id),
  ('informe_id.obra_id.coordinador_apoyo_ids','in',[user.id]),
]",0
,,project_obra.obra.frente,"[
  '|',
  ('obra_id.coordinador_id','=',user.id),
  ('obra_id.coordinador_apoyo_ids','in',[user.id]),
]","[
  '|',
  ('obra_id.coordinador_id','=',user.id),
  ('obra_id.coordinador_apoyo_ids','in',[user.id]),
]","[
  '|',
  ('obra_id.coordinador_id','=',user.id),
  ('obra_id.coordinador_apoyo_ids','in',[user.id]),
]",0
,,project_obra.obra.frente.intervencion,"[
  '|',
  ('frente_id.obra_id.coordinador_id','=',user.id),
  ('frente_id.obra_id.coordinador_apoyo_ids','in',[user.id]),
]",1,"[
  '|',
  ('frente_id.obra_id.coordinador_id','=',user.id),
  ('frente_id.obra_id.coordinador_apoyo_ids','in',[user.id]),
]",0
,,project_obra.obra.frente.intervencion.avance,"[
  '|',
  ('intervencion_id.frente_id.obra_id.coordinador_id','=',user.id),
  ('intervencion_id.frente_id.obra_id.coordinador_apoyo_ids','in',[user.id]),
]
",1,"[
  '|',
  ('intervencion_id.frente_id.obra_id.coordinador_id','=',user.id),
  ('intervencion_id.frente_id.obra_id.coordinador_apoyo_ids','in',[user.id]),
]
",0
,,project_obra.obra.frente.intervencion.tipo,0,1,0,0
project_obra_idu.group_subdireccion,project_obra_idu.group_analista,project_obra.obra,"[
  ('area_ejecutoria_id','child_of',user.department_id.id),
]
","[
  ('area_ejecutoria_id','child_of',user.department_id.id),
]
","[
  ('area_ejecutoria_id','child_of',user.department_id.id),
]
",0
,,project_obra.obra.informe,0,"[
  ('obra_id.area_ejecutoria_id','child_of',user.department_id.id),
]","[
  ('obra_id.area_ejecutoria_id','child_of',user.department_id.id),
]",0
,,project_obra.obra.informe.detalle,0,"[
'informe_id.obra_id.area_ejecutoria_id','child_of',user.department_id.id),
]",0,0
,,project_obra.obra.frente,"[
  ('obra_id.area_ejecutoria_id','child_of',user.department_id.id),
]","[
  ('obra_id.area_ejecutoria_id','child_of',user.department_id.id),
]","[
  ('obra_id.area_ejecutoria_id','child_of',user.department_id.id),
]","[
  ('obra_id.area_ejecutoria_id','child_of',user.department_id.id),
]"
,,project_obra.obra.frente.intervencion,0,1,0,0
,,project_obra.obra.frente.intervencion.avance,0,1,0,0
,,project_obra.obra.frente.intervencion.tipo,0,1,0,0
project_obra_idu.group_direccion,project_obra_idu.group_subdireccion,,,,,
