model_name,name,type,params,comodel,string,help,required,states,unique,tracking,constrains,onchange,view_tree,view_form,view_search,view_search_group_by,view_form_tab,menu,description,view_description,inherits,inherit,overwrite_write,overwrite_create,data,views
__openerp__,name,,project_obra_seguimiento_sgdu,,,,,,,,,,,,,,,,,,,,,,,
,namespace,,project_obra,,,,,,,,,,,,,,,,,,,,,,,
,string,,Seguimiento Proyectos SGDU,,,,,,,,,,,,,,,,,,,,,,,
,depends,,base|project_obra_portafolio_idu|project_obra_seguimiento_idu|model_security,,,,,,,,,,,,,,,,,,,,,,,
,navigation_menu_id,,base_idu.proyectos_nav,,,,,,,,,,,,,,,,,,,,,,,
project_obra.sgdu.informe_avance,name,char,size:100;compute:True;store:True;depends:cabecera_id;invisible:True,,Nombre,,0,,0,1,0,0,1,1,1,0,0,main,Informe Avance de Prefactibilidad,Informes de Avance,project_obra.informe_cabecera;cabecera_id,"mail.thread,models.soft_delete.mixin,project_obra.informe.workflow_mixin",1,1,0,new
,state,selection,delegated:True;selection:nuevo|por_revisar|pre_aprobado|aprobado|publicado|devuelto,,Estado,,1,,0,0,0,0,1,1,1,1,0,,,,,,,,,
,company_id,many2one,delegated:True;invisible:True,res.company,Compañía,,0,,0,0,0,0,0,1,0,0,0,,,,,,,,,
,currency_id,many2one,delegated:True;invisible:True,res.currency,Moneda,,0,,0,0,0,0,0,1,0,0,0,,,,,,,,,
,user_id,many2one,delegated:True,res.users,Autor,,1,,0,1,0,0,1,readonly:1,1,1,0,,,,,,,,,
,fecha,date,delegated:True,,Fecha de Corte,,1,,0,1,0,0,1,1,0,0,0,,,,,,,,,
,periodo_fecha_inicio,date,delegated:True,,Desde,Fecha de Inicio del periodo a reportarse,1,,0,1,1,1,0,1,0,0,0,,,,,,,,,
,periodo_fecha_fin,date,delegated:True,,Hasta,Fecha de finalización del periodo a reportarse,1,,0,1,1,1,0,1,0,0,0,,,,,,,,,
,semana,integer,delegated:True,,Semana No,,1,,0,1,0,0,1,1,0,0,0,,,,,,,,,
,dias_ejecucion,integer,delegated:True,,Días Transcurridos del Contrato,,0,,0,1,0,0,0,1,0,0,0,,,,,,,,,
,proyecto_id,many2one,delegated:True,project_obra.proyecto,Proyecto,,1,,0,1,0,0,1,readonly:1,1,1,0,,,,,,,,,
,etapa_actual_id,many2one,delegated:True,project_obra.proyecto.etapa,Etapa del Proyecto,Si la etapa no se encuentra consultar con OAP para su inclusión,1,,0,1,0,0,0,readonly:1,1,1,0,,,,,,,,,
,etapa_actual_tipo_id,many2one,delegated:True,project_obra.proyecto.etapa.tipo,Etapa Actual (tipo),,0,,0,1,0,0,0,readonly:1,0,0,0,,,,,,,,,
,programado_porcentaje_avance_fisico,float,compute:True;depends:periodo_fecha_fin|fecha;store:True,,Porcentaje Programado de Avance Físico,,0,,0,1,1,1,0,1,0,0,1|Avance General,,,,,,,,,
,ejecutado_porcentaje_avance_fisico,float,compute:True;depends:periodo_fecha_fin|fecha;store:True,,Porcentaje Ejecutado de Avance Físico,,0,,0,1,1,1,0,1,0,0,1|Avance General,,,,,,,,,
,avance_por_componente_ids,one2many,readonly:False,"project_obra.sgdu.informe_avance.detalle_componente,informe_id",Avances Por Componente,,0,aprobado:readonly=1;publicado:readonly=1,0,0,0,0,0,1,0,0,2|Avance Detallado,,,,,,,,,
project_obra.sgdu.informe_avance.detalle_componente,name,char,compute:True;depends:informe_id|componente_id;readonly:True;store:True,,Nombre,,0,,0,1,0,0,0,0,1,0,0,admin,Informe Avance de Componente de Prefactibilidad,Avance Componente Prefactibilidad,,"mail.thread,models.soft_delete.mixin",1,1,0,new
,informe_id,many2one,default:_CONTEXT_;readonly:True,project_obra.sgdu.informe_avance,Informe,,1,,0,1,0,0,0,readonly:1,1,1,0,,,,,,,,,
,state,selection,related:informe_id.cabecera_id.state;readonly:True,,Estado de la Cabecera Informe,,0,,0,0,0,0,0,1,1,0,0,0,,,,,,,,
,proyecto_id,many2one,related:informe_id.proyecto_id;readonly:True,project_obra.proyecto,Proyecto,,1,,0,1,0,0,1,readonly:1,1,1,0,,,,,,,,,
,etapa_actual_tipo_id,many2one,related:informe_id.etapa_actual_tipo_id;readonly:True;invisible:True,project_obra.proyecto.etapa.tipo,Etapa Actual (tipo),,0,,0,1,0,0,0,readonly:1,0,0,0,,,,,,,,,
,componente_id,many2one,"domain:[('proyecto_id','=',proyecto_id),('tipo_etapa_id','=',etapa_actual_tipo_id)]",project_obra.proyecto.frente_obra,Componente,,1,,0,1,0,0,0,readonly:1,1,1,0,,,,,,,,,
,componente_peso,integer,related:componente_id.peso;readonly:True,,Peso Componente,,0,,0,0,0,0,1,1,0,0,0,,,,,,,,,
,programado_porcentaje_fisico,float,compute:True,,% Avance Programado,,0,,0,1,0,0,0,1,0,0,0,,,,,,,,,
,ejecutado_porcentaje_fisico,float,readonly:False,,% Avance Ejecutado,,1,aprobado:readonly=1;publicado:readonly=1,0,1,1,1,0,1,0,0,0,,,,,,,,,
