model_name,name,type,params,comodel,string,help,required,states,unique,tracking,constrains,onchange,view_tree,view_form,view_search,view_search_group_by,view_form_tab,menu,description,view_description,inherits,inherit,overwrite_write,overwrite_create,data,views
__openerp__,name,,project_obra_seguimiento_idu,,,,,,,,,,,,,,,,,,,,,,,
,namespace,,project_obra,,,,,,,,,,,,,,,,,,,,,,,
,string,,ZIPA: Seguimiento a Obra,,,,,,,,,,,,,,,,,,,,,,,
,depends,,base|project_obra_portafolio_idu|model_security,,,,,,,,,,,,,,,,,,,,,,,
,navigation_menu_id,,base_idu.proyectos_nav,,,,,,,,,,,,,,,,,,,,,,,
project_obra.informe_cabecera,name,char,size:50;compute:True,,Nombre,,0,0,0,0,0,0,1,1,1,0,0,admin,Informe Avance de Obra - Cabecera,Informe Cabecera,,"mail.thread,models.soft_delete.mixin",0,0,0,new
,state,selection,selection:nuevo|por_revisar|pre_aprobado|aprobado|publicado|devuelto;default:'nuevo',,Estado,,1,0,0,1,0,0,1,1,1,1,0,,,,,,,,,
,company_id,many2one,default:_COMPANY_;invisible:True,res.company,Compañía,,0,0,0,0,0,0,0,1,0,0,0,,,,,,,,,
,currency_id,many2one,related:company_id.currency_id;readonly:True;invisible:True,res.currency,Moneda,,0,0,0,0,0,0,0,1,0,0,0,,,,,,,,,
,user_id,many2one,default:_CURRENT_USER_;readonly:False,res.users,Autor,,1,aprobado:readonly=1;publicado:readonly=1,0,1,0,0,1,1,1,1,0,,,,,,,,,
,fecha,date,readonly:False,,Fecha del Reporte,,1,aprobado:readonly=1;publicado:readonly=1,0,1,0,0,0,1,0,0,0,,,,,,,,,
,periodo_fecha_inicio,date,readonly:False,,Desde,Fecha de Inicio del periodo a reportarse,1,aprobado:readonly=1;publicado:readonly=1,0,1,1,1,0,1,0,0,0,,,,,,,,,
,periodo_fecha_fin,date,readonly:False,,Hasta,Fecha de finalización del periodo a reportarse,1,aprobado:readonly=1;publicado:readonly=1,0,1,1,1,0,1,0,0,0,,,,,,,,,
,semana,integer,readonly:False,,Semana No,,1,aprobado:readonly=1;publicado:readonly=1,0,1,0,0,1,1,0,0,0,,,,,,,,,
,dias_ejecucion,integer,compute:True;depends:periodo_fecha_fin;store:True,,Días Transcurridos del Contrato,,0,0,0,1,0,0,0,1,0,0,0,,,,,,,,,
,proyecto_id,many2one,readonly:False,project_obra.proyecto,Proyecto,,1,aprobado:readonly=1;publicado:readonly=1,0,1,0,0,1,1,1,1,0,,,,,,,,,
,etapa_actual_id,many2one,"domain:[('proyecto_id','=',proyecto_id),('state','=', 'open')];readonly:False",project_obra.proyecto.etapa,Etapa del Proyecto,Si la etapa no se encuentra consultar con OAP para su inclusión,1,aprobado:readonly=1;publicado:readonly=1,0,1,0,0,1,1,1,1,0,,,,,,,,,
,etapa_actual_tipo_id,many2one,related:etapa_actual_id.tipo_id;readonly:False,project_obra.proyecto.etapa.tipo,Etapa Actual (tipo),,0,aprobado:readonly=1;publicado:readonly=1,0,1,0,0,0,1,0,0,0,,,,,,,,,
,photo_ids,one2many,default:_CONTEXT_;readonly:False,"photo_gallery.photo,proyecto_obra_informe_cabecera_id",Registro Fotográfico,,0,aprobado:readonly=1;publicado:readonly=1,0,0,0,0,0,1,0,0,7|Registro Fotográfico,,,,,,,,,
,informe_por_contrato_ids,one2many,readonly:False,"project_obra.informe_por_contrato,cabecera_id",Informes de Avances de Contratos,,0,aprobado:readonly=1;publicado:readonly=1,0,0,0,0,0,1,0,0,1|Avances,,,,,,,,,
,informe_al_ciudadano_ids,one2many,readonly:False,"project_obra.informe_al_ciudadano,cabecera_id",Informes Al Ciudadano (Visor),,0,aprobado:readonly=1;publicado:readonly=1,0,0,0,0,0,1,0,0,6|Visor,,,,,,,,,
,informe_social_ids,one2many,readonly:False,"project_obra.informe_social,cabecera_id",Informes de Gestión Social,,0,aprobado:readonly=1;publicado:readonly=1,0,0,0,0,0,1,0,0,4|Gestión Social,,,,,,,,,
,informe_predios_ids,one2many,readonly:False,"project_obra.informe_predios,cabecera_id",Informes de Predios,,0,aprobado:readonly=1;publicado:readonly=1,0,0,0,0,0,1,0,0,8|Predial,,,,,,,,,
,informe_novedad_ids,one2many,readonly:False,"project_obra.informe_novedades,cabecera_id",Informes de Novedades,,0,aprobado:readonly=1;publicado:readonly=1,0,0,0,0,0,1,0,0,5|Novedades,,,,,,,,,
,informe_meta_fisica_ids,one2many,readonly:False,"project_obra.informe_meta_fisica,cabecera_id",Informes de Metas Físicas,,0,aprobado:readonly=1;publicado:readonly=1,0,0,0,0,0,1,0,0,9|Metas Físicas,,,,,,,,,
,informe_mpp_ids,one2many,readonly:False,"project_obra.informe_mpp,cabecera_id",Informes MPPs,,0,aprobado:readonly=1;publicado:readonly=1,0,0,0,0,0,1,0,0,3|Cronograma,,,,,,,,,
,informe_etapa_ids,one2many,readonly:False,"project_obra.informe_etapa,cabecera_id",Informes Etapas en Contratos Mixtos,,0,aprobado:readonly=1;publicado:readonly=1,0,0,0,0,0,1,0,0,3|Cronograma,,,,,,,,,
project_obra.informe_por_contrato,name,char,size:100;compute:True;store:True;depends:cabecera_id,,Nombre,,0,0,0,1,0,0,1,1,1,0,0,admin,Informe Avance de Obra por Contrato,Informe por Contrato,,"mail.thread,models.soft_delete.mixin",0,0,0,new
,contrato_id,many2one,default:_CONTEXT_;readonly:False,contrato.contrato,Contrato,,1,aprobado:readonly=1;publicado:readonly=1,0,1,0,1,1,1,1,1,0,,,,,,,,,
,contrato_interventoria_id,many2one,default:_CONTEXT_;readonly:False,contrato.contrato,Contrato de Interventoría,,1,aprobado:readonly=1;publicado:readonly=1,0,1,0,1,1,1,1,1,0,,,,,,,,,
,cabecera_id,many2one,readonly:True;default:_CONTEXT_,project_obra.informe_cabecera,Cabecera del Informe,,0,0,0,1,0,0,1,1,1,1,0,,,,,,,,,
,state,selection,related:cabecera_id.state;readonly:True,,Estado de la Cabecera Informe,,0,0,0,0,0,0,1,1,0,0,0,,,,,,,,,
,company_id,many2one,default:_COMPANY_;invisible:True,res.company,Compañía,,0,0,0,0,0,0,0,1,0,0,1|Avances,,,,,,,,,
,currency_id,many2one,related:company_id.currency_id;readonly:True;invisible:True,res.currency,Moneda,,0,0,0,0,0,0,0,1,0,0,1|Avances,,,,,,,,,
,programado_porcentaje_avance_fisico_acumulado,float,readonly:False,,Porcentaje de avance fisico acumulado (Programado),,0,aprobado:readonly=1;publicado:readonly=1,0,1,1,1,0,1,0,0,1|Avances,,,,,,,,,
,programado_avance_financiero_acumulado,monetary,readonly:False,,Avance financiero Acumulado (Programado),,0,aprobado:readonly=1;publicado:readonly=1,0,1,1,1,0,1,0,0,1|Avances,,,,,,,,,
,ejecutado_porcentaje_avance_fisico_acumulado,float,readonly:False,,Porcentaje de avance fisico acumulado (Ejecutado),,0,aprobado:readonly=1;publicado:readonly=1,0,1,1,1,0,1,0,0,1|Avances,,,,,,,,,
,ejecutado_avance_financiero_acumulado,monetary,readonly:False,,Avance financiero Acumulado (Ejecutado),,0,aprobado:readonly=1;publicado:readonly=1,0,1,1,1,0,1,0,0,1|Avances,,,,,,,,,
project_obra.informe_al_ciudadano,name,char,size:100;compute:True;store:True;depends:cabecera_id,,Nombre,,0,0,0,1,0,0,1,1,1,0,0,admin,Informe Avance de Obra para el Ciudadano,Informe al Ciudadano,,"mail.thread,models.soft_delete.mixin",0,0,0,new
,cabecera_id,many2one,readonly:True;default:_CONTEXT_,project_obra.informe_cabecera,Cabecera del Informe,,0,0,0,1,0,0,1,1,1,1,0,,,,,,,,,
,state,selection,related:cabecera_id.state;readonly:True,,Estado de la Cabecera Informe,,0,0,0,0,0,0,1,1,0,0,0,,,,,,,,,
,ciudadano_anuncios,char,size:255;readonly:False,,Anuncios a la Comunidad,"ej. Cierres Viales, reuniones a realizarse con la comunidad",0,aprobado:readonly=1;publicado:readonly=1,0,1,0,0,1,1,1,0,5|Visor,,,,,,,,,
,ciudadano_avances_por_meta_fisica_ids,one2many,readonly:False,"project_obra.informe_al_ciudadano.avance_por_meta,informe_id",Avances por Meta Física,,0,aprobado:readonly=1;publicado:readonly=1,0,1,0,0,1,1,1,0,5|Visor,,,,,,,,,
project_obra.informe_al_ciudadano.avance_por_meta,name,char,size:100;compute:True;store:True;depends:informe_id,,Nombre,,0,0,0,1,0,0,1,1,1,0,0,admin,Informe Avance de Obra por Meta Fisica para el Ciudadano,Informe al Ciudadano por Meta,,"mail.thread,models.soft_delete.mixin",0,0,0,new
,informe_id,many2one,readonly:True;default:_CONTEXT_,project_obra.informe_al_ciudadano,Informe al Ciudadano,,1,0,0,1,0,0,1,1,1,1,0,,,,,,,,,
,state,selection,related:informe_id.cabecera_id.state;readonly:True,,Estado de la Cabecera Informe,,0,0,0,0,0,0,1,1,0,0,0,,,,,,,,,
,project_id,many2one,related:informe_id.cabecera_id.proyecto_id.project_id;readonly:True,project.project,Proyecto Odoo,,0,0,0,1,0,0,1,1,1,1,0,,,,,,,,,
,meta_fisica_id,many2one,"domain:[('project_id','=',project_id)];readonly:False",project.meta,Meta Física,,1,aprobado:readonly=1;publicado:readonly=1,0,0,0,0,1,1,1,1,0,,,,,,,,,
,avance,char,size:255;readonly:False,,En Qué se Trabaja,,0,aprobado:readonly=1;publicado:readonly=1,0,0,0,0,1,1,0,0,0,,,,,,,,,
project_obra.informe_predios,name,char,size:100;compute:True;store:True;depends:cabecera_id,,Nombre,,0,0,0,1,0,0,1,1,1,0,0,admin,Informe Avance de Adquisicioon de Predios,Informe de Predios,,"mail.thread,models.soft_delete.mixin",0,0,0,new
,cabecera_id,many2one,readonly:True;default:_CONTEXT_,project_obra.informe_cabecera,Cabecera del Informe,,0,0,0,1,0,0,1,1,1,1,0,,,,,,,,,
,state,selection,related:cabecera_id.state;readonly:True,,Estado de la Cabecera Informe,,0,0,0,0,0,0,1,1,0,0,0,,,,,,,,,
,predios_requeridos,integer,readonly:False,,Predios Requeridos (Total),,0,aprobado:readonly=1;publicado:readonly=1,0,1,0,0,1,1,0,0,7|Predial,,,,,,,,,
,predios_entregados,integer,readonly:False,,Predios Entregados (Disponibles),,0,aprobado:readonly=1;publicado:readonly=1,0,1,0,0,1,1,0,0,7|Predial,,,,,,,,,
,predios_pendientes,integer,readonly:False,,Predios Pendientes,,0,aprobado:readonly=1;publicado:readonly=1,0,1,0,0,1,1,0,0,7|Predial,,,,,,,,,
project_obra.informe_novedades,name,char,size:100;compute:True;store:True;depends:cabecera_id,,Nombre,,0,0,0,1,0,0,1,1,1,0,0,admin,Informe Avance de Novedades de Obra,Informe de Novedades,,"mail.thread,models.soft_delete.mixin",0,0,0,new
,cabecera_id,many2one,readonly:True;default:_CONTEXT_,project_obra.informe_cabecera,Cabecera del Informe,,0,0,0,1,0,0,1,1,1,1,,,,,,,,,,
,state,selection,related:cabecera_id.state;readonly:True,,Estado de la Cabecera Informe,,0,0,0,0,0,0,1,1,0,0,0,,,,,,,,,
,resumen_novedades,text,readonly:False,,Resumen de Novedades,Resumen en Formato JSON de como estaban las novedades para el contrato a la fecha de corte.,0,aprobado:readonly=1;publicado:readonly=1,0,0,0,0,1,1,0,0,4|Novedades,,,,,,,,,
project_obra.informe_meta_fisica,name,char,size:100;compute:True;store:True;depends:cabecera_id,,Nombre,,0,0,0,1,0,0,1,1,1,0,0,admin,Informe Avance de Metas Fisicas de Obra,Informe Meta Física,,"mail.thread,models.soft_delete.mixin",0,0,0,new
,cabecera_id,many2one,readonly:True;default:_CONTEXT_,project_obra.informe_cabecera,Cabecera del Informe,,0,0,0,1,0,0,1,1,1,1,0,,,,,,,,,
,state,selection,related:cabecera_id.state;readonly:True,,Estado de la Cabecera Informe,,0,0,0,0,0,0,1,1,0,0,0,,,,,,,,,
,proyecto_id,many2one,related:cabecera_id.proyecto_id;readonly:True,project_obra.proyecto,Proyecto,,0,0,0,1,0,0,1,1,1,1,0,,,,,,,,,
,meta_fisica_avance_ids,one2many,readonly:False,"project_obra.informe_meta_fisica.avance,informe_id",Avances por Meta Física,,0,aprobado:readonly=1;publicado:readonly=1,0,0,0,0,0,1,0,0,8|Meta Físicas,,,,,,,,,
project_obra.informe_meta_fisica.avance,name,char,size:100;compute:True;store:True;depends:informe_id,,Nombre,,0,0,0,1,0,0,1,1,1,0,0,admin,Informe Avance de Metas Fisicas de Obra,Informe Meta Física,,"mail.thread,models.soft_delete.mixin",0,0,0,new
,informe_id,many2one,readonly:True;default:_CONTEXT_,project_obra.informe_meta_fisica,Cabecera del Informe,,1,0,0,1,0,0,1,1,1,1,0,,,,,,,,,
,state,selection,related:informe_id.cabecera_id.state;readonly:True,,Estado de la Cabecera Informe,,0,0,0,0,0,0,1,1,0,0,0,,,,,,,,,
,proyecto_id,many2one,related:informe_id.cabecera_id.proyecto_id;readonly:True,project_obra.proyecto,Proyecto,,0,0,0,1,0,0,1,1,1,1,0,,,,,,,,,
,project_id,many2one,related:informe_id.cabecera_id.proyecto_id.project_id;readonly:True,project.project,Proyecto Odoo,,0,0,0,1,0,0,1,1,1,1,0,,,,,,,,,
,frente_id,many2one,default:_CONTEXT_;readonly:False,project_obra.proyecto.frente_obra,Frente de Obra,,0,aprobado:readonly=1;publicado:readonly=1,0,1,0,0,0,1,1,1,0,,,,,,,,,
,meta_fisica_id,many2one,"domain:[('project_id','=',project_id)];readonly:False",project.meta,Meta Física,,1,aprobado:readonly=1;publicado:readonly=1,0,1,0,0,1,1,1,1,0,,,,,,,,,
,avance_programado,float,readonly:False,,Avance Programado,,0,aprobado:readonly=1;publicado:readonly=1,0,1,0,0,1,1,1,0,0,,,,,,,,,
,avance_acumulado,float,readonly:False,,Avance Acumulado,,0,aprobado:readonly=1;publicado:readonly=1,0,1,0,0,1,1,1,0,0,,,,,,,,,
,uom_id,many2one,related:meta_fisica_id.tipo_id.uom_id;readonly:True,product.uom,Unidad de Medida,related:meta_fisica_id.uom_id,0,0,0,1,0,0,1,1,1,1,0,,,,,,,,,
project_obra.informe_mpp,name,char,size:100;compute:True;store:True;depends:cabecera_id,,Nombre,,0,0,0,1,0,0,1,1,1,0,0,admin,Informe Avance en Archivo MPP,Informe en .mpp,,"mail.thread,models.soft_delete.mixin",0,0,0,new
,cabecera_id,many2one,readonly:True;default:_CONTEXT_,project_obra.informe_cabecera,Cabecera del Informe,,0,0,0,1,0,0,1,1,1,1,3|Cronograma,,,,,,,,,
,state,selection,related:cabecera_id.state;readonly:True,,Estado de la Cabecera Informe,,0,0,0,0,0,0,1,1,0,0,0,,,,,,,,,
,proyecto_id,many2one,related:cabecera_id.proyecto_id;readonly:True,project_obra.proyecto,Proyecto,,0,0,0,1,0,0,1,1,1,1,3|Cronograma,,,,,,,,,
,archivo,binary,readonly:False,,Archivo MS-Project,,0,aprobado:readonly=1;publicado:readonly=1,0,1,0,0,1,1,1,1,3|Cronograma,,,,,,,,,
,archivo_filename,char,readonly:False,,Nombre de Archivo,,0,aprobado:readonly=1;publicado:readonly=1,0,1,0,0,1,1,1,1,3|Cronograma,,,,,,,,,
,linea_frente_ids,one2many,readonly:False,"project_obra.informe_mpp.linea_frente,informe_id",Avances por Componente/Frente,,0,aprobado:readonly=1;publicado:readonly=1,0,0,0,0,0,1,0,0,2|Avances por Frente,,,,,,,,,
project_obra.informe_mpp.linea_frente,name,char,size:100;compute:True;store:True;depends:informe_id,,Nombre,,0,0,0,1,0,0,1,1,1,0,0,admin,Informe Avance Por Frente en Archivo MPP,Linea Frente en .mpp,,"mail.thread,models.soft_delete.mixin",0,0,0,new
,informe_id,many2one,readonly:True;default:_CONTEXT_,project_obra.informe_mpp,Informe MPP,,1,0,0,1,0,0,1,1,1,1,0,,,,,,,,,
,state,selection,related:informe_id.cabecera_id.state;readonly:True,,Estado de la Cabecera Informe,,0,0,0,0,0,0,1,1,0,0,0,,,,,,,,,
,proyecto_id,many2one,related:informe_id.cabecera_id.proyecto_id;readonly:True,project_obra.proyecto,Proyecto,,0,0,0,1,0,0,1,1,1,1,0,,,,,,,,,
,frente_id,many2one,readonly:False,project_obra.proyecto.frente_obra,Frente de Obra,,1,aprobado:readonly=1;publicado:readonly=1,0,1,0,0,1,1,1,1,0,,,,,,,,,
,porcentaje_programado,float,readonly:False,,Porcentaje Programado,,0,aprobado:readonly=1;publicado:readonly=1,0,1,0,0,1,1,0,0,0,,,,,,,,,
,porcentaje_ejecutado,float,readonly:False,,Porcentaje Ejecutado,,0,aprobado:readonly=1;publicado:readonly=1,0,1,0,0,1,1,0,0,0,,,,,,,,,
,porcentaje_variacion,float,compute:True;store:True;depends:porcentaje_programado|porcentaje_ejecutado,,Variación Porcentual,,0,,0,1,0,0,1,1,0,0,0,,,,,,,,,
project_obra.informe_social,name,char,size:100;compute:True;store:True;depends:cabecera_id,,Nombre,,0,0,0,1,0,0,1,1,1,0,0,admin,Informe Gestion Social Obra,Informe Gestión Social,,"mail.thread,models.soft_delete.mixin",0,0,0,new
,cabecera_id,many2one,readonly:True;default:_CONTEXT_,project_obra.informe_cabecera,Cabecera del Informe,,0,0,0,1,0,0,1,1,1,1,0,,,,,,,,,
,state,selection,related:cabecera_id.state;readonly:True,,Estado de la Cabecera Informe,,0,0,0,0,0,0,1,1,0,0,0,,,,,,,,,
,empleos_generados_contratista,integer,readonly:False,,Empleos Generados por Contratista,,0,aprobado:readonly=1;publicado:readonly=1,0,1,0,0,1,1,1,0,5|Gestión Social,,,,,,,,,
,empleos_generados_interventoria,integer,readonly:False,,Empleos Generados por Interventoría,,0,aprobado:readonly=1;publicado:readonly=1,0,1,0,0,1,1,1,0,5|Gestión Social,,,,,,,,,
photo_gallery.photo,proyecto_obra_informe_cabecera_id,many2one,,project_obra.informe_cabecera,Proyecto de Obra Avance DTC,,0,0,0,0,0,0,0,1,1,0,0,admin,,Galeria de Fotos,,photo_gallery.photo,,,0,none
project_obra.informe_etapa,name,char,size:50;compute:True,,Nombre,,0,0,0,0,0,0,1,1,1,0,0,admin,Informe Avance de Obra – Por Etapa Adicional,Informe por Etapa Adicional,,"mail.thread,models.soft_delete.mixin",0,0,0,new
,cabecera_id,many2one,readonly:True;default:_CONTEXT_,project_obra.informe_cabecera,Cabecera del Informe,,0,0,0,1,0,0,1,1,1,1,0,,,,,,,,,
,state,selection,related:cabecera_id.state;readonly:True,,Estado de la Cabecera Informe,,0,0,0,0,0,0,1,1,0,0,0,,,,,,,,,
,proyecto_id,many2one,related:cabecera_id.proyecto_id;readonly:True,project_obra.proyecto,Proyecto,,0,0,0,1,0,0,1,1,1,1,0,,,,,,,,,
,etapa_actual_id,many2one,"domain:[('proyecto_id','=',proyecto_id),('state','=', 'open')];readonly:False",project_obra.proyecto.etapa,Etapa del Proyecto,Si la etapa no se encuentra consultar con OAP para su inclusión,1,aprobado:readonly=1;publicado:readonly=1,0,1,0,0,1,1,1,1,0,,,,,,,,,
,programado_porcentaje_avance_fisico_acumulado,float,readonly:False,,Porcentaje de avance fisico acumulado (Programado),,1,aprobado:readonly=1;publicado:readonly=1,0,1,1,1,0,1,0,0,1|Avances,,,,,,,,,
,programado_avance_financiero_acumulado,monetary,readonly:False,,Avance financiero Acumulado (Programado),,0,aprobado:readonly=1;publicado:readonly=1,0,1,1,1,0,1,0,0,1|Avances,,,,,,,,,
,ejecutado_porcentaje_avance_fisico_acumulado,float,readonly:False,,Porcentaje de avance fisico acumulado (Ejecutado),,1,aprobado:readonly=1;publicado:readonly=1,0,1,1,1,0,1,0,0,1|Avances,,,,,,,,,
,ejecutado_avance_financiero_acumulado,monetary,readonly:False,,Avance financiero Acumulado (Ejecutado),,0,aprobado:readonly=1;publicado:readonly=1,0,1,1,1,0,1,0,0,1|Avances,,,,,,,,,
,company_id,many2one,default:_COMPANY_;invisible:True,res.company,Compañía,,0,0,0,0,0,0,0,1,0,0,1|Avances,,,,,,,,,
,currency_id,many2one,related:company_id.currency_id;readonly:True;invisible:True,res.currency,Moneda,,0,0,0,0,0,0,0,1,0,0,1|Avances,,,,,,,,,
