model_name,name,type,params,comodel,string,help,required,unique,tracking,constrains,onchange,view_tree,view_form,view_search,view_search_group_by,view_form_tab,menu,description,view_description,inherits,inherit,overwrite_write,overwrite_create,data,views
__openerp__,name,,project_obra_seguimiento_dtc,,,,,,,,,,,,,,,,,,,,,,
,namespace,,project_obra,,,,,,,,,,,,,,,,,,,,,,
,string,,Seguimiento a Construcciones,,,,,,,,,,,,,,,,,,,,,,
,depends,,base|project_obra_portafolio_idu|project_obra_seguimiento_idu|model_security,,,,,,,,,,,,,,,,,,,,,,
,navigation_menu_id,,base_idu.proyectos_nav,,,,,,,,,,,,,,,,,,,,,,
project_obra.construccion.informe_avance,name,char,size:100;compute:True;store:True;depends:cabecera_id;invisible:True,,Nombre,,0,0,1,0,0,1,1,1,0,0,main,Informe Avance de Obra Proyecto de Construccion,Informes de Avance,project_obra.informe_cabecera;cabecera_id|project_obra.informe_por_contrato;informe_por_contrato_id|project_obra.informe_al_ciudadano;informe_al_ciudadano_id|project_obra.informe_predios;informe_predios_id|project_obra.informe_novedades;informe_novedades_id|project_obra.informe_meta_fisica;informe_meta_fisica_id|project_obra.informe_mpp;informe_mpp_id|project_obra.informe_social;informe_social_id,"mail.thread,models.soft_delete.mixin,project_obra.informe.workflow_mixin",1,1,0,new
,state,selection,delegated:True;selection:nuevo|por_revisar|pre_aprobado|aprobado|publicado|devuelto,,Estado,,1,0,0,0,0,1,1,1,1,0,,,,,,,,,
,company_id,many2one,delegated:True;invisible:True,res.company,Compañía,,0,0,0,0,0,0,1,0,0,0,,,,,,,,,
,currency_id,many2one,delegated:True;invisible:True,res.currency,Moneda,,0,0,0,0,0,0,1,0,0,0,,,,,,,,,
,user_id,many2one,delegated:True,res.users,Autor,,1,0,1,0,0,1,readonly:1,1,1,0,,,,,,,,,
,fecha,date,delegated:True,,Fecha de Corte,,1,0,1,0,0,1,readonly:1,0,0,0,,,,,,,,,
,periodo_fecha_inicio,date,delegated:True,,Desde,Fecha de Inicio del periodo a reportarse,1,0,1,1,1,0,readonly:1,0,0,0,,,,,,,,,
,periodo_fecha_fin,date,delegated:True,,Hasta,Fecha de finalización del periodo a reportarse,1,0,1,1,1,0,readonly:1,0,0,0,,,,,,,,,
,semana,integer,delegated:True,,Semana No,,1,0,1,0,0,1,readonly:1,0,0,0,,,,,,,,,
,dias_ejecucion,integer,delegated:True,,Días Transcurridos del Contrato,,0,0,1,0,0,0,1,0,0,0,,,,,,,,,
,proyecto_id,many2one,delegated:True,project_obra.proyecto,Proyecto,,1,0,1,0,0,1,readonly:1,1,1,0,,,,,,,,,
,etapa_actual_id,many2one,delegated:True,project_obra.proyecto.etapa,Etapa del Proyecto,Si la etapa no se encuentra consultar con OAP para su inclusión,1,0,1,0,0,0,readonly:1,1,1,0,,,,,,,,,
,etapa_actual_tipo_id,many2one,delegated:True,project_obra.proyecto.etapa.tipo,Etapa Actual (tipo),,0,0,1,0,0,0,readonly:1,0,0,0,,,,,,,,,
,contrato_id,many2one,delegated:True,contrato.contrato,Contrato,,1,0,1,0,1,1,readonly:1,1,1,0,,,,,,,,,
,contrato_interventoria_id,many2one,delegated:True,contrato.contrato,Contrato de Interventoría,,1,0,1,0,1,1,readonly:1,1,1,0,,,,,,,,,
,programado_porcentaje_avance_fisico_acumulado,float,delegated:True,,Porcentaje Programado de Avance Físico,,1,0,1,1,1,0,1,0,0,1|Avance General,,,,,,,,,
,ejecutado_porcentaje_avance_fisico_acumulado,float,delegated:True,,Porcentaje Ejecutado de Avance Físico,,1,0,1,1,1,0,1,0,0,1|Avance General,,,,,,,,,
,programado_avance_financiero_acumulado,monetary,delegated:True,,Avance Programado Financiero,,1,0,1,1,1,0,1,0,0,1|Avance General,,,,,,,,,
,ejecutado_avance_financiero_acumulado,monetary,delegated:True,,Avance Ejecutado Financiero,,1,0,1,1,1,0,1,0,0,1|Avance General,,,,,,,,,
,ciudadano_anuncios,char,delegated:True,,Anuncios a la Comunidad,"ej. Cierres Viales, reuniones a realizarse con la comunidad",1,0,1,0,0,0,1,1,0,5|Visor,main,,,,,,,,
,empleos_generados_contratista,integer,delegated:True,,Empleos Generados por Contratista,,0,0,1,0,0,0,1,1,0,5|Visor,,,,,,,,,
,empleos_generados_interventoria,integer,delegated:True,,Empleos Generados por Interventoría,,0,0,1,0,0,0,1,1,0,5|Visor,,,,,,,,,
,ciudadano_avances_por_meta_fisica_ids,one2many,delegated:True,"project_obra.informe_al_ciudadano.avance_por_meta,informe_id",Avances por Meta Física,,1,0,1,0,0,0,1,1,0,5|Visor,main,,,,,,,,
,resumen_novedades,text,delegated:True,,Resumen de Novedades,Resumen en Formato JSON de como estaban las novedades para el contrato a la fecha de corte.,0,0,0,0,0,0,1,0,0,4|Novedades,,,,,,,,,
,meta_fisica_avance_ids,one2many,delegated:True,"project_obra.informe_meta_fisica.avance,informe_id",Avances por Meta Física,,0,0,0,0,0,0,1,0,0,8|Meta Físicas,,,,,,,,,
,archivo,binary,delegated:True,,Archivo MS-Project,,0,0,1,0,0,0,1,1,1,3|Cronograma,,,,,,,,,
,archivo_filename,char,delegated:True,,Nombre de Archivo,,0,0,1,0,0,0,1,1,1,3|Cronograma,,,,,,,,,
,linea_frente_ids,one2many,delegated:True,"project_obra.informe_mpp.linea_frente,informe_id",Avances por Componente/Frente,,0,0,0,0,0,0,1,0,0,2|Avance Detallado,,,,,,,,,
,photo_ids,one2many,delegated:True,"photo_gallery.photo,proyecto_obra_informe_cabecera_id",Registro Fotográfico,,0,0,0,0,0,0,1,0,0,6|Registro Fotográfico,,,,,,,,,
,informe_etapa_ids,one2many,delegated:True,"project_obra.informe_etapa,cabecera_id",Informes Etapas en Contratos Mixtos,,0,0,0,0,0,0,1,0,0,1|Avance General,,,,,,,,,
