group,group_inherits,model_name,create,read,write,delete
project.group_project_manager,,project_obra.construccion.informe_avance,1,1,1,1
project_obra_seguimiento_dtc.coordinador_tecnico,,project_obra.construccion.informe_avance,1,1,1,0
project_edt_idu.group_project_user_externo,,project_obra.construccion.informe_avance,0,0,0,0
project_obra_seguimiento_dtc.coordinador_tecnico,project_obra_seguimiento_idu.tecnico,,,,,
project_obra_seguimiento_dtc.aprueba_informes,project_obra_seguimiento_idu.revisor,,,,,
project_obra_seguimiento_dtc.pre_aprueba_informes,project_obra_seguimiento_idu.revisor,,,,,
