group,group_inherits,model_name,create,read,write,delete
project.group_project_user,,project.programa,0,1,0,0
,,project.portafolio,0,1,0,0
,,project.linea_base,"[
'|','|','|','|',
('project_id.user_id','=',user.id),
('project_id.programador_id','=',user.id),
('project_id.dependencia_id.proyecto_gerente_id.user_id','=',user.id),
('project_id.dependencia_id.proyecto_programador_id.user_id','=',user.id),
('project_id.dependencia_id.manager_id.user_id','=',user.id),
]
",1,"[
'|','|','|','|',
('project_id.user_id','=',user.id),
('project_id.programador_id','=',user.id),
('project_id.dependencia_id.proyecto_gerente_id.user_id','=',user.id),
('project_id.dependencia_id.proyecto_programador_id.user_id','=',user.id),
('project_id.dependencia_id.manager_id.user_id','=',user.id),
]
",0
,,project.linea_base.linea,"[
'|','|','|','|',
('linea_base_id.project_id.user_id','=',user.id),
('linea_base_id.project_id.programador_id','=',user.id),
('linea_base_id.project_id.dependencia_id.proyecto_gerente_id.user_id','=',user.id),
('linea_base_id.project_id.dependencia_id.proyecto_programador_id.user_id','=',user.id),
('linea_base_id.project_id.dependencia_id.manager_id.user_id','=',user.id),
]",1,"[
'|','|','|','|',
('linea_base_id.project_id.user_id','=',user.id),
('linea_base_id.project_id.programador_id','=',user.id),
('linea_base_id.project_id.dependencia_id.proyecto_gerente_id.user_id','=',user.id),
('linea_base_id.project_id.dependencia_id.proyecto_programador_id.user_id','=',user.id),
('linea_base_id.project_id.dependencia_id.manager_id.user_id','=',user.id),
]",0
,,project.reporte_desempeno,"[
'|','|','|','|',
('project_id.user_id','=',user.id),
('project_id.programador_id','=',user.id),
('project_id.dependencia_id.proyecto_gerente_id.user_id','=',user.id),
('project_id.dependencia_id.proyecto_programador_id.user_id','=',user.id),
('project_id.dependencia_id.manager_id.user_id','=',user.id),
]
",1,"[
'|','|','|','|',
('project_id.user_id','=',user.id),
('project_id.programador_id','=',user.id),
('project_id.dependencia_id.proyecto_gerente_id.user_id','=',user.id),
('project_id.dependencia_id.proyecto_programador_id.user_id','=',user.id),
('project_id.dependencia_id.manager_id.user_id','=',user.id),
]",0
,,project.reporte_desempeno.valor_ganado,"[
'|','|','|','|',
('reporte_id.project_id.user_id','=',user.id),
('reporte_id.project_id.programador_id','=',user.id),
('reporte_id.project_id.dependencia_id.proyecto_gerente_id.user_id','=',user.id),
('reporte_id.project_id.dependencia_id.proyecto_programador_id.user_id','=',user.id),
('reporte_id.project_id.dependencia_id.manager_id.user_id','=',user.id),
]",0,"[
'|','|','|','|',
('reporte_id.project_id.user_id','=',user.id),
('reporte_id.project_id.programador_id','=',user.id),
('reporte_id.project_id.dependencia_id.proyecto_gerente_id.user_id','=',user.id),
('reporte_id.project_id.dependencia_id.proyecto_programador_id.user_id','=',user.id),
('reporte_id.project_id.dependencia_id.manager_id.user_id','=',user.id),
]",0
,,project.project,0,"[
('message_partner_ids', 'in', [user.partner_id.id]),
]
",0,0
,,project.financiacion,"[
'|','|','|','|',
('project_id.user_id','=',user.id),
('project_id.programador_id','=',user.id),
('project_id.dependencia_id.proyecto_gerente_id.user_id','=',user.id),
('project_id.dependencia_id.proyecto_programador_id.user_id','=',user.id),
('project_id.dependencia_id.manager_id.user_id','=',user.id),
]
",1,"[
'|','|','|','|',
('project_id.user_id','=',user.id),
('project_id.programador_id','=',user.id),
('project_id.dependencia_id.proyecto_gerente_id.user_id','=',user.id),
('project_id.dependencia_id.proyecto_programador_id.user_id','=',user.id),
('project_id.dependencia_id.manager_id.user_id','=',user.id),
]
",0
,,project.solicitud_cambio,"[
'|','|','|','|',
('project_id.user_id','=',user.id),
('project_id.programador_id','=',user.id),
('project_id.dependencia_id.proyecto_gerente_id.user_id','=',user.id),
('project_id.dependencia_id.proyecto_programador_id.user_id','=',user.id),
('project_id.dependencia_id.manager_id.user_id','=',user.id),
]
","[
'|','|','|',
('message_partner_ids', 'in', [user.partner_id.id]),
('project_id.dependencia_id.proyecto_gerente_id.user_id','=',user.id),
('project_id.dependencia_id.proyecto_programador_id.user_id','=',user.id),
('project_id.dependencia_id.manager_id.user_id','=',user.id),
]","[
'|','|','|','|',
('project_id.user_id','=',user.id),
('project_id.programador_id','=',user.id),
('project_id.dependencia_id.proyecto_gerente_id.user_id','=',user.id),
('project_id.dependencia_id.proyecto_programador_id.user_id','=',user.id),
('project_id.dependencia_id.manager_id.user_id','=',user.id),
]",0
,,project.task,"[
'|','|','|','|','|','|',
('project_id.user_id','=',user.id),
('project_id.programador_id','=',user.id),
('edt_id.user_id','=',user.id),
('edt_id.programador_id','=',user.id),
('project_id.dependencia_id.proyecto_gerente_id.user_id','=',user.id),
('project_id.dependencia_id.proyecto_programador_id.user_id','=',user.id),
('project_id.dependencia_id.manager_id.user_id','=',user.id),
]
",1,"[
'|','|','|','|','|','|','|','|',
('user_id','=',user.id),
('project_id.user_id','=',user.id),
('project_id.programador_id','=',user.id),
('edt_id.user_id','=',user.id),
('edt_id.programador_id','=',user.id),
('revisor_id','=',user.id),
('project_id.dependencia_id.proyecto_gerente_id.user_id','=',user.id),
('project_id.dependencia_id.proyecto_programador_id.user_id','=',user.id),
('project_id.dependencia_id.manager_id.user_id','=',user.id),
]","[
'|','|','|','|','|','|',
('project_id.user_id','=',user.id),
('project_id.programador_id','=',user.id),
('edt_id.user_id','=',user.id),
('edt_id.programador_id','=',user.id),
('project_id.dependencia_id.proyecto_gerente_id.user_id','=',user.id),
('project_id.dependencia_id.proyecto_programador_id.user_id','=',user.id),
('project_id.dependencia_id.manager_id.user_id','=',user.id),
]
"
project_edt_idu.group_project_user_externo,,project.programa,0,0,0,0
,,project.portafolio,0,0,0,0
,,project.linea_base,0,"('project_id.message_partner_ids', 'in', [user.partner_id.id])]",0,0
,,project.linea_base.linea,0,"[('linea_base_id.project_id.message_partner_ids', 'in', [user.partner_id.id])]",0,0
,,project.reporte_desempeno,0,"[('project_id.message_partner_ids', 'in', [user.partner_id.id])]",0,0
,,project.reporte_desempeno.valor_ganado,0,"[('reporte_id.project_id.message_partner_ids', 'in', [user.partner_id.id])]",0,0
,,project.project,0,"[('message_partner_ids', 'in', [user.partner_id.id])]",0,0
,,project.financiacion,0,0,0,0
,,project.solicitud_cambio,0,"[('project_id.message_partner_ids', 'in', [user.partner_id.id])]",0,0
,,project.task,0,"[
'|','|','|','|',
('project_id.message_partner_ids', 'in', [user.partner_id.id]),
('edt_id.message_partner_ids', 'in', [user.partner_id.id]),
('message_partner_ids', 'in', [user.partner_id.id]),
('user_id','=',user.id),
('revisor_id','=',user.id)
]","['|',
('user_id','=',user.id),
('revisor_id','=',user.id)
]",0
project.group_project_manager,,project.programa,_ALL_,_ALL_,_ALL_,0
,,project.portafolio,_ALL_,_ALL_,_ALL_,0
,,project.linea_base,_ALL_,_ALL_,_ALL_,0
,,project.linea_base.linea,_ALL_,_ALL_,_ALL_,0
,,project.reporte_desempeno,_ALL_,_ALL_,_ALL_,_ALL_
,,project.reporte_desempeno.valor_ganado,_ALL_,_ALL_,_ALL_,0
,,project.project,_ALL_,_ALL_,_ALL_,0
,,project.financiacion,_ALL_,_ALL_,_ALL_,_ALL_
,,project.solicitud_cambio,_ALL_,_ALL_,_ALL_,0
,,project.task,_ALL_,_ALL_,_ALL_,_ALL_
,,project.meta,_ALL_,_ALL_,_ALL_,_ALL_
project_portafolio_idu.group_project_admin,project.group_project_manager,project.programa,_ALL_,_ALL_,_ALL_,_ALL_
,,project.portafolio,_ALL_,_ALL_,_ALL_,_ALL_
,,project.linea_base,_ALL_,_ALL_,_ALL_,_ALL_
,,project.linea_base.linea,_ALL_,_ALL_,_ALL_,_ALL_
,,project.reporte_desempeno,_ALL_,_ALL_,_ALL_,_ALL_
,,project.reporte_desempeno.valor_ganado,_ALL_,_ALL_,_ALL_,_ALL_
,,project.project,_ALL_,_ALL_,_ALL_,_ALL_
,,project.financiacion,_ALL_,_ALL_,_ALL_,_ALL_
,,project.solicitud_cambio,_ALL_,_ALL_,_ALL_,_ALL_
,,project.task,_ALL_,_ALL_,_ALL_,_ALL_
,,project.meta,_ALL_,_ALL_,_ALL_,_ALL_
,,project.meta.tipo,_ALL_,_ALL_,_ALL_,_ALL_
project_portafolio_idu.group_project_dependencia_admin,project.group_project_user,project.project,0,"[
'|','|','|',
('message_partner_ids', 'in', [user.partner_id.id]),
('dependencia_id.proyecto_gerente_id.user_id','=',user.id),
('dependencia_id.proyecto_programador_id.user_id','=',user.id),
('dependencia_id.manager_id.user_id','=',user.id),
]
","[
'|','|',
('dependencia_id.proyecto_gerente_id.user_id','=',user.id),
('dependencia_id.proyecto_programador_id.user_id','=',user.id),
('dependencia_id.manager_id.user_id','=',user.id),
]",0
,,project.edt,"[
'|','|','|','|','|','|','|','|',
('user_id','=',user.id),
('programador_id','=',user.id),
('project_id.user_id','=',user.id),
('project_id.programador_id','=',user.id),
('parent_id.user_id','=',user.id),
('parent_id.programador_id','=',user.id),
('project_id.dependencia_id.proyecto_gerente_id.user_id','=',user.id),
('project_id.dependencia_id.proyecto_programador_id.user_id','=',user.id),
('project_id.dependencia_id.manager_id.user_id','=',user.id),
]
",1,"[
'|','|','|','|','|','|','|','|',
('user_id','=',user.id),
('programador_id','=',user.id),
('project_id.user_id','=',user.id),
('project_id.programador_id','=',user.id),
('parent_id.user_id','=',user.id),
('parent_id.programador_id','=',user.id),
('project_id.dependencia_id.proyecto_gerente_id.user_id','=',user.id),
('project_id.dependencia_id.proyecto_programador_id.user_id','=',user.id),
('project_id.dependencia_id.manager_id.user_id','=',user.id),
]
","[
'|','|','|','|','|','|','|','|',
('user_id','=',user.id),
('programador_id','=',user.id),
('project_id.user_id','=',user.id),
('project_id.programador_id','=',user.id),
('parent_id.user_id','=',user.id),
('parent_id.programador_id','=',user.id),
('project_id.dependencia_id.proyecto_gerente_id.user_id','=',user.id),
('project_id.dependencia_id.proyecto_programador_id.user_id','=',user.id),
('project_id.dependencia_id.manager_id.user_id','=',user.id),
]
"
project_portafolio_idu.group_project_dependencia_user,project.group_project_user,,,,,
