group,group_inherits,model_name,create,read,write,delete
project.group_project_manager,,project_obra.conservacion.tipo_intervencion,1,1,1,1
,,project_obra.conservacion.fase,1,1,1,1
,,project_obra.conservacion.fase.estado,1,1,1,1
,,project_obra.material,1,1,1,1
,,project_obra.tipo_pavimento,1,1,1,1
,,project_obra.conservacion.informe_avance.detalle_frente,1,1,1,1
,,project_obra.conservacion.informe_avance.uso_material,1,1,1,1
,,project_obra.conservacion.informe_avance,1,1,1,1
project_obra_seguimiento_dtm.coordinador_tecnico,,project_obra.conservacion.tipo_intervencion,0,1,0,0
,,project_obra.conservacion.fase,0,1,0,0
,,project_obra.conservacion.fase.estado,0,1,0,0
,,project_obra.material,0,1,0,0
,,project_obra.tipo_pavimento,0,1,0,0
,,project_obra.conservacion.informe_avance.detalle_frente,1,1,1,0
,,project_obra.conservacion.informe_avance.uso_material,1,1,1,0
,,project_obra.conservacion.informe_avance,1,1,1,0
project_edt_idu.group_project_user_externo,,project_obra.conservacion.tipo_intervencion,0,1,0,0
,,project_obra.conservacion.fase,0,1,0,0
,,project_obra.conservacion.fase.estado,0,1,0,0
,,project_obra.material,0,1,0,0
,,project_obra.tipo_pavimento,0,1,0,0
,,project_obra.conservacion.informe_avance.detalle_frente,0,0,0,0
,,project_obra.conservacion.informe_avance.uso_material,0,0,0,0
,,project_obra.conservacion.informe_avance,0,0,0,0
project_obra_seguimiento_dtm.coordinador_tecnico,project_obra_seguimiento_idu.tecnico,,,,,
project_obra_seguimiento_dtm.aprueba_informes,project_obra_seguimiento_idu.revisor,,,,,
