model_name,name,type,params,comodel,string,help,required,unique,tracking,constrains,onchange,view_tree,view_form,view_search,view_search_group_by,view_form_tab,menu,description,view_description,inherits,inherit,overwrite_write,overwrite_create,data,views
__openerp__,name,,project_obra_portafolio_idu,,,,,,,,,,,,,,,,,,,,,,
,namespace,,project_obra,,,,,,,,,,,,,,,,,,,,,,
,string,,Portafolio Obras,,,,,,,,,,,,,,,,,,,,,,
,depends,,base|base_idu|project_portafolio_idu|model_security|contrato_idu|photo_gallery|proceso_selectivo_idu,,,,,,,,,,,,,,,,,,,,,,
,navigation_menu_id,,base_idu.proyectos_nav,,,,,,,,,,,,,,,,,,,,,,
project_obra.proyecto,name,char,size:255;delegated:1,,Nombre,,1,0,1,0,0,1,1,1,0,0,base_idu.proyectos_conf_menu,Proyectos de Obra e Infraestructura,Proyectos de Obra,project.project|project_id,"mail.thread,models.soft_delete.mixin",,,0,new
,sequence,integer,,,Sequencia de Ordenamiento,,0,0,0,0,0,handle,0,0,0,0,,,,,,,,,
,state,selection,delegated:1;selection:open|pending|draft|cancelled|close,,Estado,,1,0,1,0,0,1,1,1,1,0,,,,,,,,,
,eje_id,many2one,,project_obra.proyecto.eje,Eje Víal,,0,0,1,0,0,1,1,1,1,Detalles,,,,,,,,,
,alcance,text,delegated:1,,Alcance,,0,0,1,0,0,0,1,1,0,Detalles,,,,,,,,,
,notas,text,delegated:1,,Notas,,0,0,1,0,0,0,1,1,0,Detalles,,,,,,,,,
,motivo_cierre,text,,,Motivo Aplazamiento o Cancelación,Indicar el mótivo por el cual se aplaza o cancela el proyecto,0,0,1,0,0,0,1,0,0,Detalles,,,,,,,,,
,project_id,many2one,readonly:True,project.project,Proyecto Odoo,,1,1,1,0,0,0,0,0,0,0,,,,,,,,,
,tag_ids,many2many,,project_obra.proyecto.tag,Etiquetas,,0,0,1,0,0,0,many2many_tags,1,0,0,,,,,,,,,
,codigo,char,size:15,,Código ZIPA,,0,1,1,0,0,1,1,1,0,0,,,,,,,,,
,codigo_sigidu,char,size:15,,Código SIGIDU,,0,1,1,0,0,1,1,1,0,0,,,,,,,,,
,codigo_valoricemos,char,size:15,,Código Valoricemos,,0,1,1,0,0,1,1,1,0,0,,,,,,,,,
,origen_id,many2one,,project_obra.proyecto.origen,Origen,,0,0,1,0,0,1,1,1,1,0,,,,,,,,,
,edt_raiz_id,many2one,delegated:1,project.edt,EDT,,0,0,1,0,0,0,1,1,1,0,,,,,,,,,
,progreso,float,delegated:1,,Progreso,,0,0,1,0,0,1,1,0,0,0,,,,,,,,,
,etapa_ids,one2many,,"project_obra.proyecto.etapa,proyecto_id",Etapas,,0,0,0,0,0,0,1,0,0,Etapas,,,,,,,,,
,fecha_planeada_inicio,date,delegated:1,,Fecha de Inicio Planeada,,0,0,1,0,0,1,1,0,1,Programación,,,,,,,,,
,fecha_planeada_fin,date,delegated:1,,Fecha de Finalización Planeada,,0,0,1,0,0,1,1,0,1,Programación,,,,,,,,,
,photo_ids,one2many,,"photo_gallery.photo,proyecto_obra_id",Galeria de Fotos,,0,0,0,0,0,0,1,0,0,Imágenes,,,,,,,,,
,user_id,many2one,delegated:1,res.users,Responsable del Proyecto,,0,0,1,0,0,1,1,1,1,Programación,,,,,,,,,
,programador_id,many2one,delegated:1,res.users,Programador del Proyecto,,0,0,1,0,0,1,1,1,1,Programación,,,,,,,,,
,financiacion_ids,one2many,delegated:1,"project.financiacion,project_id",Financiación,,0,0,0,0,0,0,1,0,0,Financiación,,,,,,,,,
,meta_ids,one2many,delegated:1,"project.meta,project_id",Metas,,0,0,0,0,0,0,1,0,0,Metas,,,,,,,,,
,solicitud_cambio_ids,one2many,delegated:1,"project.solicitud_cambio,project_id",Solicitudes de Cambio,,0,0,0,0,0,0,1,0,0,Solicitudes de Cambio,,,,,,,,,
,reporte_desempeno_ids,one2many,delegated:1,"project.reporte_desempeno,project_id",Reportes de Desempeño,,0,0,0,0,0,0,1,0,0,Reportes de Desempeño,,,,,,,,,
,programa_id,many2one,delegated:1,project.programa,Programa,,0,0,1,0,0,1,0,1,1,0,,,,,,,,,
,portafolio_ids,many2many,delegated:1,project.portafolio,Portafolios,,0,0,0,0,0,1,1,0,0,Portafolios,,,,,,,,,
,localidad_ids,many2many,,res.country.state.city.district,Localidades,,0,0,0,0,0,0,1,1,0,Detalles,,,,,,,,,
,proceso_selectivo_ids,one2many,,"proceso_selectivo.proceso,proyecto_id",Procesos Selectivos,,0,0,0,0,0,1,1,0,0,Procesos Selectivos,,,,,,,,,
,frente_obra_ids,one2many,,"project_obra.proyecto.frente_obra,proyecto_id",Frentes de Obra,,0,0,0,0,0,1,1,0,0,Frentes de Obra,,,,,,,,,
,indicador_predios_requeridos,integer,,,No. Predios Requeridos,Conteo de todos los predios (RT's) que están asociados al proyecto,0,0,1,0,0,0,1,0,0,Indicadores Predios,,,,,,,,,
,indicador_predios_entregados,integer,,,No. Predios Entregados,Conteo de todos los predios (RT's) que ya fueron entregados al IDU (son los que ya tienen Acta de Entrega al IDU),0,0,1,0,0,0,1,0,0,Indicadores Predios,,,,,,,,,
,indicador_predios_pendientes,integer,,,No. Predios Pendientes,Diferencia del # Predios Requeridos - # Predios Entregados,0,0,1,0,0,0,1,0,0,Indicadores Predios,,,,,,,,,
,indicador_predios_valor_estimado,monetary,,,Valor Estimado de Predios,Suma del valor de todos los predios requeridos para la obra,0,0,1,0,0,0,1,0,0,Indicadores Predios,,,,,,,,,
,indicador_predios_valor_ejecutado,monetary,,,Valor Ejecutado de Predios,Suma del valor de compromisos (CRP),0,0,1,0,0,0,1,0,0,Indicadores Predios,,,,,,,,,
,indicador_predios_valor_girado,monetary,,,Valor Girado de Predios,Suma del valor de ordenes de pago,0,0,1,0,0,0,1,0,0,Indicadores Predios,,,,,,,,,
,visibilidad,selection,selection:publico|idu;default:'idu',,Visibilidad,"Público sera deplegado en el sitio web de proyectos del público, IDU solo lo desplegará en los sitios web con cuentas de usuario",0,0,1,0,0,1,1,0,0,Detalles,,,,,,,,,
,integrante_ids,one2many,,"project_obra.integrante,proyecto_id",Integrantes/Responsables,,0,0,0,0,0,0,1,0,0,Integrantes,,,,,,,,,
project_obra.proyecto.tag,name,char,,,Nombre,,1,1,0,0,0,1,1,1,0,0,base_idu.proyectos_conf_menu,Etiqueta de Proyectos de Obra,Etiquetas,,models.soft_delete.mixin,,,0,new
project_obra.proyecto.eje,name,char,,,Nombre,,1,1,0,0,0,1,1,1,0,0,base_idu.proyectos_conf_menu,Eje Proyectos de Obra,Ejes,,models.soft_delete.mixin,,,0,new
project_obra.proyecto.origen,name,char,,,Nombre,,1,1,0,0,0,1,1,1,0,0,base_idu.proyectos_conf_menu,Origen Proyectos de Obra,Origen,,models.soft_delete.mixin,,,0,new
project_obra.proyecto.etapa,name,char,delegated:1,,Nombre,,1,0,1,0,0,1,1,1,0,0,admin,Etapa Proyectos de Obra e Infraestructura,Etapas,project.project|project_id,"mail.thread,models.soft_delete.mixin",,1,0,new
,sequence,integer,,,Sequencia de Ordenamiento,,0,0,0,0,0,handle,0,0,0,0,,,,,,,,,
,contrato_ids,many2many,,contrato.contrato,Contratos,,0,0,0,0,0,0,1,0,0,Contratos,,,,,,,,,
,proyecto_id,many2one,,project_obra.proyecto,Proyecto,,1,0,1,0,0,0,1,1,1,0,,,,,,,,,
,project_id,many2one,invisible:True;readonly:True,project.project,Proyecto Odoo,,1,1,1,0,0,0,0,0,0,0,,,,,,,,,
,tipo_id,many2one,,project_obra.proyecto.etapa.tipo,Tipo,,1,0,1,0,0,1,1,1,1,0,,,,,,,,,
,parent_id,many2one,,project_obra.proyecto.etapa,Etapa Padre,,0,0,1,0,0,0,1,1,1,Sub-Etapas,,,,,,,,,
,child_ids,one2many,,"project_obra.proyecto.etapa,parent_id",Sub Etapas,,0,0,0,0,0,0,1,1,1,Sub-Etapas,,,,,,,,,
,meta_ids,one2many,delegated:1,"project.meta,project_id",Metas,,0,0,0,0,0,0,1,0,0,Metas,,,,,,,,,
,solicitud_cambio_ids,one2many,delegated:1,"project.solicitud_cambio,project_id",Solicitudes de Cambio,,0,0,0,0,0,0,1,0,0,Solicitudes de Cambio,,,,,,,,,
,reporte_desempeno_ids,one2many,delegated:1,"project.reporte_desempeno,project_id",Reportes de Desempeño,,0,0,0,0,0,0,0,0,0,0,,,,,,,,,
,progreso,float,delegated:1,,Progreso,,0,0,1,0,0,1,progressbar,0,0,0,,,,,,,,,
,fecha_planeada_inicio,date,delegated:1,,Fecha de Inicio Planeada,,0,0,1,0,0,1,1,0,1,Detalles,,,,,,,,,
,fecha_planeada_fin,date,delegated:1,,Fecha de Finalización Planeada,,0,0,1,0,0,1,1,0,1,Detalles,,,,,,,,,
,user_id,many2one,delegated:1,res.users,Responsable del Proyecto,,0,0,1,0,0,1,1,1,1,Detalles,,,,,,,,,
,programador_id,many2one,delegated:1,res.users,Programador del Proyecto,,0,0,1,0,0,1,1,1,1,Detalles,,,,,,,,,
,alcance,text,delegated:1,,Alcance,,0,0,1,0,0,0,1,1,0,Detalles,,,,,,,,,
,notas,text,delegated:1,,Notas,,0,0,1,0,0,0,1,1,0,Detalles,,,,,,,,,
,reporte_desempeno_manual_ids,one2many,delegated:1,"project_obra.reporte_desempeno_manual,project_id",Reportes de Desempeño sin EDT,,0,0,0,0,0,0,1,0,0,Reporte Desempeño,,,,,,,,,
,novedad_cronograma,one2many,,"project_obra.proyecto.etapa.novedad_cronograma,etapa_id",Novedades en cronograma,,0,0,0,0,0,0,1,0,0,Novedad en Cronograma,,,,,,,,,
project_obra.proyecto.etapa.tipo,name,char,,,Nombre,,1,1,0,0,0,1,1,1,0,0,admin,Tipo de Etapas de Proyectos de Obra e Infraestructura,Tipo de Etapas,,models.soft_delete.mixin,,,2,new
,web_color,char,size:6,,Color en Sitio Web,,1,0,0,0,0,1,1,0,0,0,,,,,,,,,
photo_gallery.photo,proyecto_obra_id,many2one,,project_obra.proyecto,Proyecto de Obra,,0,0,0,0,0,0,1,1,0,0,admin,,Galeria de Fotos,,photo_gallery.photo,,,0,none
,visible_website,boolean,default:True,,Visible en el Sitio Web?,,0,0,0,0,0,0,1,1,0,0,,,,,,,,,
project_obra.reporte_desempeno_manual,name,char,compute:True;store:True,,Nombre,,1,0,0,0,0,0,0,0,0,0,base_idu.proyectos_conf_menu,Reporte de Variación de Desempeño,Variación de Desempeño,,"mail.thread,models.soft_delete.mixin",,,0,new
,state,selection,selection:registrado|por_revisar|pre_aprobado|devuelto|aprobado;default:'registrado',,Estado,Flujo de registro y revisión de avance entre SGI y OAP,1,0,1,0,0,1,1,1,1,0,,,,,,,,,
,project_id,many2one,,project.project,Etapa,,1,0,0,0,0,1,1,1,1,0,,,,,,,,,
,estado_etapa,selection,selection:sin_iniciar|activo|suspendido;default:'activo',,Estado Actual de la Etapa,,1,0,0,0,0,0,1,1,1,0,,,,,,,,,
,fecha,date,default:_NOW_,,Fecha de Corte,,1,0,1,1,1,1,1,1,1,0,,,,,,,,,
,programado,float,,,Porcentaje Programado,,1,0,1,1,1,1,1,0,0,0,,,,,,,,,
,ejecutado,float,,,Porcentaje Ejecutado,,1,0,1,1,1,1,1,0,0,0,,,,,,,,,
,variacion,float,compute:True,,Variación,,0,0,0,0,0,1,1,0,0,0,,,,,,,,,
,descripcion,text,,,Descripción del avance,Descripción de los avances dados por el área técnica,0,0,1,0,0,0,1,0,0,0,,,,,,,,,
,observaciones,text,,,Observaciones de seguimiento,Observaciones acerca del avance por parte del área de seguimiento y control,0,0,1,0,0,0,1,0,0,0,,,,,,,,,
project.project,reporte_desempeno_manual_ids,one2many,,"project_obra.reporte_desempeno_manual,project_id",Reportes de Desempeño,,0,0,0,0,0,0,1,0,0,0,,,,,project.project,,,0,extend:form=project.edit_project|partner_id
project_obra.proyecto.etapa.novedad_cronograma,name,char,,,Asunto,,1,0,0,0,0,1,1,1,0,0,admin,Novedad en Cronograma de Etapa de Proyecto,Novedad Cronograma,,,,,0,new
,tipo,selection,selection:prorroga|suspension;default:'prorroga',,Tipo,,1,0,0,0,0,1,1,1,1,0,,,,,,,,,
,fecha_inicio,date,default:_NOW_,,Fecha de inicio,,1,0,0,1,1,1,1,0,1,0,,,,,,,,,
,fecha_fin,date,default:_NOW_,,Fecha de Fin,,1,0,0,1,1,1,1,0,1,0,,,,,,,,,
,etapa_id,many2one,,project_obra.proyecto.etapa,Etapa,,1,0,0,0,0,1,1,1,1,0,,,,,,,,,
proceso_selectivo.proceso,proyecto_id,many2one,,project_obra.proyecto,Proyecto de Obra,,0,0,0,0,0,0,0,1,0,0,admin,,,,proceso_selectivo.proceso,,,0,extend:form=proceso_selectivo_idu.proceso_form|name
,proyecto_etapa_tipo_id,many2one,,project_obra.proyecto.etapa.tipo,Etapa,,0,0,0,0,0,0,0,1,0,0,,,,,,,,,
project_obra.proyecto.frente_obra,name,char,,,Nombre,,1,0,1,0,0,1,1,1,0,0,admin,Frente de Obra de Proyectos,Frentes de Obra,,"mail.thread,models.soft_delete.mixin",,,1,new
,proyecto_id,many2one,default:_CONTEXT_;readonly:True,project_obra.proyecto,Proyecto,,1,0,1,0,0,1,1,1,1,0,,,,,,,,,
,linea_base_linea_id,many2one,,project.linea_base.linea,Línea de la Línea Base,,0,0,0,0,0,0,1,0,1,0,,,,,,,,,
,programado_tmp,float,invisible:1,,Porcentaje Programado (campo temporal),,0,0,0,0,0,0,1,0,0,0,,,,,,,,,
,ejecutado_tmp,float,invisible:1,,Porcentaje Ejecutado (campo temporal),,0,0,0,0,0,0,1,0,0,0,,,,,,,,,
,variacion_tmp,float,invisible:1,,Variación (campo temporal),,0,0,0,0,0,0,1,0,0,0,,,,,,,,,
,codigo_sigidu,char,size:50,,Código SIGIDU,,1,0,1,0,0,1,1,1,0,0,,,,,,,,,
,district_id,many2one,,res.country.state.city.district,Localidad,,0,0,1,0,0,1,1,1,1,0,,,,,,,,,
,contrato_id,many2one,,contrato.contrato,Contrato,,0,0,1,0,0,1,1,1,1,0,,,,,,,,,
,tipo_etapa_id,many2one,,project_obra.proyecto.etapa.tipo,Aplica a Etapa Tipo,,0,0,1,0,0,1,1,1,1,0,,,,,,,,,
,elemento_ids,many2many,,"infraestructura_urbana.elemento,infr_urbana_frente_elemento_rel",Elementos,,0,0,1,0,0,1,1,1,0,0,,,,,,,,,
,fecha_planeada_inicio,date,,,Fecha de Inicio Planeada,,0,0,1,0,0,0,1,0,1,Programación,,,,,,,,,
,fecha_planeada_fin,date,,,Fecha de Finalización Planeada,,0,0,1,0,0,0,1,0,1,Programación,,,,,,,,,
,peso,integer,,,Peso,,0,0,1,1,1,0,1,0,0,Programación,,,,,,,,,
project.problema,frente_obra_id,many2one,"default:_CONTEXT_;domain:[('proyecto_id','=',proyecto_id)]",project_obra.proyecto.frente_obra,Frente de Obra,,0,0,1,0,0,0,1,0,0,0,,,,,project.problema,,,0,extend:form=project_problemas_idu.problema_form|project_id
,proyecto_id,many2one,default:_CONTEXT_;readonly:True;invisible:1,project_obra.proyecto,Proyecto de Obra,,0,0,1,0,0,0,1,0,0,0,,,,,,,,,
project_obra.integrante,proyecto_id,many2one,default:_CONTEXT_;readonly:True,project_obra.proyecto,Proyecto de Obra,,1,0,1,0,0,1,1,1,1,0,admin,Integrante de Proyecto de Obra,Integrantes Proyectos,,"mail.thread,models.soft_delete.mixin",,,0,new
,user_id,many2one,,res.users,Usuario en el Sistema,,1,0,1,0,0,1,1,1,1,0,,,,,,,,,
,etapa_id,many2one,"default:_CONTEXT_;domain:[('proyecto_id','=',proyecto_id)]",project_obra.proyecto.etapa,Etapa,No seleccione nada si no se limita la participación a una etapa,0,0,1,0,0,1,1,1,1,0,,,,,,,,,
project.meta.tipo,tipo_elemento_id,many2one,,infraestructura_urbana.elemento.tipo,Tipo Elemento Infraestructura,,0,0,0,0,0,0,1,0,0,0,,Tipificación Meta de Proyecto,,,project.meta.tipo,,,0,extend:form=project_portafolio_idu.meta_tipo_form|name
