model_name,name,type,params,comodel,string,help,required,unique,tracking,constrains,onchange,view_tree,view_form,view_search,view_search_group_by,view_form_tab,menu,description,view_description,inherits,inherit,overwrite_write,overwrite_create,data,views,
__openerp__,name,,project_portafolio_idu,,,,,,,,,,,,,,,,,,,,,,,
,namespace,,project,,,,,,,,,,,,,,,,,,,,,,,
,string,,Portafolio Proyectos,,,,,,,,,,,,,,,,,,,,,,,
,depends,,base|base_idu|stone_erp_idu|project_edt_idu|model_security,,,,,,,,,,,,,,,,,,,,,,,
,navigation_menu_id,,base_idu.proyectos_nav,,,,,,,,,,,,,,,,,,,,,,,
project.programa,name,char,size:255,,Nombre,,1,1,1,0,0,1,1,1,0,0,base_idu.proyectos_conf_menu,Programa de Proyectos,Programas,,"mail.thread,models.soft_delete.mixin",,1,0,new,
,user_id,many2one,default:_CURRENT_USER_,res.users,Responsable,,0,0,1,0,0,1,1,"[('user_id','=',uid)]",1,0,,,,,,,,,,
,descripcion,text,,,Descripción,,0,0,0,0,0,1,1,1,0,0,,,,,,,,,,
,project_ids,one2many,,"project.project,programa_id",Proyectos,,0,0,0,0,0,1,1,1,0,0,,,,,,,,,,
project.portafolio,name,char,size:255,,Nombre,,1,1,1,0,0,1,1,1,0,0,base_idu.proyectos_conf_menu,Portafolio de Proyectos,Portafolios,,"mail.thread,models.soft_delete.mixin",,,,new,
,user_id,many2one,default:_CURRENT_USER_,res.users,Responsable,,0,0,1,0,0,1,1,"[('user_id','=',uid)]",1,0,,,,,,,,,,
,descripcion,text,,,Descripción,,0,0,0,0,0,1,1,1,0,0,,,,,,,,,,
,project_ids,many2many,,project.project,Proyectos,,0,0,0,0,0,1,1,1,0,0,,,,,,,,,,
project.linea_base,name,char,size:255,,Nombre,,1,0,0,0,0,1,1,1,0,0,admin,Linea Base de Proyecto,Líneas Base,,models.soft_delete.mixin,0,0,0,new,
,project_id,many2one,,project.project,Proyecto,,1,0,0,0,0,1,1,1,1,0,,,,,,,,,,
,descripcion,text,,,Descripcion,,0,0,0,0,0,0,1,0,0,0,,,,,,,,,,
,linea_ids,one2many,,"project.linea_base.linea,linea_base_id",Lineas,,0,0,0,0,0,0,1,0,0,0,,,,,,,,,,
,datos_pronostico_semanal,text,,,Datos Pronostico Semanal,Almacena en format json los datos de pronostico en costo y avance porcentual que sirven para dibujar la curva S,0,0,0,0,0,0,1,0,0,Datos Pronóstico Semanal,,,,,,,,,,
project.linea_base.linea,name,char,size:100;compute:True;depends:res_id|res_model,,Nombre,,1,0,0,0,0,1,1,1,0,0,admin,Linea de Linea Base de Proyecto,Líneas Línea Base,,,,,,new,
,linea_base_id,many2one,,project.linea_base,Línea Base,,1,0,0,0,0,1,1,1,1,0,,,,,,,,,,
,active,boolean,default:True;related:linea_base_id.active;readonly:True,,Línea base esta activa?,,0,0,0,0,0,1,1,1,0,0,,,,,,,,,,
,res_model,char,size:128,,Modelo relacionado,,1,0,0,0,0,1,1,1,0,0,,,,,,,,,,
,res_id,integer,,,ID del modelo relacionado,,1,0,0,0,0,1,1,1,0,0,,,,,,,,,,
,fecha_inicio,datetime,,,Fecha de Inicio,,1,0,0,0,0,1,1,0,0,0,,,,,,,,,,
,fecha_fin,datetime,,,Fecha de finalización,,1,0,0,0,0,1,1,0,0,0,,,,,,,,,,
,progreso,float,,,Progreso,,1,0,0,0,0,1,1,0,0,0,,,,,,,,,,
,company_id,many2one,default:_COMPANY_;invisible:True,res.company,Compañía,,1,0,0,0,0,0,0,0,0,0,,,,,,,,,,
,currency_id,many2one,related:company_id.currency_id;readonly:True,res.currency,Moneda,,1,0,0,0,0,0,0,0,0,0,,,,,,,,,,
,costo,monetary,,,Costo,,1,0,0,0,0,1,1,0,0,0,,,,,,,,,,
project.reporte_desempeno,name,char,size:255,,Nombre,,1,0,0,0,0,1,1,1,0,0,base_idu.proyectos_menu,Reporte de Desempeno de Proyecto,Reportes de Desempeño,,models.soft_delete.mixin,0,0,0,new,
,state,selection,selection:nuevo|por_revisar|aprobado|devuelto;default:'nuevo',,Estado,,1,0,1,0,0,1,1,1,1,0,,,,,,,,,,
,project_id,many2one,,project.project,Proyecto,,1,0,0,0,0,1,1,1,1,0,,,,,,,,,,
,linea_base_id,many2one,,project.linea_base,Línea Base,Línea base contra la que se hace la comparación,1,0,0,0,0,1,1,1,1,0,,,,,,,,,,
,linea_base_reporte_id,many2one,,project.linea_base,Detalle del Reporte,Valores utilizados para realizar el reporte,1,0,0,0,0,1,1,1,1,0,,,,,,,,,,
,fecha,datetime,default:_NOW_,,Fecha,,1,0,0,0,0,1,1,0,1,0,,,,,,,,,,
,descripcion,html,,,Descripción,,0,0,0,0,0,0,1,0,0,0,,,,,,,,,,
project.reporte_desempeno.valor_ganado,name,char,size:255;compute:True;depends:reporte_id|linea_base_linea_id;store:True,,Nombre,,1,0,0,0,0,1,1,1,0,0,admin,Valor Ganado Proyecto,Líneas Valor Ganado,,,0,0,0,new,
,reporte_id,many2one,,project.reporte_desempeno,Reporte de Desempeño,,1,0,0,0,0,1,1,1,1,0,,,,,,,,,,
,linea_base_linea_id,many2one,,project.linea_base.linea,Linea de la Línea Base,,1,0,0,0,0,0,1,0,0,0,,,,,,,,,,
,active,boolean,default:True;related:reporte_id.active;readonly:True,,Línea Base esta activa?,,0,0,0,0,0,1,1,0,0,0,,,,,,,,,,
,planned_complete,float,,,Planned % complete,,0,0,0,0,0,1,1,0,0,Values,,,,,,,,,,
,actual_complete,float,,,Actual % complete,,0,0,0,0,0,1,1,0,0,Values,,,,,,,,,,
,bac,float,,,Budgeted At Completion (BAC),How much was originally planned for this project to cost.,0,0,0,0,0,0,1,0,0,Values,,,,,,,,,,
,ac,float,,,Actual Cost (AC),Sum of the costs for the given period of time.,0,0,0,0,0,0,1,0,0,Values,,,,,,,,,,
,es,float,,,Earn Scheduled (ES),Time when PV has the same value of current EV ,0,0,0,0,0,0,1,0,0,Values,,,,,,,,,,
,at,float,,,Actual Time (AT),Current time where the valuation is being done,0,0,0,0,0,0,1,0,0,Values,,,,,,,,,,
,pv,float,compute:True;depends:bac|planned_complete;store:True,,Planned Value (PV),PV = Planned % Complete x BAC,0,0,0,0,0,0,1,0,0,Values,,,,,,,,,,
,ev,float,compute:True;depends:bac|actual_complete;store:True,,Earned Value (EV),EV = Actual % Complete x BAC,0,0,0,0,0,0,1,0,0,Values,,,,,,,,,,
,cv,float,compute:True;depends:ev|ac;store:True,,Cost Variance (CV),CV = EV-AC. The difference between what we expected to spend and what was actually spent.,0,0,0,0,0,0,1,0,0,Indicators,,,,,,,,,,
,sv,float,compute:True;depends:ev|pv;store:True,,Schedule Variance (SV),SV = EV-PV. The difference between where we planned to be in the schedule and where we are in the schedule.,0,0,0,0,0,0,1,0,0,Indicators,,,,,,,,,,
,cpi,float,compute:True;depends:ev|ac;store:True,,Cost Performance Index (CPI),CPI = EV ÷ AC. The rate at which the project performance is meeting cost expectations during a given period of time.,0,0,0,0,0,1,1,0,0,Indicators,,,,,,,,,,
,spi,float,compute:True;depends:ev|pv;store:True,,Schedule Performance Index (SPI),SPI = EV ÷ PV. The rate at which the project performance is meeting schedule expectations up to a point in time.,0,0,0,0,0,1,1,0,0,Indicators,,,,,,,,,,
,sv_t,float,compute:True;depends:es|at;store:True,,Schedule Variance SV(t),SV(t) = ES – AT. Shows the variance in time expressed in time units ,0,0,0,0,0,0,1,0,0,Indicators,,,,,,,,,,
,spi_t,float,compute:True;depends:es|at;store:True,,Schedule Performance Index SPI(t) ,SPI(t) = ES / AT,0,0,0,0,0,1,1,0,0,Indicators,,,,,,,,,,
project.project,dependencia_id,many2one,,hr.department,Dependencia,,0,0,1,0,0,1,1,1,1,0,,,Proyectos,,project.project,0,0,0,"extend:form=project.edit_project|partner_id,tree=project.view_project|name,search=project.view_project_project_filter|partner_id",
,alcance,text,,,Alcance,,0,0,1,0,0,0,1,1,0,Detalles,,,,,,,,,,
,notas,text,,,Notas,,0,0,1,0,0,0,1,1,0,Detalles,,,,,,,,,,
,proyecto_tipo,selection,selection:obra|obra_etapa|obra_componente|funcionamiento|plan_mejoramiento|plan_accion;default:'funcionamiento',,Tipo de Proyecto,,1,0,1,0,0,1,1,1,1,0,,,,,,,,,,
,financiacion_ids,one2many,,"project.financiacion,project_id",Financiación,,0,0,0,0,0,0,1,0,0,Financiación,,,,,,,,,,
,meta_ids,one2many,,"project.meta,project_id",Metas,,0,0,0,0,0,0,1,0,0,Metas,,,,,,,,,,
,solicitud_cambio_ids,one2many,,"project.solicitud_cambio,project_id",Solicitudes de Cambio,,0,0,0,0,0,0,1,0,0,Solicitudes de Cambio,,,,,,,,,,
,reporte_desempeno_ids,one2many,,"project.reporte_desempeno,project_id",Reportes de Desempeño,,0,0,0,0,0,0,1,0,0,Reportes de Desempeño,,,,,,,,,,
,programa_id,many2one,,project.programa,Programa,,0,0,1,0,0,1,0,1,1,0,,,,,,,,,,
,portafolio_ids,many2many,,project.portafolio,Portafolios,,0,0,0,0,0,1,1,1,0,Portafolios,,,,,,,,,,
,project_padre_id,many2one,,project.project,Proyecto Padre,,0,0,0,0,0,0,0,1,1,,,,,,,,,,,
project.financiacion,name,char,,,Descripción,,1,0,1,0,0,1,1,1,0,0,admin,Financiacion Proyecto,Financiación,,models.soft_delete.mixin,0,0,0,new,
,company_id,many2one,default:_COMPANY_;invisible=1,res.company,Compañía,,1,0,0,0,0,0,0,0,0,0,,,,,,,,,,
,currency_id,many2one,related:company_id.currency_id;readonly:True,res.currency,Moneda,,1,0,0,0,0,0,0,0,0,0,,,,,,,,,,
,project_id,many2one,,project.project,Proyecto,,1,0,1,0,0,1,1,1,1,0,,,,,,,,,,
,fuente_financiacion_id,many2one,,stone_erp.fuente,Fuente de financiación,,1,0,1,0,0,1,1,1,1,0,,,,,,,,,,
,valor,monetary,,,Valor,,1,0,0,0,0,1,1,1,0,0,,,,,,,,,,
project.solicitud_cambio,name,char,,,Nombre,,1,0,1,0,0,1,1,1,0,0,base_idu.proyectos_conf_menu,Solicitud de Cambio en Proyecto,Solicitudes de Cambio,,"mail.thread,models.soft_delete.mixin",0,0,0,new,
,state,selection,selection:nuevo|por_revisar|aprobado|devuelto;default:'nuevo',,Estado,,1,0,1,0,0,1,1,1,1,0,,,,,,,,,,
,project_id,many2one,,project.project,Proyecto,,1,0,1,0,0,1,1,1,1,0,,,,,,,,,,
project.task,dependencia_id,many2one,,hr.department,Dependencia,,0,0,1,0,0,1,1,1,1,0,,,Tarea,,project.task,0,0,0,"extend:form=project.view_task_form2|user_id,tree=project.view_task_tree2|user_id,search=project.view_task_search_form|project_id",
project.meta,name,char,compute:True;depends:cantidad|tipo_id,,Nombre,,0,0,0,0,0,0,0,0,0,0,admin,Meta de Proyecto,Metas de Proyecto,,"mail.thread,models.soft_delete.mixin",,,0,new,
,project_id,many2one,,project.project,Proyecto,,1,0,0,0,0,1,1,1,1,0,,,,,,,,,,
,tipo_id,many2one,,project.meta.tipo,Tipo,,1,0,0,0,0,1,1,1,1,0,,,,,,,,,,
,cantidad,float,,,Cantidad,,1,0,0,0,0,1,1,0,0,0,,,,,,,,,,
project.meta.tipo,name,char,,,Nombre,,1,1,0,0,0,1,1,1,0,0,base_idu.proyectos_conf_menu,Tipificación Meta de Proyecto,Tipos de Metas de Proyecto,,models.soft_delete.mixin,,,2,new,
,uom_id,many2one,,product.uom,Unidad de Medida,,1,0,0,0,0,1,1,1,1,0,,,,,,,,,,
hr.department,proyecto_gerente_id,many2one,,res.users,Coordinador de Proyectos,"Tiene permisos de administración de los proyectos, EDT y tareas para la dependencia",0,0,1,0,0,0,1,1,0,0,,,,,hr.department,0,0,0,extend:form=hr.view_department_form|manager_id,Adicionado campos para autorizar por dependencia a usuarios que gestionen los proyectos
,proyecto_programador_id,many2one,,res.users,Programador de Proyectos,,0,0,1,0,0,0,1,1,0,0,,,,,,,,,,
