group,group_inherits,model_name,create,read,write,delete
project_obra_seguimiento_sgdu.coordinador_tecnico,project_obra_seguimiento_idu.tecnico,,,,,
project_obra_seguimiento_sgdu.aprueba_informes,project_obra_seguimiento_idu.revisor,,,,,
project.group_project_manager,,project_obra.sgdu.informe_avance,1,1,1,1
,,project_obra.sgdu.informe_avance.detalle_componente,1,1,1,1
project.group_project_user,,project_obra.sgdu.informe_avance,1,1,1,0
,,project_obra.sgdu.informe_avance.detalle_componente,1,1,1,0
project_edt_idu.group_project_user_externo,,project_obra.sgdu.informe_avance,0,0,0,0
,,project_obra.sgdu.informe_avance.detalle_componente,0,0,0,0
