model_name,act_from,act_to,condition,group,button_label,type
project.problema,nuevo,por_revisar,True,project_problemas_idu.group_gestor,Pasar a Revisión,start
,por_revisar,devuelto,True,project_problemas_idu.group_revisor_problemas,Devolver para ajustes,
,devuelto,por_revisar,True,project_problemas_idu.group_gestor,Pasar a Revisión,
,por_revisar,abierto,True,project_problemas_idu.group_revisor_problemas,Aprobar Novedad,
,abierto,en_progreso,True,project_problemas_idu.group_gestor,Marcar como en curso,
,en_progreso,cerrado,True,project_problemas_idu.group_gestor,Marcar como solucionada,
,abierto,cancelado,True,project_problemas_idu.group_gestor,Marcar como cancelado,stop
,abierto,cerrado,True,project_problemas_idu.group_gestor,Marcar como solucionada,stop
