model_name,name,type,params,comodel,string,help,required,unique,tracking,constrains,onchange,view_tree,view_form,view_search,view_search_group_by,view_form_tab,menu,description,view_description,inherits,inherit,overwrite_write,overwrite_create,data,views
__openerp__,name,,project_obra_apu_idu,,,,,,,,,,,,,,,,,,,,,,
,namespace,,project_obra,,,,,,,,,,,,,,,,,,,,,,
,string,,Manejo de APU en Obras,,,,,,,,,,,,,,,,,,,,,,
,depends,,base|base_idu|project_portafolio_idu|model_security|product,,,,,,,,,,,,,,,,,,,,,,
,navigation_menu_id,,base_idu.proyectos_nav,,,,,,,,,,,,,,,,,,,,,,
project_obra.apu.vigencia,name,char,,,Nombre,,1,0,0,0,0,1,1,1,0,0,base_idu.proyectos_conf_menu,,Vigencia APUs,,models.soft_delete.mixin,,,0,new
,fecha_inicio,date,,,Fecha de inicio,,1,0,0,0,0,1,1,0,0,0,,,,,,,,,
,fecha_fin,date,,,Fecha de Finalización,,1,0,0,0,0,1,1,0,0,0,,,,,,,,,
product.uom,name,char,delegated:1,,Nombre,,1,0,0,0,0,1,1,1,0,0,base_idu.proyectos_conf_menu,,Unidades de Medida,,"product.uom,models.soft_delete.mixin",,,0,new
,category_id,many2one,delegated:1,product.umo.categ,Categoría,,1,0,0,0,0,1,1,1,1,0,,,,,,,,,
,uom_type,selection,selection:bigger|reference|smaller;delegated:1,,Tipo,,1,0,0,0,0,1,1,1,1,0,,,,,,,,,
,factor,float,delegated:1,,Factor de Conversión,,1,0,0,0,0,1,1,0,0,0,,,,,,,,,
,rounding,float,delegated:1,,Precisión de Redondeo,,1,0,0,0,0,1,1,0,0,0,,,,,,,,,
