model_name,act_from,act_to,condition,group,button_label,type
project_obra.obra.informe,nuevo,por_revisar,True,project_obra_idu.group_coordinador,Para Revisión,start
,por_revisar,pre_aprobado,True,project_obra_idu.group_subdireccion,Aprobado por Subdirección Técnica,
,pre_aprobado,aprobado,True,project_obra_idu.group_direccion,Aprobado por Dirección Técnica,
,pre_aprobado,devuelto,True,project_obra_idu.group_direccion,Devolver,
,por_revisar,devuelto,True,project_obra_idu.group_subdireccion,Devolver,
,devuelto,por_revisar,True,project_obra_idu.group_coordinador,Para Revisión,
,aprobado,publicado,True,,,stop
project_obra.proyecto,draft,open,True,project.group_project_manager,Pasar a En Progreso,start
,open,pending,True,project.group_project_manager,Pasar a Aplazado,
,pending,open,True,project.group_project_manager,Pasar a En Progreso,
,open,cancelled,True,project.group_project_manager,Pasar a Cancelado,stop
,draft,cancelled,True,project.group_project_manager,Pasar a Cancelado,stop
,open,close,True,project.group_project_manager,Pasar a Terminado,stop
,pending,cancelled,True,project.group_project_manager,Pasar a Cancelado,stop
