model_name,act_from,act_to,condition,group,button_label,type
project_obra.conservacion.informe_avance,nuevo,por_revisar,True,project_obra_seguimiento_dtm.coordinador_tecnico,Pasar a Revisión,start
,por_revisar,devuelto,True,project_obra_seguimiento_dtm.aprueba_informes,Devolver para Correcciones,
,devuelto,por_revisar,True,project_obra_seguimiento_dtm.coordinador_tecnico,Pasar a Revisión,
,por_revisar,aprobado,True,project_obra_seguimiento_dtm.aprueba_informes,Aprobado por Dirección Técnica,
,aprobado,publicado,True,,,stop
