model_name,name,type,params,comodel,string,help,required,states,unique,tracking,constrains,onchange,view_tree,view_form,view_search,view_search_group_by,view_form_tab,menu,description,view_description,inherits,inherit,overwrite_write,overwrite_create,data,views
__openerp__,name,,project_obra_seguimiento_dtm,,,,,,,,,,,,,,,,,,,,,,,
,namespace,,project_obra,,,,,,,,,,,,,,,,,,,,,,,
,string,,Seguimiento a Conservación,,,,,,,,,,,,,,,,,,,,,,,
,depends,,base|project_obra_portafolio_idu|project_obra_seguimiento_idu|infraestructura_urbana_idu|model_security,,,,,,,,,,,,,,,,,,,,,,,
,navigation_menu_id,,base_idu.proyectos_nav,,,,,,,,,,,,,,,,,,,,,,,
project_obra.conservacion.tipo_intervencion,name,char,size:50,,Nombre,,1,,1,1,0,0,1,1,1,0,0,conf,Tipo Intervencion en Obra Proyecto de Conservacion,Tipos de Intervención,,"mail.thread,models.soft_delete.mixin",0,0,0,new
project_obra.conservacion.fase,name,char,size:50,,Nombre,,1,,1,1,0,0,1,1,1,0,0,conf,Fase de Obra Proyecto de Conservacion,Fases de Conservación,,"mail.thread,models.soft_delete.mixin",0,0,0,new
project_obra.conservacion.fase.estado,name,char,size:50,,Nombre,,1,,1,1,0,0,1,1,1,0,0,conf,Estado Fase Proyecto de Conservacion,Estados Fase de Conservación,,"mail.thread,models.soft_delete.mixin",0,0,0,new
,duplicar_en_informe_nuevo,boolean,default:True,,Duplicar Frentes con este Estado en Nuevos Informes,,0,,0,1,0,0,1,1,1,1,0,,,,,,,,,
project_obra.material,name,char,size:50,,Nombre,,1,,0,1,0,0,1,1,1,0,0,conf,Material de Obra,Material Obras,,"mail.thread,models.soft_delete.mixin",0,0,0,new
,uom_id,many2one,,product.uom,Unidad de Medida,,1,,0,1,0,0,1,1,1,1,0,,,,,,,,,
project_obra.tipo_pavimento,name,char,size:50,,Nombre,,1,,0,1,0,0,1,1,1,0,0,conf,Tipo de Pavimento,Tipos de Pavimento,,"mail.thread,models.soft_delete.mixin",0,0,0,new
project_obra.conservacion.informe_avance.detalle_frente,name,char,compute:True;depends:frente_id|tipo_elemento_id|tipo_intervencion_id|fase_conservacion_id;readonly:True;store:True,,Nombre,,0,,0,1,0,0,0,0,1,0,0,admin,Informe Avance de Frente Obra Proyecto de Conservacion,Avance Frente de Obra Conservación,project_obra.informe_al_ciudadano;informe_al_ciudadano_id|project_obra.informe_meta_fisica;informe_meta_fisica_id,"mail.thread,models.soft_delete.mixin",0,0,0,new
,informe_id,many2one,default:_CONTEXT_;readonly:True,project_obra.conservacion.informe_avance,Informe,,1,,0,1,0,0,0,readonly:1,1,1,0,,,,,,,,,
,state,selection,related:informe_id.cabecera_id.state;readonly:True,,Estado de la Cabecera Informe,,0,,0,0,0,0,0,1,1,0,0,0,,,,,,,,
,proyecto_id,many2one,related:informe_id.proyecto_id;readonly:True,project_obra.proyecto,Proyecto,,1,,0,1,0,0,1,readonly:1,1,1,0,,,,,,,,,
,frente_id,many2one,"domain:[('proyecto_id','=',proyecto_id)];readonly:False",project_obra.proyecto.frente_obra,Frente de Obra,,1,aprobado:readonly=1;publicado:readonly=1,0,1,0,0,0,readonly:1,1,1,0,,,,,,,,,
,tipo_elemento_id,many2one,readonly:False,infraestructura_urbana.elemento.tipo,Tipo de Elemento,,1,aprobado:readonly=1;publicado:readonly=1,0,1,0,0,0,readonly:1,1,1,0,,,,,,,,,
,url_seleccion_elementos,char,compute:True,,Click para seleccionar elementos en mapa,,0,0,0,0,0,0,widget:url,0,0,0,,,,,,,,,,
,elementos,text,readonly:False,,Elementos,,0,aprobado:readonly=1;publicado:readonly=1,0,1,0,1,0,1,0,0,0,,,,,,,,,
,elemento_ids,many2many,invisible:True;readonly:False,"infraestructura_urbana.elemento,inf_urbana_elemento_avance_dtm_rel",Elementos,,0,aprobado:readonly=1;publicado:readonly=1,0,1,0,0,1,1,1,0,0,,,,,,,,,
,tipo_intervencion_id,many2one,readonly:False,project_obra.conservacion.tipo_intervencion,Tipo de Intervención,,1,aprobado:readonly=1;publicado:readonly=1,0,1,0,0,0,readonly:1,1,1,0,,,,,,,,,
,fase_conservacion_id,many2one,readonly:False,project_obra.conservacion.fase,Sub Etapa Actual,,1,aprobado:readonly=1;publicado:readonly=1,0,1,0,0,0,readonly:1,1,1,0,,,,,,,,,
,estado_id,many2one,readonly:False,project_obra.conservacion.fase.estado,Estado actual,,1,aprobado:readonly=1;publicado:readonly=1,0,1,0,0,0,readonly:1,1,1,0,,,,,,,,,
,company_id,many2one,default:_COMPANY_;invisible:True,res.company,Compañía,,0,,0,0,0,0,0,1,0,0,0,,,,,,,,,
,currency_id,many2one,related:company_id.currency_id;readonly:True;invisible:True,res.currency,Moneda,,0,,0,0,0,0,0,1,0,0,0,,,,,,,,,
,programado_fecha_inicio,date,readonly:False,,fecha de Inicio programada de obra,,0,aprobado:readonly=1;publicado:readonly=1,0,1,0,0,0,1,0,0,1|Fechas,,,,,,,,,
,ejecutado_fecha_inicio,date,readonly:False,,fecha de inicio real de obra,,0,aprobado:readonly=1;publicado:readonly=1,0,1,0,0,0,1,0,0,1|Fechas,,,,,,,,,
,programado_fecha_fin,date,readonly:False,,fecha de finalizacion programada de obra,,0,aprobado:readonly=1;publicado:readonly=1,0,1,0,0,0,1,0,0,1|Fechas,,,,,,,,,
,ejecutado_fecha_fin,date,readonly:False,,fecha de finalizacion real de obra,,0,aprobado:readonly=1;publicado:readonly=1,0,1,0,0,0,1,0,0,1|Fechas,,,,,,,,,
,atraso_dias,integer,readonly:False,,dias de atraso (-) o adelanto (+),,0,aprobado:readonly=1;publicado:readonly=1,0,1,0,0,0,1,1,0,1|Fechas,,,,,,,,,
,programado_porcentaje_financiero,float,readonly:False,,% Financiero de obra programado acumulado,,0,aprobado:readonly=1;publicado:readonly=1,0,1,0,0,0,1,0,0,2|Avances,,,,,,,,,
,ejecutado_porcentaje_financiero,float,readonly:False,,% Financiero de obra ejecutado acumulado,,0,aprobado:readonly=1;publicado:readonly=1,0,1,0,0,0,1,0,0,2|Avances,,,,,,,,,
,programado_porcentaje_fisico,float,readonly:False,,% Físico de obra programado acumulado,,0,aprobado:readonly=1;publicado:readonly=1,0,1,0,0,0,1,0,0,2|Avances,,,,,,,,,
,ejecutado_porcentaje_fisico,float,readonly:False,,% Físico de obra  ejecutado acumulado,,0,aprobado:readonly=1;publicado:readonly=1,0,1,0,0,0,1,0,0,2|Avances,,,,,,,,,
,programado_ejecucion_financiera,monetary,readonly:False,,Ejecucion Financiera programada $,,0,aprobado:readonly=1;publicado:readonly=1,0,1,0,0,0,1,0,0,2|Avances,,,,,,,,,
,ejecutado_ejecucion_financiera,monetary,readonly:False,,Ejecucion Financiera Real $ ,,0,aprobado:readonly=1;publicado:readonly=1,0,1,0,0,0,1,0,0,2|Avances,,,,,,,,,
,tipo_pavimento_id,many2one,readonly:False,project_obra.tipo_pavimento,Tipo de Pavimento,,0,aprobado:readonly=1;publicado:readonly=1,0,1,0,0,0,1,0,1,3|Materiales,,,,,,,,,
,meta_fisica_avance_ids,one2many,delegated:True,"project_obra.informe_meta_fisica.avance,frente_id",Avances por Meta Física,,0,aprobado:readonly=1;publicado:readonly=1,0,0,0,0,0,1,0,0,4|Meta Físicas,,,,,,,,,
,uso_material_ids,one2many,readonly:False,"project_obra.conservacion.informe_avance.uso_material,informe_detalle_frente_id",Uso de Material,,0,aprobado:readonly=1;publicado:readonly=1,0,1,0,0,0,1,0,0,3|Materiales,,,,,,,,,
,photo_ids,one2many,readonly:False,"photo_gallery.photo,proyecto_obra_avance_dtm_frente_id",Registro Fotográfico,,0,aprobado:readonly=1;publicado:readonly=1,0,0,0,0,0,1,0,0,6|Registro Fotográfico,,,,,,,,,
,ciudadano_anuncios,char,delegated:True,,Anuncios a la Comunidad,"ej. Cierres Viales, reuniones a realizarse con la comunidad",0,aprobado:readonly=1;publicado:readonly=1,0,1,0,0,0,1,1,0,5|Visor,,,,,,,,,
,ciudadano_avances_por_meta_fisica_ids,one2many,delegated:True,"project_obra.informe_al_ciudadano.avance_por_meta,informe_id",Avances por Meta Física,,0,aprobado:readonly=1;publicado:readonly=1,0,0,0,0,0,1,0,0,5|Visor,,,,,,,,,
project_obra.conservacion.informe_avance.uso_material,name,char,compute:True;depends:material_id|cantidad;readonly:True;store:True,,Nombre,,0,,0,1,0,0,0,0,1,0,0,admin,Uso de Material en Obra Proyecto de Conservacion,Material Usado en Conservación,,"mail.thread,models.soft_delete.mixin",0,0,0,new
,material_id,many2one,readonly:False,project_obra.material,Material,,1,aprobado:readonly=1;publicado:readonly=1,0,1,0,0,0,1,0,0,0,,,,,,,,,
,cantidad,float,readonly:False,,Cantidad,,1,aprobado:readonly=1;publicado:readonly=1,0,1,0,0,0,1,0,0,0,,,,,,,,,
,informe_detalle_frente_id,many2one,default:_CONTEXT_;readonly=True,project_obra.conservacion.informe_avance.detalle_frente,Informe Detalle,,1,,0,1,0,0,0,1,0,0,0,,,,,,,,,
,state,selection,related:informe_detalle_frente_id.informe_id.cabecera_id.state;readonly:True,,Estado de la Cabecera Informe,,0,,0,0,0,0,0,1,1,0,0,0,,,,,,,,
project_obra.conservacion.informe_avance,name,char,size:100;compute:True;store:True;depends:cabecera_id;invisible:True,,Nombre,,0,,0,1,0,0,1,1,1,0,0,main,Informe Avance de Obra Proyecto de Conservacion,Informes de Avance,project_obra.informe_cabecera;cabecera_id|project_obra.informe_por_contrato;informe_por_contrato_id|project_obra.informe_novedades;informe_novedades_id|project_obra.informe_social;informe_social_id,"mail.thread,models.soft_delete.mixin,project_obra.informe.workflow_mixin",1,1,0,new
,state,selection,delegated:True;selection:nuevo|por_revisar|pre_aprobado|aprobado|publicado|devuelto,,Estado,,1,,0,0,0,0,1,1,1,1,0,,,,,,,,,
,avance_por_frente_ids,one2many,,"project_obra.conservacion.informe_avance.detalle_frente,informe_id",Avances Por Frente,,0,,0,0,0,0,0,1,0,0,2|Avance Detallado,,,,,,,,,
,company_id,many2one,delegated:True;invisible:True,res.company,Compañía,,0,,0,0,0,0,0,1,0,0,1|Avance General,,,,,,,,,
,currency_id,many2one,delegated:True;invisible:True,res.currency,Moneda,,0,,0,0,0,0,0,1,0,0,1|Avance General,,,,,,,,,
,user_id,many2one,delegated:True,res.users,Autor,,1,,0,1,0,0,1,readonly:1,1,1,0,,,,,,,,,
,fecha,date,delegated:True,,Fecha de Corte,,1,,0,1,0,0,1,readonly:1,0,0,0,,,,,,,,,
,periodo_fecha_inicio,date,delegated:True,,Desde,Fecha de Inicio del periodo a reportarse,1,,0,1,1,1,0,readonly:1,0,0,0,,,,,,,,,
,periodo_fecha_fin,date,delegated:True,,Hasta,Fecha de finalización del periodo a reportarse,1,,0,1,1,1,0,readonly:1,0,0,0,,,,,,,,,
,semana,integer,delegated:True,,Semana No,,1,,0,1,0,0,1,readonly:1,0,0,0,,,,,,,,,
,dias_ejecucion,integer,delegated:True,,Días Transcurridos del Contrato,,0,,0,1,0,0,0,1,0,0,0,,,,,,,,,
,proyecto_id,many2one,delegated:True,project_obra.proyecto,Proyecto,,1,,0,1,0,0,1,readonly:1,1,1,0,,,,,,,,,
,etapa_actual_id,many2one,delegated:True,project_obra.proyecto.etapa,Etapa del Proyecto,Si la etapa no se encuentra consultar con OAP para su inclusión,1,,0,1,0,0,0,readonly:1,1,1,0,,,,,,,,,
,etapa_actual_tipo_id,many2one,delegated:True,project_obra.proyecto.etapa.tipo,Etapa Actual (tipo),,0,,0,1,0,0,0,readonly:1,0,0,0,,,,,,,,,
,contrato_id,many2one,delegated:True,contrato.contrato,Contrato,,1,,0,1,0,1,1,readonly:1,1,1,0,,,,,,,,,
,contrato_interventoria_id,many2one,delegated:True,contrato.contrato,Contrato de Interventoría,,1,,0,1,0,1,1,readonly:1,1,1,0,,,,,,,,,
,programado_porcentaje_avance_fisico_acumulado,float,delegated:True,,Porcentaje Programado de Avance Físico,,1,,0,1,1,1,0,1,0,0,1|Avance General,,,,,,,,,
,ejecutado_porcentaje_avance_fisico_acumulado,float,delegated:True,,Porcentaje Ejecutado de Avance Físico,,1,,0,1,1,1,0,1,0,0,1|Avance General,,,,,,,,,
,programado_avance_financiero_acumulado,monetary,delegated:True,,Avance Programado Financiero,,1,,0,1,1,1,0,1,0,0,1|Avance General,,,,,,,,,
,ejecutado_avance_financiero_acumulado,monetary,delegated:True,,Avance Ejecutado Financiero,,1,,0,1,1,1,0,1,0,0,1|Avance General,,,,,,,,,
,empleos_generados_contratista,integer,delegated:True,,Empleos Generados por Contratista,,0,,0,1,0,0,0,1,1,0,1|Avance General,,,,,,,,,
,empleos_generados_interventoria,integer,delegated:True,,Empleos Generados por Interventoría,,0,,0,1,0,0,0,1,1,0,1|Avance General,,,,,,,,,
,resumen_novedades,text,delegated:True,,Resumen de Novedades,Resumen en Formato JSON de como estaban las novedades para el contrato a la fecha de corte.,0,,0,0,0,0,0,1,0,0,4|Novedades,,,,,,,,,
photo_gallery.photo,proyecto_obra_avance_dtm_frente_id,many2one,,project_obra.conservacion.informe_avance.detalle_frente,Proyecto de Obra Avance Por Frente DTM,,0,,0,0,0,0,0,1,1,0,0,admin,,Galeria de Fotos,,photo_gallery.photo,,,0,none
project_obra.informe_al_ciudadano,informe_detalle_frente_id,many2one,default:_CONTEXT_;readonly=True,project_obra.conservacion.informe_avance.detalle_frente,Informe Detalle Por Frente,,0,,0,1,0,0,0,1,0,0,0,,,,,project_obra.informe_al_ciudadano,0,0,0,none
project_obra.informe_meta_fisica,informe_detalle_frente_id,many2one,default:_CONTEXT_;readonly=True,project_obra.conservacion.informe_avance.detalle_frente,Informe Detalle Por Frente,,0,,0,1,0,0,0,1,0,0,0,,,,,project_obra.informe_meta_fisica,0,0,0,none
