group,group_inherits,model_name,create,read,write,delete
project.group_project_user,,project.edt,"[
'|','|','|',
('project_id.user_id','=',user.id),
('project_id.programador_id','=',user.id),
('parent_id.user_id','=',user.id),
('parent_id.programador_id','=',user.id)
]",1,"[
'|','|','|','|','|',
('user_id','=',user.id),
('programador_id','=',user.id),
('project_id.user_id','=',user.id),
('project_id.programador_id','=',user.id),
('parent_id.user_id','=',user.id),
('parent_id.programador_id','=',user.id)
]","[
'|','|','|','|',
('programador_id','=',user.id),
('project_id.user_id','=',user.id),
('project_id.programador_id','=',user.id),
('parent_id.user_id','=',user.id),
('parent_id.programador_id','=',user.id)
]"
,,project.task.registro_progreso,"[
'|','|','|','|',
('task_id.user_id','=',user.id),
('task_id.project_id.user_id','=',user.id),
('task_id.project_id.programador_id','=',user.id),
('task_id.edt_id.user_id','=',user.id),
('task_id.edt_id.programador_id','=',user.id)
]",1,"[
'|','|','|','|','|',
('task_id.user_id','=',user.id),
('task_id.revisor_id','=',user.id),
('task_id.project_id.user_id','=',user.id),
('task_id.project_id.programador_id','=',user.id),
('task_id.edt_id.user_id','=',user.id),
('task_id.edt_id.programador_id','=',user.id)
]",0
,,project.task.pendiente,"[
'|','|','|','|','|',
('task_id.user_id','=',user.id),
('task_id.revisor_id','=',user.id),
('task_id.project_id.user_id','=',user.id),
('task_id.project_id.programador_id','=',user.id),
('task_id.edt_id.user_id','=',user.id),
('task_id.edt_id.programador_id','=',user.id)
]",1,"[
'|','|','|','|','|',
('task_id.user_id','=',user.id),
('task_id.revisor_id','=',user.id),
('task_id.project_id.user_id','=',user.id),
('task_id.project_id.programador_id','=',user.id),
('task_id.edt_id.user_id','=',user.id),
('task_id.edt_id.programador_id','=',user.id)
]","[
'|','|','|',
('task_id.project_id.user_id','=',user.id),
('task_id.project_id.programador_id','=',user.id),
('task_id.edt_id.user_id','=',user.id),
('task_id.edt_id.programador_id','=',user.id)
]"
,,project.predecesor,1,1,1,0
,,project.task.reporte_avance,_OWN_,"[
'|','|','|','|','|','|',
('project_id.dependencia_id.manager_id.user_id', '=', user.id),
('project_id.dependencia_id.proyecto_gerente_id', '=', user.id),
('project_id.dependencia_id.proyecto_programador_id', '=', user.id),
('project_id.user_id', '=', user.id),
('project_id.programador_id', '=', user.id),
('message_partner_ids', 'in', [user.partner_id.id]),
('user_id','=',user.id)
]
","[
'|','|','|','|','|',
('project_id.dependencia_id.manager_id.user_id', '=', user.id),
('project_id.dependencia_id.proyecto_gerente_id', '=', user.id),
('project_id.dependencia_id.proyecto_programador_id', '=', user.id),
('user_id','=',user.id),
('project_id.user_id','=',user.id),
('project_id.programador_id','=',user.id),
]",0
project_edt_idu.group_project_user_externo,project.group_project_user,project.edt,0,"[
'|','|',
('project_id.message_partner_ids', 'in', [user.partner_id.id]),
('parent_id.message_partner_ids', 'in', [user.partner_id.id]),
('user_id','=',user.id)
]","[('user_id','=',user.id)]",0
,,project.task,0,"[
'|','|','|','|',
('project_id.message_partner_ids', 'in', [user.partner_id.id]),
('message_partner_ids', 'in', [user.partner_id.id]),
('edt_id.user_id', '=', user.id),
('user_id','=',user.id),
('revisor_id','=',user.id)
]","[
'|',
('user_id','=',user.id),
('revisor_id','=',user.id)
]",0
,,project.project,0,"[('message_partner_ids', 'in', [user.partner_id.id])]",0,0
,,project.task.registro_progreso,"[
'|',
('task_id.user_id','=',user.id),
('task_id.edt_id.user_id','=',user.id)
]","[
'|','|',
('task_id.message_partner_ids', 'in', [user.partner_id.id]),
('task_id.project_id.message_partner_ids', 'in', [user.partner_id.id]),
('task_id.edt_id.user_id', '=', user.id),
]","[
'|',
('task_id.user_id','=',user.id),
('task_id.edt_id.user_id','=',user.id)
]",0
,,project.task.pendiente,"[
'|',
('task_id.user_id','=',user.id),
('task_id.edt_id.user_id','=',user.id)
]","[
'|','|',
('task_id.message_partner_ids', 'in', [user.partner_id.id]),
('task_id.project_id.message_partner_ids', 'in', [user.partner_id.id]),
('task_id.edt_id.user_id', '=', user.id),
]","[
'|',
('task_id.user_id','=',user.id),
('task_id.edt_id.user_id','=',user.id)
]",0
,,project.predecesor,0,"[
'|','|',
('task_id.message_partner_ids', 'in', [user.partner_id.id]),
('task_id.project_id.message_partner_ids', 'in', [user.partner_id.id]),
('task_id.edt_id.user_id', '=', user.id),
]",0,0
project.group_project_manager,,project.edt,_ALL_,_ALL_,_ALL_,_ALL_
,,project.task.registro_progreso,_ALL_,_ALL_,_ALL_,_ALL_
,,project.task.pendiente,_ALL_,_ALL_,_ALL_,_ALL_
,,project.predecesor,_ALL_,_ALL_,_ALL_,_ALL_
,,project.task.reporte_avance,_ALL_,_ALL_,_ALL_,_ALL_
