model_name,act_from,act_to,condition,group,button_label,type
project.reporte_desempeno,nuevo,por_revisar,True,,Para Revisión,start
,por_revisar,devuelto,True,project.group_project_manager,Devolver,
,devuelto,por_revisar,True,,Para Revisión,
,por_revisar,aprobado,True,project.group_project_manager,Aprobado,stop
project.solicitud_cambio,nuevo,por_revisar,True,,Para Revisión,start
,por_revisar,devuelto,True,project.group_project_manager,Devolver,
,devuelto,por_revisar,True,,Para Revisión,
,por_revisar,aprobado,True,project.group_project_manager,Aprobado,stop
