Notas,group,group_inherits,model_name,create,read,write,delete
"Código actualizado sin hacer cambios en este archivo, tener cuidado al sobreescribir con código generado",project.group_project_user,,project.problema,_OWN_,1,_OWN_,0
,,,project.problema.tipo,0,1,0,0
,project_problemas_idu.group_gestor,project.group_project_user,project.problema,_ALL_,_ALL_,_ALL_,0
,,,project.task,0,1,0,0
,project_problemas_idu.group_revisor_problemas,project.group_project_user,project.problema,0,_ALL_,_ALL_,0
,,,project.task,0,1,0,0
,project.group_project_manager,,project.problema,_ALL_,_ALL_,_ALL_,_ALL_
,,,project.problema.tipo,_ALL_,_ALL_,_ALL_,_ALL_
,project.group_project_user,,project.task,"['|',
  ('problema_id.user_id','=',user.id),
  ('problema_id.tipo_id.usuario_apoyo_ids','in', [user.id])
]",1,"['|',
  ('problema_id.user_id','=',user.id),
  ('problema_id.tipo_id.usuario_apoyo_ids','in', [user.id])
]",0
,,,project.task.registro_progreso,"[
'|',
  ('task_id.problema_id.user_id','=',user.id),
  ('task_id.problema_id.tipo_id.usuario_apoyo_ids','in', [user.id])
]",1,"[
'|',
  ('task_id.problema_id.user_id','=',user.id),
  ('task_id.problema_id.tipo_id.usuario_apoyo_ids','in', [user.id])
]",0
