group,group_inherits,model_name,create,read,write,delete
project.group_project_user,,project_obra.proyecto,0,1,0,0
,,project_obra.reporte_desempeno_manual,"[
'|','|','|','|',
('project_id.user_id','=',user.id),
('project_id.programador_id','=',user.id),
('project_id.dependencia_id.proyecto_gerente_id.user_id','=',user.id),
('project_id.dependencia_id.proyecto_programador_id.user_id','=',user.id),
('project_id.dependencia_id.manager_id.user_id','=',user.id),
]
",1,"[
'|','|','|','|',
('project_id.user_id','=',user.id),
('project_id.programador_id','=',user.id),
('project_id.dependencia_id.proyecto_gerente_id.user_id','=',user.id),
('project_id.dependencia_id.proyecto_programador_id.user_id','=',user.id),
('project_id.dependencia_id.manager_id.user_id','=',user.id),
]",0
,,project_obra.proyecto.tag,0,1,0,0
,,project_obra.proyecto.eje,0,1,0,0
,,project_obra.proyecto.origen,0,1,0,0
,,project_obra.proyecto.etapa,0,1,0,0
,,project_obra.proyecto.etapa.tipo,0,1,0,0
,,project_obra.proyecto.etapa.novedad_cronograma,0,1,0,0
,,project_obra.proyecto.frente_obra,0,1,0,0
project_edt_idu.group_project_user_externo,,project_obra.proyecto,0,1,0,0
,,project_obra.reporte_desempeno_manual,"[('project_id.message_partner_ids', 'in', [user.partner_id.id])]",1,"[('project_id.message_partner_ids', 'in', [user.partner_id.id])]",0
project.group_project_manager,,project_obra.proyecto,_ALL_,_ALL_,_ALL_,_ALL_
,,project_obra.reporte_desempeno_manual,_ALL_,_ALL_,_ALL_,_ALL_
,,project_obra.proyecto.tag,_ALL_,_ALL_,_ALL_,_ALL_
,,project_obra.proyecto.eje,_ALL_,_ALL_,_ALL_,_ALL_
,,project_obra.proyecto.origen,_ALL_,_ALL_,_ALL_,_ALL_
,,project_obra.proyecto.etapa,_ALL_,_ALL_,_ALL_,_ALL_
,,project_obra.proyecto.etapa.tipo,_ALL_,_ALL_,_ALL_,_ALL_
,,project_obra.proyecto.etapa.novedad_cronograma,_ALL_,_ALL_,_ALL_,_ALL_
,,project_obra.proyecto.frente_obra,_ALL_,_ALL_,_ALL_,_ALL_
project_obra_portafolio_idu.group_programador,project.group_project_user,project.project,0,"[
'|','|','|','|','|',
('proyecto_tipo','=','obra_componente'),
('dependencia_id.proyecto_gerente_id.user_id','=',user.id),
('dependencia_id.proyecto_programador_id.user_id','=',user.id),
('dependencia_id.manager_id.user_id','=',user.id),
('user_id','=',user.id),
('programador_id','=',user.id)
]","[
'|','|','|','|','|',
('proyecto_tipo','=','obra_componente'),
('dependencia_id.proyecto_gerente_id.user_id','=',user.id),
('dependencia_id.proyecto_programador_id.user_id','=',user.id),
('dependencia_id.manager_id.user_id','=',user.id),
('user_id','=',user.id),
('programador_id','=',user.id)
]",0
,,project.edt,"[
'|','|','|','|',
('project_id.proyecto_tipo','=','obra_componente'),
('project_id.user_id','=',user.id),
('project_id.programador_id','=',user.id),
('parent_id.user_id','=',user.id),
('parent_id.programador_id','=',user.id)
]",1,"[
'|','|','|','|','|','|',
('project_id.proyecto_tipo','=','obra_componente'),
('user_id','=',user.id),
('programador_id','=',user.id),
('project_id.user_id','=',user.id),
('project_id.programador_id','=',user.id),
('parent_id.user_id','=',user.id),
('parent_id.programador_id','=',user.id)
]","[
'|','|','|','|','|',
('project_id.proyecto_tipo','=','obra_componente'),
('programador_id','=',user.id),
('project_id.user_id','=',user.id),
('project_id.programador_id','=',user.id),
('parent_id.user_id','=',user.id),
('parent_id.programador_id','=',user.id)
]"
,,project.task,1,1,"[
'|','|','|','|','|',
('project_id.proyecto_tipo','=','obra_componente'),
('user_id','=',user.id),
('edt_id.programador_id','=',user.id),
('edt_id.user_id','=',user.id),
('project_id.user_id','=',user.id),
('project_id.programador_id','=',user.id),
]","[
'|','|','|','|','|',
('project_id.proyecto_tipo','=','obra_componente'),
('user_id','=',user.id),
('edt_id.programador_id','=',user.id),
('edt_id.user_id','=',user.id),
('project_id.user_id','=',user.id),
('project_id.programador_id','=',user.id),
]"
,,project.task.registro_progreso,"[
'|','|','|','|','|',
('task_id.user_id','=',user.id),
('task_id.project_id.user_id','=',user.id),
('task_id.project_id.programador_id','=',user.id),
('task_id.edt_id.user_id','=',user.id),
('task_id.edt_id.programador_id','=',user.id),
('task_id.project_id.proyecto_tipo','=','obra_componente')
]
",1,"[
'|','|','|','|','|',
('task_id.user_id','=',user.id),
('task_id.project_id.user_id','=',user.id),
('task_id.project_id.programador_id','=',user.id),
('task_id.edt_id.user_id','=',user.id),
('task_id.edt_id.programador_id','=',user.id),
('task_id.project_id.proyecto_tipo','=','obra_componente')
]
","[
'|','|','|','|','|',
('task_id.user_id','=',user.id),
('task_id.project_id.user_id','=',user.id),
('task_id.project_id.programador_id','=',user.id),
('task_id.edt_id.user_id','=',user.id),
('task_id.edt_id.programador_id','=',user.id),
('task_id.project_id.proyecto_tipo','=','obra_componente')
]
"
