group,group_inherits,model_name,create,read,write,delete
project.group_project_manager,,project_obra.informe_cabecera,1,1,1,1
,,project_obra.informe_por_contrato,1,1,1,1
,,project_obra.informe_al_ciudadano,1,1,1,1
,,project_obra.informe_al_ciudadano.avance_por_meta,1,1,1,1
,,project_obra.informe_predios,1,1,1,1
,,project_obra.informe_novedades,1,1,1,1
,,project_obra.informe_meta_fisica,1,1,1,1
,,project_obra.informe_meta_fisica.avance,1,1,1,1
,,project_obra.informe_mpp,1,1,1,1
,,project_obra.informe_mpp.linea_frente,1,1,1,1
,,project_obra.informe_social,1,1,1,1
,,project_obra.informe_etapa,1,1,1,1
project.group_project_user,,project_obra.informe_cabecera,0,1,0,0
,,project_obra.informe_por_contrato,0,1,0,0
,,project_obra.informe_al_ciudadano,0,1,0,0
,,project_obra.informe_al_ciudadano.avance_por_meta,0,1,0,0
,,project_obra.informe_predios,0,1,0,0
,,project_obra.informe_novedades,0,1,0,0
,,project_obra.informe_meta_fisica,0,1,0,0
,,project_obra.informe_meta_fisica.avance,0,1,0,0
,,project_obra.informe_mpp,0,1,0,0
,,project_obra.informe_mpp.linea_frente,0,1,0,0
,,project_obra.informe_social,0,1,0,0
,,project_obra.informe_etapa,0,1,0,0
project_edt_idu.group_project_user_externo,,project_obra.informe_cabecera,0,1,0,0
,,project_obra.informe_por_contrato,0,1,0,0
,,project_obra.informe_al_ciudadano,0,1,0,0
,,project_obra.informe_al_ciudadano.avance_por_meta,0,1,0,0
,,project_obra.informe_predios,0,1,0,0
,,project_obra.informe_novedades,0,1,0,0
,,project_obra.informe_meta_fisica,0,1,0,0
,,project_obra.informe_meta_fisica.avance,0,1,0,0
,,project_obra.informe_mpp,0,1,0,0
,,project_obra.informe_mpp.linea_frente,0,1,0,0
,,project_obra.informe_social,0,1,0,0
,,project_obra.informe_etapa,0,1,0,0
project_obra_seguimiento_idu.tecnico,"project_obra_seguimiento_idu.analista,project_problemas_idu.group_gestor",project_obra.informe_cabecera,1,1,1,0
,,project_obra.informe_por_contrato,1,1,1,0
,,project_obra.informe_al_ciudadano,1,1,1,0
,,project_obra.informe_al_ciudadano.avance_por_meta,1,1,1,0
,,project_obra.informe_predios,1,1,1,0
,,project_obra.informe_novedades,1,1,1,0
,,project_obra.informe_meta_fisica,1,1,1,0
,,project_obra.informe_meta_fisica.avance,1,1,1,0
,,project_obra.informe_mpp,1,1,1,0
,,project_obra.informe_mpp.linea_frente,1,1,1,0
,,project_obra.informe_social,1,1,1,0
,,project_obra.informe_etapa,1,1,1,0
project_obra_seguimiento_idu.revisor,project_obra_seguimiento_idu.analista,project_obra.informe_cabecera,0,1,1,0
,,project_obra.informe_por_contrato,0,1,1,0
,,project_obra.informe_al_ciudadano,0,1,1,0
,,project_obra.informe_al_ciudadano.avance_por_meta,0,1,1,0
,,project_obra.informe_predios,0,1,1,0
,,project_obra.informe_novedades,0,1,1,0
,,project_obra.informe_meta_fisica,0,1,1,0
,,project_obra.informe_meta_fisica.avance,0,1,1,0
,,project_obra.informe_mpp,0,1,1,0
,,project_obra.informe_mpp.linea_frente,0,1,1,0
,,project_obra.informe_social,0,1,1,0
,,project_obra.informe_etapa,0,1,1,0
project_obra_seguimiento_idu.analista,project_obra_portafolio_idu.group_analista,,,,,
project_obra_seguimiento_idu.especialista,"project_obra_seguimiento_idu.analista,project_problemas_idu.group_gestor",,,,,
