model_name,name,type,params,comodel,string,help,required,unique,tracking,constrains,onchange,view_tree,view_form,view_search,view_search_group_by,view_form_tab,menu,description,view_description,inherits,inherit,overwrite_write,overwrite_create,data,views,Notas,
__openerp__,name,,project_edt_idu,,,,,,,,,,,,,,,,,,,,,,,,
,namespace,,project,,,,,,,,,,,,,,,,,,,,,,,,
,string,,EDT,,,,,,,,,,,,,,,,,,,,,,,,
,depends,,base|base_idu|model_security|product,,,,,,,,,,,,,,,,,,,,,,,,
,navigation_menu_id,,base_idu.proyectos_nav,,,,,,,,,,,,,,,,,,,,,,,,
project.edt,name,char,,,Nombre,,1,0,0,0,0,1,1,1,0,0,"base_idu.proyectos_menu;domain:['|',('user_id', '=', uid),('programador_id', '=', uid)]",EDT de Proyecto,Mis EDTs,,"mail.thread,models.soft_delete.mixin",1,1,1,new,,
,sequence,integer,,,Sequencia,,0,0,0,0,0,handle,0,0,0,0,,,,,,,,,,,
,numero,char,readonly:True;compute:True;depends:parent_id|sequence|parent_id.numero,,Número,,0,0,0,0,0,1,1,1,0,0,,,,,,,,,,Puede ser colocado por importer o ser calculado en el momento de crear una a través de interfaz,
,ms_project_guid,char,size:64,,ID en ms-project,,0,0,0,0,0,0,0,0,0,0,,,,,,,,,,,
,user_id,many2one,default:_CURRENT_USER_,res.users,Responsable,,0,0,0,0,0,1,1,1,1,0,,,,,,,,,,,
,state,selection,selection:abierto|cerrado|cancelado|aplazado;default:'abierto',,Estado,,1,0,0,0,0,1,1,1,1,0,,,,,,,,,,,
,fecha_planeada_inicio,date,readonly:True,,Fecha Planeada de Inicio,,0,0,1,1,1,1,1,0,1,Fechas,,,,,,,,,,"Campo se coloca cuando se crea utilizando el campo fecha_inicio, solo puede ser cambiado con una solicitud de cambio aprobada. El cambio genera la actualizacion de los padres desde el metodo write. Controlado por contexto de import",
,fecha_planeada_fin,date,readonly:True,,Fecha Planeada de Finalización,,0,0,1,1,1,1,1,0,1,Fechas,,,,,,,,,,idem,
,fecha_inicio,date,,,Fecha de Inicio,,0,0,1,1,1,1,1,0,1,Fechas,,,,,,,,,,"Se modifica sin restricciones, cuando no existe fecha planeada se utiliza esta",
,fecha_fin,date,,,Fecha de Finalización,,0,0,1,1,1,1,1,0,1,Fechas,,,,,,,,,,idem,
,peso,float,,,Peso,,0,0,0,0,0,0,1,0,0,Detalles,,,,,,,,,,"asignar un peso manualmente, solo utiliando un valor, el peso esta dado por la ponderación de ese valor con los hermanos, al calcularse el progreso, se toma el peso si existe o sino se calcular basado en las fechas","Si el peso es 0 se calcula con base a la duración, en el calculo del progreso, si hay un valor, se pondera con respecto al peso de los hermanos"
,company_id,many2one,default:_COMPANY_;invisible:True,res.company,Compañía,,1,0,0,0,0,0,1,0,0,Detalles,,,,,,,,,,,
,currency_id,many2one,related:company_id.currency_id;readonly:True;invisible:True,res.currency,Moneda,,1,0,0,0,0,0,1,0,0,Detalles,,,,,,,,,,,
,costo_planeado,monetary,,,Costo Planeado,,0,0,0,0,0,0,1,0,0,Costo,,,,,,,,,,idem fecha_planeada_inicio,
,costo,monetary,,,Costo Ejecutado,,0,0,0,0,0,0,1,0,0,Costo,,,,,,,,,,idem fecha_inicio,
,progreso,float,default:0;readonly:True,,Progreso,,0,0,1,0,0,1,progressbar,0,0,0,,,,,,,,,,"Se puede setiar al momento de importar masivamentar (controlado por contexto), al cambiar progreso de tarea, este genera el calculo de todos sus padres desde el write",
,project_id,many2one,default:_CONTEXT_,project.project,Proyecto,,0,0,1,0,0,0,1,1,1,0,,,,,,,,,,,
,task_ids,one2many,,"project.task,edt_id",Tareas,,0,0,0,0,0,0,1,0,0,Tareas,,,,,,,,,,,
,parent_id,many2one,,project.edt,EDT Padre,,0,0,0,0,0,0,1,0,1,0,,,,,,,,,,,
,child_ids,one2many,,"project.edt,parent_id",EDT Hijas,,0,0,0,0,0,0,1,0,0,EDT Hijas,,,,,,,,,,,
,project_manager_id,many2one,related:project_id.user_id;invisible:True,res.users,Responsable Proyecto,,0,0,0,0,0,0,0,1,1,Detalles,,,,,,,,,,,
,programador_id,many2one,,res.users,Programador,,0,0,1,0,0,1,1,1,1,0,,,,,,,,,,,
,progreso_aprobado,float,default:0;readonly:True,,Progreso Aprobado,Indica el progreso registrado y que ha seguido el flujo de aprobación,0,0,1,0,0,1,progressbar,0,0,0,,,,,,,,,,,
project.task,edt_id,many2one,,project.edt,EDT,,0,0,1,0,0,1,1,1,1,0,"base_idu.proyectos_menu;domain:[('user_id', '=', uid)]",,Mis Tareas,,"project.task,models.soft_delete.mixin",1,1,1,"extend:form=project.view_task_form2|user_id,tree=project.view_task_tree2|user_id,search=project.view_task_search_form|project_id",,
,ms_project_guid,char,size:64,,ID en ms-project,,0,0,0,0,0,0,0,0,0,0,,,,,,,,,,,
,edt_peso,integer,,,Peso,,0,0,0,0,0,0,1,0,0,0,,,,,,,,,,,ver edt_id.peso para el uso del peso en el progreso
,company_id,many2one,default:_COMPANY_;invisible:True;readonly:True,res.company,Compañía,,1,0,0,0,0,0,1,0,0,0,,,,,,,,,,,
,currency_id,many2one,related:company_id.currency_id;readonly:True;invisible:True,res.currency,Moneda,,1,0,0,0,0,0,1,0,0,0,,,,,,,,,,,
,costo_planeado,monetary,,,Costo Planeado,,0,0,0,0,0,0,1,0,0,0,,,,,,,,,,como en edt_id.costo,
,costo,monetary,,,Costo Ejecutado,,0,0,0,0,0,0,1,0,0,0,,,,,,,,,,como en edt_id.costo,
,progreso,float,default:0;readonly:True,,Progreso,,0,0,1,0,0,1,progressbar,0,0,0,,,,,,,,,,calculado de los pendientes o del ultimo registro de progreso de la tarea,
,revisor_id,many2one,,res.users,Revisor,,0,0,1,0,0,1,1,0,0,Registros de Progreso,,,,,,,,,,,
,progreso_metodo,selection,selection:manual|pendientes,,Forma de cálculo del progreso,"- Pendientes: se toman los pendientes para definir el avance.
- Manual: Se registra el progreso manualmente",0,0,1,0,0,0,1,1,1,Lista de Pendientes,,,,,,,,,,Convertir a selection y mas general para abrir a otros metodos de progreso,
,fecha_planeada_inicio,datetime,readonly:True,,Fecha de Inicio Planeada,,0,0,1,1,1,1,1,0,1,Fechas,,,,,,,,,,,
,fecha_planeada_fin,datetime,readonly:True,,Fecha de Finalización Planeada,,0,0,1,1,1,1,1,0,1,Fechas,,,,,,,,,,,
,pendiente_ids,one2many,,"project.task.pendiente,task_id",Lista de Pendientes,,0,0,0,0,0,0,1,0,0,Lista de Pendientes,,,,,,,,,,,
,registro_progreso_ids,one2many,readonly:True,"project.task.registro_progreso,task_id",Registros de Progreso,El registro se diligencia automáticamente o manualmente dependiendo del método de cálculo de progreso,0,0,0,0,0,0,1,0,0,Registros de Progreso,,,,,,,,,,Crear un wizard o un widget para permitir el registro del calculo del progreso,
,numero,char,readonly:True;compute:True;depends:edt_id|edt_id.numero|sequence,,Número,,0,0,0,0,0,1,1,1,0,0,,,,,,,,,,,
,progreso_aprobado,float,default:0;readonly:True,,Progreso Aprobado,,0,0,1,0,0,1,progressbar,0,0,0,,,,,,,,,,,
,cantidad_planeada,float,,,Cantidad Planeada,,0,0,1,0,0,0,1,0,0,Cantidades de Obra,,,,,,,,,,,
,cantidad,float,,,Cantidad,,0,0,1,0,0,0,1,0,0,Cantidades de Obra,,,,,,,,,,,
,product_id,many2one,,product.product,Código APU,Código APU oficial del IDU – Análisis de Precios Unitarios,0,0,1,0,0,0,1,0,0,Cantidades de Obra,,,,,,,,,,,
project.project,edt_raiz_id,many2one,,project.edt,EDT,,1,0,1,0,0,0,1,1,1,0,base_idu.proyectos_menu,,Mis Proyectos,,"project.project,models.soft_delete.mixin",,,1,"extend:form=project.edit_project|partner_id,tree=project.view_project|name,search=project.view_project_project_filter|partner_id",,
,edt_ids,one2many,,"project.edt,project_id",EDT Asociadas,,0,0,0,0,0,0,1,0,0,0,,,,,,,,,,,
,progreso,float,related:edt_raiz_id.progreso;readonly:True,,Progreso,,0,0,1,0,0,1,1,0,0,0,,,,,,,,,,,
,fecha_planeada_inicio,date,related:edt_raiz_id.fecha_planeada_inicio;readonly:True,,Fecha de Inicio Planeada,,0,0,1,0,0,1,1,0,1,Fechas,,,,,,,,,,,
,fecha_planeada_fin,date,related:edt_raiz_id.fecha_planeada_fin;readonly:True,,Fecha de Finalización Planeada,,0,0,1,0,0,1,1,0,1,Fechas,,,,,,,,,,,
,programador_id,many2one,,res.users,Programador del Proyecto,,0,0,1,0,0,1,1,1,1,0,,,,,,,,,,,
,reportar_costo,boolean,default:False,,En Reporte de Avance incluir Costo de la Tarea,,0,0,0,0,0,0,1,1,1,0,,,,,,,,,,,
,reportar_cantidad,boolean,default:False,,En Reporte de Avance incluir Cantidades,,0,0,0,0,0,0,1,1,1,0,,,,,,,,,,,
project.task.registro_progreso,name,char,,,Resumen,,1,0,1,0,0,1,1,1,0,0,admin,Registro de Progreso de Tarea,Registros de Progreso,,"mail.thread,models.soft_delete.mixin",,0,1,new,"Este objeto sirve para generar la curva S de progreso y costos, se crea a través de un wizard o de diligenciamiento de pendientes depende del metodo de calculo del progreso",
,fecha,date,default:_NOW_,,Fecha,,1,0,1,0,0,1,1,0,1,0,,,,,,,,,,,
,task_id,many2one,default:_CONTEXT_,project.task,Tarea,,1,0,1,0,0,1,1,1,1,0,,,,,,,,,,,
,task_revisor_id,many2one,related:task_id.revisor_id,res.users,Revisor de la Tarea,,0,0,0,0,0,0,0,1,1,0,,,,,,,,,,"Se diligencia automaticamente al aprobar, la aprobación es requerida solo si hay un revisor asignado a la tarea",
,porcentaje,integer,,,Porcentaje,,1,0,1,1,1,1,1,0,0,0,,,,,,,,,,,
,company_id,many2one,default:_COMPANY_;invisible:True;readonly.True,res.company,Compañía,,1,0,0,0,0,0,1,0,0,0,,,,,,,,,,,
,currency_id,many2one,related:company_id.currency_id;readonly:True;invisible:True,res.currency,Moneda,,1,0,0,0,0,0,1,0,0,0,,,,,,,,,,,
,costo,monetary,,,Costo,,0,0,1,1,0,1,1,0,0,0,,,,,,,,,,,
,fecha_aprobacion,datetime,,,Fecha de Aprobación,,0,0,1,0,0,1,_ATTRS_,0,1,0,,,,,,,,,,,
,revisor_id,many2one,,res.users,Aprobado por,,0,0,1,0,0,1,_ATTRS_,1,1,0,,,,,,,,,,"Se diligencia automaticamente al aprobar, la aprobación es requerida solo si hay un revisor asignado a la tarea",
,nivel_alerta,selection,selection:ninguno|bajo|medio|alto;default:'ninguno',,Nivel de Alerta,,0,0,1,0,0,1,1,1,1,0,,,,,,,,,,,
,novedad,text,,,Novedad,,0,0,1,0,0,0,1,0,0,0,,,,,,,,,,,
,reporte_avance_id,many2one,,project.task.reporte_avance,Reporte de Avance,,0,0,1,0,0,0,0,1,1,0,,,,,,,,,,,
,cantidad,float,,,Cantidad,,0,0,1,0,0,1,1,0,0,0,,,,,,,,,,,
project.task.pendiente,name,char,,,Asunto,,1,0,1,0,0,1,1,1,0,0,"base_idu.proyectos_menu;domain:[('task_id.user_id', '=', uid)]",Lista de Chequeo en Tarea,Mis Pendientes,,"mail.thread,models.soft_delete.mixin",,0,1,new,,
,sequence,integer,,,Sequencia,,0,0,0,0,0,handle,0,0,0,0,,,,,,,,,,,
,task_id,many2one,default:_CONTEXT_,project.task,Tarea,,1,0,1,0,0,1,1,1,1,0,,,,,,,,,,,
,task_revisor_id,many2one,related:task_id.revisor_id,res.users,Revisor de la Tarea,,0,0,0,0,0,0,0,1,1,0,,,,,,,,,,"Se diligencia automaticamente al aprobar, la aprobación es requerida solo si hay un revisor asignado a la tarea",
,peso,integer,default:1,,Peso,,1,0,1,0,0,1,1,0,0,0,,,,,,,,,,,
,user_id,many2one,,res.users,Responsable,,1,0,1,0,0,1,1,0,0,0,,,,,,,,,,,
,fecha_limite,date,,,Fecha Límite,,0,0,0,1,1,1,1,1,1,0,,,,,,,,,,,
,fecha_terminacion,datetime,,,Fecha de terminación,,0,0,1,0,0,1,1,0,1,0,,,,,,,,,,,
,fecha_aprobacion,datetime,,,Fecha de Aprobación,,0,0,1,0,0,1,_ATTRS_,0,1,0,,,,,,,,,,,
,revisor_id,many2one,,res.users,Aprobado por,,0,0,1,0,0,1,_ATTRS_,1,1,0,,,,,,,,,,"Se diligencia automaticamente al aprobar, la aprobación es requerida solo si hay un revisor asignado a la tarea",
project.predecesor,name,char,compute:True;depends:origen_res_id|origen_res_model,,Nombre,,1,0,0,0,0,1,1,1,0,0,admin,Relacion de Precedencia entre Tarea/EDT,Precedencias Tarea/EDT,,,,0,0,new,,
,progreso,float,compute:True,,Progreso,,0,0,0,0,0,1,1,0,0,0,,,,,,,,,,,
,origen_res_model,selection,selection:tarea|edt,,Origen Modelo,,1,0,0,0,0,0,1,1,1,0,,,,,,,,,,,
,origen_res_id,integer,,,Origen ID,,1,0,0,0,0,0,1,1,1,0,,,,,,,,,,,
,destino_res_model,selection,selection:tarea|edt,,Destino Modelo,,1,0,0,0,0,0,1,1,1,0,,,,,,,,,,,
,destino_res_id,integer,,,Destino ID,,1,0,0,0,0,0,1,1,1,0,,,,,,,,,,,
,tipo,selection,selection:e_s|s_s|e_e|s_e;default:'e_s',,Tipo,,1,0,0,0,0,1,1,1,1,0,,,,,,,,,,,
project.task.reporte_avance,name,char,compute:True;depends:fecha|user_id,,Nombre,,0,0,0,0,0,0,0,0,0,0,base_idu.proyectos_menu,Reporte de Avance de Tareas,Reportes de Avance,,"mail.thread,models.soft_delete.mixin",,1,0,new,Este reporte permite generar una interfaz donde se listen todas las tareas del usuario que reporta y crear el registro de avance,
,fecha,date,default:_NOW_;readonly:True,,Fecha de Corte,,1,0,1,1,0,1,1,1,1,0,,,,,,,,,,,
,project_id,many2one,,project.project,Proyecto,,1,0,1,0,0,1,_ATTRS_,1,1,0,,,,,,,,,,No se debe permitir cambiar luego de creado,
,user_id,many2one,default:_CURRENT_USER_;readonly:True,res.users,Usuario,,1,0,1,0,0,1,1,1,1,0,,,,,,,,,,No se debe permitir cambiar luego de creado,
,state,selection,selection:borrador|por_revisar|terminado;default:'borrador',,Estado,,1,0,1,0,0,1,1,1,1,0,,,,,,,,,,,
,avances_por_revisar,integer,compute:True;depends:registro_progreso_ids,,Avances Requieren Revisión,Conteo de avances cuyas tareas deben ser revisadas,0,0,0,0,0,1,1,0,0,Avances en Tareas,,,,,,,,,,,
,avances_aprobados,integer,compute:True;depends:registro_progreso_ids,,Avances Aprobados,Conteo de Tareas que requieren ser revisadas y ya fueron aprobados los avances,0,0,0,0,0,1,1,0,0,Avances en Tareas,,,,,,,,,,,
,registro_progreso_ids,one2many,,"project.task.registro_progreso,reporte_avance_id",Avances en Tareas,,0,0,0,0,0,0,1,0,0,Avances en Tareas,,,,,,,,,,Se crean basado en el usuario y el proyecto,
project.edt.wizard.importar_mpp,project_id,many2one,,project.project,Proyecto,,1,0,1,0,0,1,_ATTRS_,1,1,0,,Wizard para importar archivos .mpp,,,,,,0,new,,
,metodo,selection,selection:hojas_son_tareas|hojas_son_paquetes_trabajo|hojas_son_pendientes;default:'hojas_son_tareas',,¿Como importar las hojas?,,1,0,0,0,0,1,1,0,0,0,,,,,,,,,,,
,programador_id,many2one,,res.users,Asignar como programador a,,0,0,0,0,0,1,1,0,0,0,,,,,,,,,,,
,archivo,binary,,,,,1,0,0,0,0,1,1,0,0,0,,,,,,,,,,,
