model_name,group,create,read,write,delete
plan_anual_adquisiciones.plan,plan_anual_adquisiciones_idu.group_administrador,1,1,1,1
plan_anual_adquisiciones.plan.linea,plan_anual_adquisiciones_idu.group_administrador,1,1,1,1
plan_anual_adquisiciones.tipo_proceso,plan_anual_adquisiciones_idu.group_administrador,1,1,1,1
plan_anual_adquisiciones.modalidad_seleccion,plan_anual_adquisiciones_idu.group_administrador,1,1,1,1
plan_anual_adquisiciones.solicitud_cambio,plan_anual_adquisiciones_idu.group_administrador,1,1,1,1
plan_anual_adquisiciones.plan.linea.pago_programado,plan_anual_adquisiciones_idu.group_administrador,1,1,1,1
plan_anual_adquisiciones.cupo_psp,plan_anual_adquisiciones_idu.group_administrador,1,1,1,1
plan_anual_adquisiciones.plan.linea.financiacion,plan_anual_adquisiciones_idu.group_administrador,1,1,1,1
project_idu.recurso,plan_anual_adquisiciones_idu.group_administrador,1,1,1,1
plan_anual_adquisiciones.plan,plan_anual_adquisiciones_idu.group_administrador_inversion,1,1,1,0
plan_anual_adquisiciones.plan.linea,plan_anual_adquisiciones_idu.group_administrador_inversion,"[('tipo_item','=','inversion')]","[('tipo_item','=','inversion')]","[('tipo_item','=','inversion')]",0
plan_anual_adquisiciones.tipo_proceso,plan_anual_adquisiciones_idu.group_administrador_inversion,0,1,0,0
plan_anual_adquisiciones.modalidad_seleccion,plan_anual_adquisiciones_idu.group_administrador_inversion,0,1,0,0
plan_anual_adquisiciones.solicitud_cambio,plan_anual_adquisiciones_idu.group_administrador_inversion,"['|',('plan_linea_id.tipo_item','=','inversion'),('plan_linea_nueva_id.tipo_item','=','inversion')]","['|',('plan_linea_id.tipo_item','=','inversion'),('plan_linea_nueva_id.tipo_item','=','inversion')]","['|',('plan_linea_id.tipo_item','=','inversion'),('plan_linea_nueva_id.tipo_item','=','inversion')]",0
plan_anual_adquisiciones.plan.linea.pago_programado,plan_anual_adquisiciones_idu.group_administrador_inversion,1,1,1,0
plan_anual_adquisiciones.cupo_psp,plan_anual_adquisiciones_idu.group_administrador_inversion,0,1,0,0
plan_anual_adquisiciones.plan.linea.financiacion,plan_anual_adquisiciones_idu.group_administrador_inversion,1,1,1,0
project_idu.recurso,plan_anual_adquisiciones_idu.group_administrador_inversion,0,0,0,0
plan_anual_adquisiciones.plan,plan_anual_adquisiciones_idu.group_administrador_funcionamiento,0,1,0,0
plan_anual_adquisiciones.plan.linea,plan_anual_adquisiciones_idu.group_administrador_funcionamiento,"[('tipo_item','=','funcionamiento')]","[('tipo_item','=','funcionamiento')]","[('tipo_item','=','funcionamiento')]",0
plan_anual_adquisiciones.tipo_proceso,plan_anual_adquisiciones_idu.group_administrador_funcionamiento,0,1,0,0
plan_anual_adquisiciones.modalidad_seleccion,plan_anual_adquisiciones_idu.group_administrador_funcionamiento,0,1,0,0
plan_anual_adquisiciones.solicitud_cambio,plan_anual_adquisiciones_idu.group_administrador_funcionamiento,"['|',('plan_linea_id.tipo_item','=','funcionamiento'),('plan_linea_nueva_id.tipo_item','=','funcionamiento')]","['|',('plan_linea_id.tipo_item','=','funcionamiento'),('plan_linea_nueva_id.tipo_item','=','funcionamiento')]","['|',('plan_linea_id.tipo_item','=','funcionamiento'),('plan_linea_nueva_id.tipo_item','=','funcionamiento')]",0
plan_anual_adquisiciones.plan.linea.pago_programado,plan_anual_adquisiciones_idu.group_administrador_funcionamiento,1,1,1,0
plan_anual_adquisiciones.cupo_psp,plan_anual_adquisiciones_idu.group_administrador_funcionamiento,0,1,0,0
plan_anual_adquisiciones.plan.linea.financiacion,plan_anual_adquisiciones_idu.group_administrador_funcionamiento,1,1,1,0
project_idu.recurso,plan_anual_adquisiciones_idu.group_administrador_funcionamiento,0,1,0,0
plan_anual_adquisiciones.plan,plan_anual_adquisiciones_idu.group_administrador_funcionamiento,0,1,0,0
plan_anual_adquisiciones.plan.linea,plan_anual_adquisiciones_idu.group_administrador_funcionamiento,1,1,1,0
plan_anual_adquisiciones.tipo_proceso,plan_anual_adquisiciones_idu.group_administrador_funcionamiento,0,1,0,0
plan_anual_adquisiciones.modalidad_seleccion,plan_anual_adquisiciones_idu.group_administrador_funcionamiento,0,1,0,0
plan_anual_adquisiciones.solicitud_cambio,plan_anual_adquisiciones_idu.group_administrador_funcionamiento,1,1,1,0
plan_anual_adquisiciones.plan.linea.pago_programado,plan_anual_adquisiciones_idu.group_administrador_funcionamiento,1,1,1,0
plan_anual_adquisiciones.cupo_psp,plan_anual_adquisiciones_idu.group_administrador_funcionamiento,0,1,0,0
plan_anual_adquisiciones.plan.linea.financiacion,plan_anual_adquisiciones_idu.group_administrador_funcionamiento,1,1,1,0
project_idu.recurso,plan_anual_adquisiciones_idu.group_administrador_funcionamiento,0,1,0,0
plan_anual_adquisiciones.plan,plan_anual_adquisiciones_idu.group_ordenador_gasto,0,1,0,0
plan_anual_adquisiciones.plan.linea,plan_anual_adquisiciones_idu.group_ordenador_gasto,"[('dependencia_id', 'child_of', [user.department_ids])]","[('dependencia_id', 'child_of', [user.department_ids])]","[('dependencia_id', 'child_of', [user.department_ids])]",0
plan_anual_adquisiciones.tipo_proceso,plan_anual_adquisiciones_idu.group_ordenador_gasto,0,1,0,0
plan_anual_adquisiciones.modalidad_seleccion,plan_anual_adquisiciones_idu.group_ordenador_gasto,0,1,0,0
plan_anual_adquisiciones.solicitud_cambio,plan_anual_adquisiciones_idu.group_ordenador_gasto,"[('dependencia_id', 'child_of', [user.department_ids])]","[('dependencia_id', 'child_of', [user.department_ids])]","[('dependencia_id', 'child_of', [user.department_ids])]",0
plan_anual_adquisiciones.plan.linea.pago_programado,plan_anual_adquisiciones_idu.group_ordenador_gasto,"[('plan_linea_id.dependencia_id', 'child_of', [user.department_ids])]","[('plan_linea_id.dependencia_id', 'child_of', [user.department_ids])]","[('plan_linea_id.dependencia_id', 'child_of', [user.department_ids])]",0
plan_anual_adquisiciones.cupo_psp,plan_anual_adquisiciones_idu.group_ordenador_gasto,0,"[('dependencia_id', 'child_of', [user.department_ids])]",0,0
plan_anual_adquisiciones.plan.linea.financiacion,plan_anual_adquisiciones_idu.group_ordenador_gasto,"[('plan_linea_id.dependencia_id', 'child_of', [user.department_ids])]","[('plan_linea_id.dependencia_id', 'child_of', [user.department_ids])]","[('plan_linea_id.dependencia_id', 'child_of', [user.department_ids])]",0
project_idu.recurso,plan_anual_adquisiciones_idu.group_ordenador_gasto,0,"[('dependencia_id', 'child_of', [user.department_ids])]",0,0
plan_anual_adquisiciones.plan,plan_anual_adquisiciones_idu.group_apoyo_dependencia,0,"[('dependencia_id', 'child_of', [user.department_ids])]",0,0
plan_anual_adquisiciones.plan.linea,plan_anual_adquisiciones_idu.group_apoyo_dependencia,"[('dependencia_id', '=', user.department_id.id)]","[('dependencia_id', '=', user.department_id.id)]","[('dependencia_id', '=', user.department_id.id)]",0
plan_anual_adquisiciones.tipo_proceso,plan_anual_adquisiciones_idu.group_apoyo_dependencia,0,0,0,0
plan_anual_adquisiciones.modalidad_seleccion,plan_anual_adquisiciones_idu.group_apoyo_dependencia,0,0,0,0
plan_anual_adquisiciones.solicitud_cambio,plan_anual_adquisiciones_idu.group_apoyo_dependencia,"[('dependencia_id', '=', user.department_id.id)]","[('dependencia_id', '=', user.department_id.id)]","[('dependencia_id', '=', user.department_id.id)]",0
plan_anual_adquisiciones.plan.linea.pago_programado,plan_anual_adquisiciones_idu.group_apoyo_dependencia,1,1,1,0
plan_anual_adquisiciones.cupo_psp,plan_anual_adquisiciones_idu.group_apoyo_dependencia,"[('dependencia_id', '=', user.department_id.id)]","[('dependencia_id', '=', user.department_id.id)]","[('dependencia_id', '=', user.department_id.id)]",0
plan_anual_adquisiciones.plan.linea.financiacion,plan_anual_adquisiciones_idu.group_apoyo_dependencia,1,,1,0
project_idu.recurso,plan_anual_adquisiciones_idu.group_apoyo_dependencia,"[('dependencia_id', '=', user.department_id.id)]","[('dependencia_id', '=', user.department_id.id)]","[('dependencia_id', '=', user.department_id.id)]",0
plan_anual_adquisiciones.plan,plan_anual_adquisiciones_idu.group_jefe_dependencia,0,1,0,0
plan_anual_adquisiciones.plan.linea,plan_anual_adquisiciones_idu.group_jefe_dependencia,"[('dependencia_id', '=', user.department_id.id)]","[('dependencia_id', '=', user.department_id.id)]","[('dependencia_id', '=', user.department_id.id)]",0
plan_anual_adquisiciones.tipo_proceso,plan_anual_adquisiciones_idu.group_jefe_dependencia,0,0,0,0
plan_anual_adquisiciones.modalidad_seleccion,plan_anual_adquisiciones_idu.group_jefe_dependencia,0,0,0,0
plan_anual_adquisiciones.solicitud_cambio,plan_anual_adquisiciones_idu.group_jefe_dependencia,"[('dependencia_id', '=', user.department_id.id)]","[('dependencia_id', '=', user.department_id.id)]","[('dependencia_id', '=', user.department_id.id)]",0
plan_anual_adquisiciones.plan.linea.pago_programado,plan_anual_adquisiciones_idu.group_jefe_dependencia,1,1,1,0
plan_anual_adquisiciones.cupo_psp,plan_anual_adquisiciones_idu.group_jefe_dependencia,"[('dependencia_id', '=', user.department_id.id)]","[('dependencia_id', '=', user.department_id.id)]","[('dependencia_id', '=', user.department_id.id)]",0
plan_anual_adquisiciones.plan.linea.financiacion,plan_anual_adquisiciones_idu.group_jefe_dependencia,1,1,1,0
project_idu.recurso,plan_anual_adquisiciones_idu.group_jefe_dependencia,1,1,1,0
plan_anual_adquisiciones.plan,plan_anual_adquisiciones_idu.group_asesor_psp,0,1,0,0
plan_anual_adquisiciones.plan.linea,plan_anual_adquisiciones_idu.group_asesor_psp,1,1,1,0
plan_anual_adquisiciones.tipo_proceso,plan_anual_adquisiciones_idu.group_asesor_psp,0,0,0,0
plan_anual_adquisiciones.modalidad_seleccion,plan_anual_adquisiciones_idu.group_asesor_psp,0,0,0,0
plan_anual_adquisiciones.solicitud_cambio,plan_anual_adquisiciones_idu.group_asesor_psp,0,0,0,0
plan_anual_adquisiciones.plan.linea.pago_programado,plan_anual_adquisiciones_idu.group_asesor_psp,1,1,1,0
plan_anual_adquisiciones.cupo_psp,plan_anual_adquisiciones_idu.group_asesor_psp,1,1,1,0
plan_anual_adquisiciones.plan.linea.financiacion,plan_anual_adquisiciones_idu.group_asesor_psp,1,1,1,0
project_idu.recurso,plan_anual_adquisiciones_idu.group_asesor_psp,1,1,1,0
plan_anual_adquisiciones.plan,plan_anual_adquisiciones_idu.group_jefe_psp,0,1,0,0
plan_anual_adquisiciones.plan.linea,plan_anual_adquisiciones_idu.group_jefe_psp,1,1,1,0
plan_anual_adquisiciones.tipo_proceso,plan_anual_adquisiciones_idu.group_jefe_psp,0,0,0,0
plan_anual_adquisiciones.modalidad_seleccion,plan_anual_adquisiciones_idu.group_jefe_psp,0,0,0,0
plan_anual_adquisiciones.solicitud_cambio,plan_anual_adquisiciones_idu.group_jefe_psp,0,0,0,0
plan_anual_adquisiciones.plan.linea.pago_programado,plan_anual_adquisiciones_idu.group_jefe_psp,1,1,1,0
plan_anual_adquisiciones.cupo_psp,plan_anual_adquisiciones_idu.group_jefe_psp,1,1,1,0
plan_anual_adquisiciones.plan.linea.financiacion,plan_anual_adquisiciones_idu.group_jefe_psp,1,1,1,0
project_idu.recurso,plan_anual_adquisiciones_idu.group_jefe_psp,1,1,1,0
