model_name,name,type,params,comodel,string,help,required,unique,tracking,constrains,onchange,view_tree,view_form,view_search,view_search_group_by,view_form_tab,menu,description,inherits,inherit,overwrite_write,overwrite_create,data,views
__openerp__,depends,,base|base_idu|stone_erp_idu|hr|plan_desarrollo_distrital|project_idu,,,,,,,,,,,,,,,,,,,,,
plan_anual_adquisiciones.cupo_psp,name,char,compute:True;depends:dependencia_id|desempeno_id|categoria_id;store:True,,Nombre,,0,0,0,0,0,0,0,0,0,0,main,Cupo PSP,,plan_anual_adquisiciones.plan.linea,0,0,0,new
,codigo,integer,compute:True;store:True,,Código del cupo,,1,0,0,0,0,1,1,1,0,0,,,,,,,,
,plan_id,many2one,,plan_anual_adquisiciones.plan,Plan,,1,0,1,0,0,1,1,1,1,0,,,,,,,,
,vigencia,integer,related:plan_id.vigencia,,Vigencia,,0,0,0,0,0,0,0,0,0,0,,,,,,,,
,plan_linea_id,many2one,,plan_anual_adquisiciones.plan.linea,Línea del Plan,,0,1,1,0,0,1,1,1,1,0,,,,,,,,
,state,selection,selection:inicial|en_ejecucion|finalizado|aprobado;default:'inicial',,Estado,,1,0,1,0,0,1,1,1,1,0,,,,,,,,
,currency_id,many2one,related:plan_id.currency_id;readonly:True;invisible:1,res.currency,Moneda,,0,0,0,0,0,0,0,0,0,0,,,,,,,,
,tipo,selection,selection:inversion|funcionamiento;default:'inversion',,Tipo,,1,0,1,0,0,1,1,1,1,0,,,,,,,,
,codigo_unspsc,char,,,Código UNSPSC,,0,0,1,0,0,0,_ATTRS_,0,0,0,,,,,,,,
,proyecto_institucional_id,many2one,,plan_desarrollo_distrital.proyecto_institucional,Proyecto Institucional,,0,0,1,0,0,1,_ATTRS_,1,1,0,,,,,,,,
,dependencia_id,many2one,,hr.department,Dependencia,,1,0,1,0,1,1,1,1,1,0,,,,,,,,
,clase_proceso,selection,selection:psp|obra;default:'psp';readonly:True,,Clase Proceso,,1,0,0,0,0,0,1,0,0,0,,,,,,,,
,presupuesto,monetary,,,Presupuesto,,0,0,0,0,0,0,_ATTRS_,0,0,0,,,,,,,,
,recurso_ids,one2many,,"project_idu.recurso,cupo_id",Recursos de Proyectos Asociados,,0,0,0,0,0,0,1,0,0,Proyectos Asociados,,,,,,,,
,grupo_funcional_id,many2one,"domain=[('dependencia_id','=',dependencia_id)];readonly:True",hr.department.grupo_funcional,Grupo Funcional,,1,0,1,0,1,1,1,1,1,Funciones del Cupo,,,,,,,,
,tema_id,many2one,"domain=[(grupo_funcional_id','=',grupo_funcional_id)];readonly:True",hr.department.tema,Tema,,1,0,1,0,1,0,1,1,1,Funciones del Cupo,,,,,,,,
,desempeno_id,many2one,"domain=[('tema_id','=',tema_id)];readonly:True",hr.department.desempeno,Desempeño,,1,0,1,0,1,0,1,1,1,Funciones del Cupo,,,,,,,,
,area_conocimiento_ids,one2many,,"hr.department.area_conocimiento,id",Area de Conocimiento,,1,0,1,0,1,1,1,,,Funciones del Cupo,,,,,,,,
,categoria_id,many2one,,hr.categoria,Categoria,,1,0,1,0,1,0,1,1,1,Detalles,,,,,,,,
,localizacion,selection,selection:66|77|localidad;default:'66',,Localización,,0,0,0,0,0,0,_ATTRS_,0,1,Detalles,,,,,,,,
,objeto_contractual,text,,,Objeto Contractual,,0,0,0,0,0,0,_ATTRS_,0,0,Detalles,,,,,,,,
,plazo_ejecucion_dias,integer,,,Plazo Ejecución en Días,,1,0,1,0,0,1,1,0,0,Detalles,,,,,,,,
,honorarios_mes,monetary,,,Honorarios Mensuales,,0,0,1,0,0,0,1,0,0,Detalles,,,,,,,,
,financiacion_ids,one2many,,"plan_anual_adquisiciones.plan.linea.financiacion,plan_linea_id",Financiación,,0,0,0,0,0,0,1,0,0,Financiacion del Cupo,,,,,,,,
hr.categoria,name,char,readonly:True,,Nombre,,1,0,0,0,0,1,1,1,0,0,conf,Categoria – HR,,,0,0,2,new
,codigo_siac,integer,readonly:True,,Código SIAC,,1,0,0,0,0,1,1,1,0,0,,,,,,,,
hr.department.grupo_funcional,name,char,readonly:True,,Nombre,,1,0,0,0,0,1,1,1,0,0,conf,Grupo funcional dependencia – HR,,,0,0,2,new
,codigo_siac,integer,readonly:True,,Código SIAC,,1,0,0,0,0,1,1,1,0,0,,,,,,,,
,dependencia_id,many2one,readonly:True,hr.department,Dependencia,,1,0,0,0,0,1,1,1,0,0,,,,,,,,
,tema_ids,one2many,readonly:True,"hr.department.tema,grupo_funcional_id",Temas,,0,0,0,0,0,1,1,1,0,0,,,,,,,,
hr.department.tema,name,char,readonly:True,,Nombre,,1,0,0,0,0,1,1,1,0,0,conf,Tema Dependencia – HR,,,0,0,2,new
,codigo_siac,integer,readonly:True,,Código SIAC,,1,0,0,0,0,1,1,1,0,0,,,,,,,,
,dependencia_id,many2one,readonly:True,hr.department,Dependencia,,1,0,0,0,0,1,1,1,0,0,,,,,,,,
,grupo_funcional_id,many2one,readonly:True,hr.department.grupo_funcional,Grupo Funcional,,1,0,0,0,0,1,1,1,0,0,,,,,,,,
,desempeno_ids,one2many,readonly:True,"hr.department.desempeno,tema_id",Desempeños,,0,0,0,0,0,1,1,1,0,0,,,,,,,,
hr.department.desempeno,name,char,readonly:True,,Nombre,,1,0,0,0,0,1,1,1,0,0,conf,Desempeño Dependencia – HR,,,0,0,2,new
,codigo_siac,integer,readonly:True,,Código SIAC,,1,0,0,0,0,1,1,1,0,0,,,,,,,,
,tema_id,many2one,readonly:True,hr.department.tema,Tema,,1,0,0,0,0,1,1,1,0,0,,,,,,,,
hr.department.area_conocimiento,name,char,readonly:True,,Nombre,,1,0,0,0,0,1,1,1,0,0,conf,Area de Conocimiento Dependencia – HR,,,0,0,2,new
,codigo_siac,integer,readonly:True,,Código SIAC,,1,0,0,0,0,1,1,1,0,0,,,,,,,,
project_idu.recurso,name,char,compute:True;depends:grupo_funcional_id|tema_id|desempeno_id;store:True,,Nombre,,1,0,0,0,0,0,0,0,0,0,main,Recurso Humano Proyecto,,project_idu.recurso,0,0,0,"extend:form=project_idu.recurso_form|porcentaje_dedicacion,tree=project_idu.recurso_tree|porcentaje_dedicacion"
,grupo_funcional_id,many2one,"domain=[('dependencia_id','=',dependencia_id)]",hr.department.grupo_funcional,Grupo Funcional,,1,0,1,0,0,1,1,1,1,0,,,,,,,,
,tema_id,many2one,"domain=[('grupo_funcional_id','=',grupo_funcional_id)]",hr.department.tema,Tema,,1,0,1,0,0,1,1,1,1,0,,,,,,,,
,desempeno_id,many2one,"domain=[('tema_id','=',tema_id)]",hr.department.desempeno,Desempeño,,1,0,1,0,0,1,1,1,1,0,,,,,,,,
,dependencia_id,many2one,related:project_id.dependencia_id;readonly:True,hr.department,Dependencia,,1,0,1,0,0,1,1,1,1,0,,,,,,,,
,cupo_id,many2one,readonly:True;invisible=True,plan_anual_adquisiciones.cupo_psp,Cupo PSP,,0,0,1,0,0,0,1,0,0,0,,,,,,,,
