model_name,act_from,act_to,condition,group,button_label,type
tramite.tramite,registrado,solicitado,True,tramites_idu.coordinador,Pasar a Solicitado,start
tramite.tramite,solicitado,devuelto_con_observaciones,True,tramites_idu.coordinador,Pasar a Devuelto con Observaciones,
tramite.tramite,devuelto_con_observaciones,solicitado,True,tramites_idu.coordinador,Pasar a Solicitado,
tramite.tramite,solicitado,aprobado,True,tramites_idu.coordinador,Pasar a Aprobado,stop
tramite.tramite,solicitado,anulado,True,tramites_idu.coordinador,Pasar a Anulado,stop
