model_name,name,type,params,comodel,string,help,required,states,unique,tracking,constrains,onchange,view_tree,view_form,view_search,view_search_group_by,view_form_tab,menu,description,view_description,inherits,inherit,overwrite_write,overwrite_create,data,views
__openerp__,name,,tramites_idu,,,,,,,,,,,,,,,,,,,,,,,
,namespace,,tramite,,,,,,,,,,,,,,,,,,,,,,,
,string,,Gestión de Tramites,,,,,,,,,,,,,,,,,,,,,,,
,depends,,base|base_idu|model_security|project_obra_seguimiento_idu|project_obra_portafolio_idu|contrato_idu,,,,,,,,,,,,,,,,,,,,,,,
tramite.tramite,name,char,size:50;compute:True,,Número de trámite,Identificador Trámite,,,,,,,1,readonly:1,1,,,main,Seguimiento del Trámite,Seguimiento del Trámite,,"mail.thread,models.soft_delete.mixin",,,,new
,contrato_id,many2one,"domain:[('tipo_id.name','in',['Obra', 'Diseños', 'Actualización de Diseños', 'Diseños y Construcción'])]",contrato.contrato,Contrato,Contrato Relacionado,1,registrado:readonly=0,,1,,,1,1,1,1,,,,,,,,,,
,interventoria_id,many2one,"domain:[('id','!=',contrato_id), ('siac_tipo_contrato_id.es_interventoria','=',True)]",contrato.contrato,Contrato de Interventoría,Contrato de Interventoría,1,registrado:readonly=0,,,,,1,1,1,1,,,,,,,,,,
,proyecto_id,many2one,"domain:[('state','=','open')]",project_obra.proyecto,Proyecto Relacionado,Proyecto Relacionado,1,registrado:readonly=0,,,,,1,1,1,1,,,,,,,,,,
,tipo_id,many2one,,tramite.tipo,Trámite / Producto,Trámite o Producto Asociado,1,registrado:readonly=0,,1,,,1,1,1,1,,,,,,,,,,
,etapa_id,many2one,,project_obra.proyecto.etapa.tipo,Etapa del Proyecto,Etapa del proyecto en la cual aplica este tipo de trámite,,registrado:readonly=0,,1,,,1,1,1,1,,,,,,,,,,
,etapa_actual_id,many2one,,project_obra.proyecto.etapa,Etapa del Proyecto,Etapa actual del proyecto,,,,,,,,,,,,,,,,,,,,
,state,selection,selection:Registrado|Solicitado|Devuelto con Observaciones|Aprobado|Anulado;default:'registrado',,Estado,"Estado del Trámite, dependiente del Tipo de Trámite",,,,1,,,1,1,1,1,,,,,,,,,,
,fecha_estimada,date,,,Fecha Estimada de Aprobación,Fecha Estimada de Aprobación,,registrado:readonly=0,,1,,,1,1,1,1,,,,,,,,,,
,descripcion,text,,,Descripción del Trámite,Descripción del Trámite,,registrado:readonly=0,,,,,,1,,,,,,,,,,,,
,radicado_ids,one2many,,"tramite.radicado,tramite_id",Radicado,Información del Radicado,,aprobado:readonly=1;anulado:readonly=1,,,,,,1,,,1|Radicados,,,,,,,,,
,fecha_aprobacion,date,default:_NOW_,,Fecha Acto de Aprobación,Fecha en la cual se concedió,,aprobado:readonly=0,,,,,,1,,,2|Aprobación,,,,,,,,,
,num_aprobacion,char,size:50,,Número Acto de Aprobación,Número del Acto de  Aprobación,,aprobado:readonly=0,,,,,,1,,,2|Aprobación,,,,,,,,,
,obligaciones,text,,,Obligaciones derivadas,Obligaciones derivadas,,aprobado:readonly=0,,1,,,,1,,,2|Aprobación,,,,,,,,,
,observaciones,text,,,Observaciones,Observaciones realizadas,,aprobado:readonly=0,,1,,,,1,,,2|Aprobación,,,,,,,,,
,autoridad_id,many2one,,tramite.autoridad,Entidad,La Entidad que expide,1,registrado:readonly=0,,1,,,1,1,1,1,,,,,,,,,,
,novedad_ids,one2many,,"tramite.novedad,tramite_id",Novedades Presentadas,Novedades que se presentaron,,aprobado:readonly=1;anulado:readonly=1,,1,,,,1,,,3|Novedades,,,,,,,,,
,remision_centro_documentacion,char,size:50,,Remisión al Centro de Documentación,Remisión al Centro de Documentación,,aprobado:readonly=0,,1,,,1,1,1,1,2|Aprobación,,,,,,,,,
tramite.tipo,name,char,size:50,,Trámite / Producto,Nombre del Trámite Producto,1,,1,1,,,1,1,1,,,admin,Tipos de Trámites,Tipos de Trámites,,"mail.thread,models.soft_delete.mixin",,,,new
,estado_id,many2one,,tramite.tipo.estado,Estado Permiso,"Estado del Trámite, dependiente del Tipo de Trámite",1,,,1,,,1,1,1,1,,,,,,,,,,
tramite.tipo.estado,name,char,size:50,,Nombre del Estado,Nombre del estado del Trámite,1,,1,1,,,1,1,1,,,admin,Estado del Trámite,Estado del Trámites,,"mail.thread,models.soft_delete.mixin",,,,new
tramite.autoridad,name,char,size:50,,Nombre de la Entidad,Nombre de la Entidad que expide el trámite,1,,1,1,,,1,1,1,1,,admin,Trámite Autoridad,Trámite Autoridad,,"mail.thread,models.soft_delete.mixin",,,,new
tramite.novedad,name,char,size:255,,Novedades Presentadas,Novedades que se pueden presentar,,,,,,,1,,1,1,,conf,Novedades del Trámite,Novedades del Trámite,,"mail.thread,models.soft_delete.mixin",,,,new
,tramite_id,many2one,default:_CONTEXT_;readonly:True,tramite.tramite,Trámite asociado,Trámite Asociado a la novedad,,,,,,,,,,,,,,,,,,,,
,descripcion,text,,,Descripción de la novedad,descripción de la novedad,,,,,,,1,1,,,,,,,,,,,,
tramite.radicado,name,char,size:50;compute:True,,Identificador del Radicado,Identidicador del Radicado,,,,,,,,,1,1,,conf,Radicado del Trámite,Radicado del Trámite,,"mail.thread,models.soft_delete.mixin",,,,new
,tramite_id,many2one,default:_CONTEXT_;readonly:True,tramite.tramite,Trámite asociado,Trámite Asociado al Radicado,,,,,,,,,,,,,,,,,,,,
,asunto_id,many2one,,tramite.asunto,Asunto del radicado,Asunto del radicado,1,,,1,,,1,1,1,1,,,,,,,,,,
,rad_idu,char,size:50,,Radicado IDU,Numero de radicado orfeo,,,,1,,,1,1,1,1,,,,,,,,,,
,fecha_rad_idu,date,,,Fecha Radicado IDU,Fecha en la cual se asigno el radicado IDU,,,,1,,,1,1,1,1,,,,,,,,,,
,rad_externo,char,size:50,,Radicado Externo,Numero de radicado externo,,,,1,,,1,1,1,1,,,,,,,,,,
,fecha_rad_ext,date,,,Fecha Radicado Externo,Fecha en la cual se dio el Radicado Externo,,,,1,,,1,1,1,1,,,,,,,,,,
,observaciones,text,,,Observaciones,Observaciones del radicado,,,,1,,,,1,,,,,,,,,,,,
tramite.asunto,name,char,size:50,,Descripción del Asunto,Descripción del Asunto,1,,,1,,,1,1,,,,admin,Asunto del Radicado,Asunto del Radicado,,"mail.thread,models.soft_delete.mixin",,,,new
