group,group_inherits,model_name,create,read,write,delete
tramites_idu.coordinador,,tramite.tramite,1,1,1,0
,,tramite.tipo,1,1,1,0
,,tramite.tipo.estado,1,1,1,0
,,tramite.autoridad,1,1,1,0
,,tramite.novedad,1,1,1,0
,,tramite.radicado,1,1,1,0
,,tramite.asunto,0,1,0,0
tramites_idu.administrador,tramites_idu.coordinador,tramite.tramite,1,1,1,1
,,tramite.tipo,1,1,1,1
,,tramite.tipo.estado,1,1,1,1
,,tramite.autoridad,1,1,1,1
,,tramite.novedad,1,1,1,1
,,tramite.radicado,1,1,1,1
,,tramite.asunto,1,1,1,1
