model_name,act_from,act_to,condition,group,button_label,type
urbanizadores.proyecto,previo,en_proceso,True,,Pasar a En Proceso,start
,en_proceso,finalizado,True,,Marcar como Finalizado,
,finalizado,archivado,True,,Marcar como Archivado,stop
,previo,rechazado,True,,Pasar a Rechazado,stop
urbanizadores.proyecto.producto,pendiente,entregado,True,,Marcar como Entregado,start
,entregado,aceptado,True,,Marcar como Aceptado,stop
,entregado,devuelto,True,,Marcar como Devuelto,
,devuelto,entregado,True,,Marcar como Entregado,
