model_name,name,type,params,comodel,string,help,required,unique,tracking,constrains,onchange,view_tree,view_form,view_search,view_search_group_by,view_form_tab,menu,description,view_description,inherits,inherit,overwrite_write,overwrite_create,data,views
__openerp__,name,,urbanizadores_idu,,,,,,,,,,,,,,,,,,,,,,
,namespace,,urbanizadores,,,,,,,,,,,,,,,,,,,,,,
,string,,ZIPA: Seguimiento Proyectos de Intervención de Urbanizadores y/o Terceros,,,,,,,,,,,,,,,,,,,,,,
,depends,,base|base_idu|model_security|photo_gallery,,,,,,,,,,,,,,,,,,,,,,
urbanizadores.proyecto,name,char,,,Nombre,,1,0,1,0,0,1,1,1,0,0,main,Proyecto de Urbanismo a Cargo de Terceros,Proyectos,,"mail.thread,models.soft_delete.mixin",0,0,0,new
,state,selection,selection:previo|en proceso|finalizado|archivado|rechazado;default:'previo',,Estado,,1,0,1,0,0,1,1,1,1,0,,,,,,,,,
,user_id,many2one,,res.users,Coordinador,,0,0,1,0,0,1,1,1,1,0,,,,,,,,,
,user_apoyo_id,many2one,,res.users,Apoyo,,0,0,1,0,0,1,1,1,1,0,,,,,,,,,
,urbanizadora_id,many2one,"domain:[('tipo_persona','=','jur')]",res.partner,Urbanizador Responsable,,0,0,1,0,0,1,1,1,1,0,,,,,,,,,
,constructora_id,many2one,"domain:[('tipo_persona','=','jur')]",res.partner,Constructor Responsable,,0,0,1,0,0,1,1,1,1,0,,,,,,,,,
,fecha_inicio_proceso,date,,,Fecha de Inicio del Proceso,,0,0,1,0,0,1,1,0,1,0,,,,,,,,,
,direccion,char,,,Dirección,,1,0,1,0,0,0,1,0,0,0,,,,,,,,,
,resolucion_urbanismo_id,many2one,compute:True;store:True;depends:resolucion_urbanismo_ids;readonly:True,urbanizadores.proyecto.resolucion_urbanismo,Resolución de Urbanismo,,0,0,0,0,0,0,1,0,0,0,,,,,,,,,
,localidad_id,many2one,,res.country.state.city.district,Localidad,,0,0,1,0,0,0,1,1,1,0,,,,,,,,,
,descripcion,text,,,Descripción del Objeto de la Licencia,,0,0,0,0,0,0,1,0,0,Detalles,,,,,,,,,
,area_cesion_m2,integer,,,Área de Cesión (m2),,0,0,1,0,0,0,1,0,0,Detalles,,,,,,,,,
,numero_expediente_orfeo,char,size:50,,Número de Expediente ORFEO,,0,0,1,0,0,0,1,1,0,Detalles,,,,,,,,,
,origen,selection,selection:urbanizador|accion_popular;default:'urbanizador',,Origen del Proceso,"ACCIÓN POPULAR: Corresponde a aquellos proyectos que ingresaron al IDU, como consecuencia del cumplimiento del urbanizador al fallo de una Acción Popular.
URBANIZADOR: Corresponde a aquellos proyectos que ingresaron al IDU, como iniciativa voluntaria del urbanizador de cumplir con las etapas del proceso para la entrega y recibo de las áreas de cesión.
",0,0,1,0,0,0,1,1,1,Detalles,,,,,,,,,
,alcance_proceso,selection,selection:total|parcial;default:'total',,Alcance del Proceso,"TOTAL: Corresponde a aquellos proyectos que ingresaron al IDU, respetando cada una de las etapas del proceso, es decir: Estudios y Diseños, Ejecución de Obras y Recibo de Obras.
PARCIAL: Corresponde a aquellos proyectos que ingresaron al IDU, sin respetar las etapas del proceso, es decir, con obras de cesión en ejecución o terminadas, por lo que aplica la validación de los Estudios y Diseños y de las obras ejecutadas, como requisito para el Recibo de Obras.",0,0,1,0,0,0,1,1,1,Detalles,,,,,,,,,
,etapa_id,many2one,,urbanizadores.proyecto.etapa,Etapa Actual,,0,0,1,0,0,1,1,1,1,Detalles,,,,,,,,,
,oficio_aceptacion_numero,char,size:50,,Número Oficio de Aceptación,,0,0,1,0,0,0,1,1,0,Oficios,,,,,,,,,
,fecha_firma_acta,date,,,Fecha de Firma del Acta,,0,0,1,0,0,0,1,0,0,Oficios,,,,,,,,,
,oficio_envio_dadep_numero,char,size:50,,Número de Oficio Envío de Constancia al urbanizador y DADEP,,0,0,1,0,0,0,1,1,0,Oficios,,,,,,,,,
,oficio_envio_dadep_fecha,date,,,Fecha de Oficio Envío de Constancia al urbanizador y DADEP,,0,0,1,0,0,0,1,0,0,Oficios,,,,,,,,,
,oficio_constancia_entrega_recibo_numero,char,size:50,,Número de Memorando al Centro de Documentación,Debe ser enviado con copia al grupo de polizas,0,0,1,0,0,0,1,1,0,Oficios,,,,,,,,,
,oficio_constancia_entrega_recibo_fecha,date,,,Fecha de Memorando al Centro de Documentación,,0,0,1,0,0,0,1,0,0,Oficios,,,,,,,,,
,reunion_ids,one2many,,"urbanizadores.reunion,proyecto_id",Reuniones,,0,0,0,0,0,0,1,0,0,Reuniones,,,,,,,,,
,producto_ids,one2many,readonly:True,"urbanizadores.proyecto.producto,proyecto_id",Productos,,0,0,0,0,0,0,1,0,0,Productos,,,,,,,,,
,cesion_ids,one2many,,"urbanizadores.proyecto.cesion,proyecto_id",Tramos de Cesión,,0,0,0,0,0,0,1,0,0,Cesiones,,,,,,,,,
,etapa_ids,one2many,,"urbanizadores.proyecto.etapa,proyecto_id",Etapas,,0,0,0,0,0,0,1,0,0,Etapas,,,,,,,,,
,resolucion_urbanismo_ids,one2many,,"urbanizadores.proyecto.resolucion_urbanismo,proyecto_id",Resoluciones de Urbanismo,,0,0,0,0,0,0,1,0,0,Resoluciones de Urbanismo,,,,,,,,,
,oficio_rechazo_ids,one2many,,"urbanizadores.proyecto.oficio_rechazo,proyecto_id",Oficios de Rechazo,,0,0,0,0,0,0,1,0,0,Oficios de Rechazo,,,,,,,,,
urbanizadores.proyecto.oficio_rechazo,name,char,size:50,,Número de Oficio de Rechazo,,1,1,1,0,0,1,1,1,0,0,admin,Oficios de Rechazo de Proyectos de Urbanismo a Cargo de Terceros,Oficios de Rechazo,,"mail.thread,models.soft_delete.mixin",0,0,0,new
,proyecto_id,many2one,default:_CONTEXT_;readonly:True,urbanizadores.proyecto,Proyecto de Urbanismo,,0,0,1,0,0,1,1,1,1,0,,,,,,,,,
,producto_id,many2one,default:_CONTEXT_;readonly:True,urbanizadores.proyecto.producto,Producto de Urbanismo,,0,0,1,0,0,1,1,1,1,0,,,,,,,,,
,fecha_expedicion,date,,,Fecha de Expedición,,1,0,1,0,0,1,1,0,1,0,,,,,,,,,
urbanizadores.proyecto.resolucion_urbanismo,name,char,size:50,,Número de Resolución de Urbanismo,,1,1,1,0,0,1,1,1,0,0,admin,Resolución de Urbanismo de Proyectos de Urbanismo a Cargo de Terceros,Resoluciones de Urbanismo,,"mail.thread,models.soft_delete.mixin",1,1,0,new
,proyecto_id,many2one,default:_CONTEXT_;readonly:True,urbanizadores.proyecto,Proyecto de Urbanismo,,1,0,1,0,0,1,1,1,1,0,,,,,,,,,
,fecha_expedicion,date,,,Fecha de Expedición de la Resolución,,0,0,1,0,0,1,1,0,1,0,,,,,,,,,
,fecha_vencimiento,date,,,Fecha de Vencimiento de la Resolución,,0,0,1,0,0,1,1,0,1,0,,,,,,,,,
,numero_plano_urbanismo,char,size:50,,Número Plano de Urbanismo,,0,0,1,0,0,0,1,1,0,0,,,,,,,,,
urbanizadores.proyecto.producto,name,char,compute:True;store:True;depends:tipo_id|subtipo_id,,Nombre,,0,0,1,0,0,1,0,0,0,0,admin,Productos de Proyectos de Urbanismo a Cargo de Terceros,Productos,,"mail.thread,models.soft_delete.mixin",1,1,0,new
,etapa_id,many2one,default:_CONTEXT_;readonly:True,urbanizadores.proyecto.etapa,Etapa,,1,0,0,0,0,1,1,1,1,0,,,,,,,,,
,proyecto_id,many2one,related:etapa_id.proyecto_id;readonly:True;store:True,urbanizadores.proyecto,Proyecto de Urbanismo,,0,0,0,0,0,0,1,1,1,0,,,,,,,,,
,etapa_tipo_id,many2one,related:etapa_id.tipo_id;readonly:True;invisible:1,urbanizadores.proyecto.etapa.tipo,Tipo de Etapa,,0,0,0,0,0,0,1,1,1,0,,,,,,,,,
,componente_id,many2one,,urbanizadores.proyecto.componente,Componente,,1,0,1,0,0,1,1,1,1,0,,,,,,,,,
,tipo_id,many2one,"domain:[('etapa_id','=',etapa_tipo_id),('componente_id','=',componente_id),('parent_id','=',False)]",urbanizadores.proyecto.producto.tipo,Tipo de Producto,,1,0,1,0,0,1,1,1,1,0,,,,,,,,,
,subtipo_id,many2one,"domain:[('etapa_id','=',etapa_tipo_id),('componente_id','=',componente_id),('tipo_id','=',tipo_id)]",urbanizadores.proyecto.producto.tipo,Sub-tipo de Producto,,1,0,1,0,0,1,1,1,1,0,,,,,,,,,
,state,selection,selection:pendiente|entregado|devuelto|aceptado;default:'pendiente',,Estado,,1,0,1,0,0,1,1,1,1,0,,,,,,,,,
,fecha_terminacion,date,,,Fecha de Terminación,,0,0,1,0,0,1,1,0,0,0,,,,,,,,,
,numero_oficio_aprobacion,char,size:50,,Número de Oficio de Aprobación,,0,0,1,0,0,1,1,1,0,0,,,,,,,,,
,contador_devoluciones,integer,default:0;readonly:1,,Número de Devoluciones,,0,0,0,0,0,0,1,0,0,0,,,,,,,,,
,oficio_rechazo_ids,one2many,,"urbanizadores.proyecto.oficio_rechazo,producto_id",Oficios de Rechazo,,0,0,0,0,0,0,1,0,0,0,,,,,,,,,
urbanizadores.proyecto.componente,name,char,,,Nombre,,1,1,0,0,0,1,1,1,0,0,conf,Componente de Proyectos de Urbanismo a Cargo de 3ros,Componentes,,models.soft_delete.mixin,0,0,0,new
urbanizadores.proyecto.producto.tipo,name,char,,,Nombre,,1,1,0,0,0,1,1,1,0,0,conf,Tipo de Productos de Proyectos de Urbanismo a Cargo de 3ros,Tipo de Productos,,models.soft_delete.mixin,0,0,0,new
,etapa_id,many2one,,urbanizadores.proyecto.etapa.tipo,Etapa,,1,0,0,0,0,1,1,1,1,0,,,,,,,,,
,componente_id,many2one,,urbanizadores.proyecto.componente,Componente,,1,0,0,0,0,1,1,1,1,0,,,,,,,,,
,parent_id,many2one,,urbanizadores.proyecto.producto.tipo,Tipo de Producto Padre,,0,0,0,0,0,1,1,1,1,0,,,,,,,,,
urbanizadores.proyecto.etapa.tipo,name,char,,,Nombre,,1,1,0,0,0,1,1,1,0,0,conf,Tipos de Etapas de Proyectos de Urbanismo a Cargo de Terceros,Tipos de Etapas,,models.soft_delete.mixin,0,0,0,new
urbanizadores.proyecto.etapa.estado,name,char,,,Nombre,,1,1,0,0,0,1,1,1,0,0,conf,Estado de Etapas de Proyectos de Urbanismo a Cargo de 3ros,Estados de Etapas,,models.soft_delete.mixin,0,0,0,new
,tipo_id,many2one,,urbanizadores.proyecto.etapa.tipo,Tipo de Etapa,,1,0,0,0,0,1,1,1,1,0,,,,,,,,,
,descripcion,text,,,Descripción,,0,0,0,0,0,0,1,0,0,0,,,,,,,,,
urbanizadores.proyecto.elemento,name,char,,,Nombre,,1,0,0,0,0,1,1,1,0,0,admin,Elementos de Proyectos de Urbanismo a Cargo de Terceros,Elementos,,models.soft_delete.mixin,1,1,0,new
,cesion_id,many2one,readonly:True;default:_CONTEXT_,urbanizadores.proyecto.cesion,Tramo de Cesión,,1,0,0,0,0,0,1,1,1,0,,,,,,,,,
,abscisa_inicial,char,size:50,,Abscisa Inicial,,0,0,0,0,0,1,1,0,0,0,,,,,,,,,
,abscisa_final,char,size:50,,Abscisa Final,,0,0,0,0,0,1,1,0,0,0,,,,,,,,,
,area_m2,integer,,,Área (m2),,1,0,0,0,0,1,1,0,0,0,,,,,,,,,
,estructura_ids,one2many,,"urbanizadores.proyecto.elemento.estructura,elemento_id",Estructura,,0,0,0,0,0,0,1,0,0,0,,,,,,,,,
urbanizadores.proyecto.elemento.estructura,name,char,,,Material,,1,0,0,0,0,1,1,1,0,0,admin,Estructura de Elementos de Proyectos de Urbanismo a Cargo de Terceros,Estructura de Elementos,,models.soft_delete.mixin,1,1,0,new
,elemento_id,many2one,readonly:True;default:_CONTEXT_,urbanizadores.proyecto.elemento,Elemento,,1,0,0,0,0,1,1,1,1,0,,,,,,,,,
,espesor_cm,integer,,,Espesor (cm),,1,0,0,0,0,1,1,0,0,0,,,,,,,,,
,esta_validado,boolean,,,Validado?,,0,0,0,0,0,1,1,1,1,0,,,,,,,,,
,observaciones,text,,,Observaciones,,0,0,0,0,0,0,1,0,0,0,,,,,,,,,
urbanizadores.proyecto.cesion,name,char,,,Nombre,,1,0,1,0,0,1,1,1,0,0,admin,Tramos de Cesiones de Proyectos de Urbanismo a Cargo de Terceros,Tramos de Cesión,,models.soft_delete.mixin,1,1,0,new
,proyecto_id,many2one,default:_CONTEXT_;readonly:True,urbanizadores.proyecto,Proyecto de Urbanismo,,1,0,1,0,0,1,1,1,1,0,,,,,,,,,
,civ,char,,,CIVs,,0,0,1,0,0,0,1,1,0,0,,,,,,,,,
,area_cesion_m2,integer,compute:True;store:True;depends:elemento_ids,,Área de Cesión (m2),,0,0,1,0,0,1,1,0,0,0,,,,,,,,,
,elemento_ids,one2many,,"urbanizadores.proyecto.elemento,cesion_id",Elementos,,0,0,0,0,0,0,1,0,0,0,,,,,,,,,
urbanizadores.proyecto.etapa,name,char,compute:True;store:True,,Nombre,,0,0,0,0,0,0,0,1,0,0,admin,Etapas de Proyectos de Urbanismo a Cargo de Terceros,Etapas,,"mail.thread,models.soft_delete.mixin",1,1,0,new
,proyecto_id,many2one,default:_CONTEXT_;readonly:True,urbanizadores.proyecto,Proyecto de Urbanismo,,0,0,1,0,0,1,1,1,1,0,,,,,,,,,
,tipo_id,many2one,,urbanizadores.proyecto.etapa.tipo,Tipo,,1,0,1,0,1,1,1,1,1,0,,,,,,,,,
,estado_id,many2one,"domain:[('tipo_id','=',tipo_id)]",urbanizadores.proyecto.etapa.estado,Estado,,1,0,1,0,0,1,1,1,1,0,,,,,,,,,
,fecha_inicio,date,,,Fecha de Inicio,,0,0,1,0,0,1,1,0,0,0,,,,,,,,,
,fecha_fin,date,,,Fecha de Terminación,,0,0,1,0,0,1,1,0,0,0,,,,,,,,,
,numero_oficio_aprobacion,char,size:50,,Número de Oficio de Aprobación,,0,0,1,0,0,1,1,1,0,0,,,,,,,,,
,producto_ids,one2many,,"urbanizadores.proyecto.producto,etapa_id",Productos,,0,0,0,0,0,0,1,0,0,Productos,,,,,,,,,
,visita_ids,one2many,,"urbanizadores.proyecto.visita,etapa_id",Visitas,,0,0,0,0,0,0,1,0,0,Visitas,,,,,,,,,
photo_gallery.photo,urbanizadores_proyecto_visita_id,many2one,default:_CONTEXT_,urbanizadores.proyecto.visita.detalle,Visita Proyecto Urbanizadores,,0,0,0,0,0,0,1,1,0,0,admin,,Galeria de Fotos,,photo_gallery.photo,,,0,none
urbanizadores.proyecto.visita,name,char,,,Asunto,,1,0,1,0,0,1,1,1,0,0,main,Visitas de Proyectos de Urbanismo a Cargo de Terceros,Visitas,,"mail.thread,models.soft_delete.mixin",1,1,0,new
,etapa_id,many2one,default:_CONTEXT_;readonly:True,urbanizadores.proyecto.etapa,Etapa,,1,0,1,0,0,1,1,1,1,0,,,,,,,,,
,proyecto_id,many2one,related:etapa_id.proyecto_id;readonly:True;store:True,urbanizadores.proyecto,Proyecto de Urbanismo,,0,0,0,0,0,0,1,1,1,0,,,,,,,,,
,user_id,many2one,default:_CURRENT_USER_,res.users,Especialista,,1,0,1,0,0,1,1,1,1,0,,,,,,,,,
,fecha,date,,,Fecha,,1,0,1,1,1,1,1,0,0,0,,,,,,,,,
,fecha_permitir_cambio,date,,,Permitir Cambios Hasta el,Indica la fecha hasta la cual se permite realizar el cambio de la información de la visita por parte del especialista.,0,0,0,0,0,1,1,0,0,0,,,,,,,,,
,adjunto_acta,binary,,,Acta,,0,0,0,0,0,0,1,0,0,0,,,,,,,,,
,state,selection,selection:programada|realizada|cancelada;default:'programada',,Estado,,1,0,1,0,0,1,1,1,1,0,,,,,,,,,
,observacion_ids,one2many,,"urbanizadores.proyecto.visita.detalle,visita_id",Observaciones por Especialista,,0,0,0,0,0,0,1,0,0,0,,,,,,,,,
urbanizadores.reunion,name,char,compute:True;store:True,,Nombre,,0,0,0,0,0,0,0,1,0,0,main,Reuniones de Proyectos de Urbanismo a Cargo de Terceros,Reuniones,,"mail.thread,models.soft_delete.mixin",1,1,0,new
,proyecto_id,many2one,default:_CONTEXT_;readonly:False,urbanizadores.proyecto,Proyecto de Urbanismo,,1,0,1,0,0,1,1,1,1,0,,,,,,,,,
,fecha_hora_inicio,datetime,default:fields.Datetime.now,,Fecha y Hora de Inicio,,1,0,1,0,0,1,1,1,1,0,,,,,,,,,
,fecha_hora_fin,datetime,default:fields.Datetime.now,,Fecha y Hora de Finalización,,1,0,1,0,0,1,1,1,1,0,,,,,,,,,
,user_id,many2one,,res.users,Atendido por,,0,0,1,0,0,1,1,1,1,0,,,,,,,,,
,contacto_id,many2one,,res.partner,Contacto,,1,0,1,0,0,1,1,1,1,0,,,,,,,,,
,tema,text,,,Tema,,0,0,0,0,0,0,1,0,0,0,,,,,,,,,
,state,selection,selection:registrada|confirmada|atendida|cancelada|no_asistio;default:'registrada',,Estado,,1,0,1,0,0,1,1,1,1,0,,,,,,,,,
urbanizadores.proyecto.visita.detalle,user_id,many2one,,res.users,Especialista,,1,0,1,0,0,1,1,1,1,0,admin,Visitas Detalle de Proyectos de Urbanismo a Cargo de Terceros,Detalle Visitas,,"mail.thread,models.soft_delete.mixin",1,1,0,new
,observaciones,text,,,Observaciones,,1,0,0,0,0,0,1,0,0,0,,,,,,,,,
,photo_ids,one2many,,"photo_gallery.photo,urbanizadores_proyecto_visita_id",Galeria de Fotos,,0,0,0,0,0,0,1,0,0,0,,,,,,,,,
,visita_id,many2one,default:_CONTEXT_;readonly:False,urbanizadores.proyecto.visita,Visita,,1,0,1,0,0,1,1,1,1,0,,,,,,,,,
