group,group_inherits,model_name,create,read,write,delete
urbanizadores_idu.analista,,urbanizadores.proyecto,0,1,0,0
,,urbanizadores.proyecto.resolucion_urbanismo,0,1,0,0
,,urbanizadores.proyecto.producto,0,1,0,0
,,urbanizadores.proyecto.producto.tipo,0,1,0,0
,,urbanizadores.proyecto.etapa.tipo,0,1,0,0
,,urbanizadores.proyecto.etapa.estado,0,1,0,0
,,urbanizadores.proyecto.cesion,0,1,0,0
,,urbanizadores.proyecto.etapa,0,1,0,0
,,photo_gallery.photo,0,1,0,0
,,urbanizadores.proyecto.visita,0,1,0,0
,,urbanizadores.reunion,0,1,0,0
,,urbanizadores.proyecto.elemento,0,1,0,0
,,urbanizadores.proyecto.elemento.estructura,0,1,0,0
,,urbanizadores.proyecto.componente,0,1,0,0
,,urbanizadores.proyecto.oficio_rechazo,0,1,0,0
,,urbanizadores.proyecto.visita,0,1,0,0
urbanizadores_idu.administrador,urbanizadores_idu.analista,urbanizadores.proyecto,1,1,1,1
,,urbanizadores.proyecto.resolucion_urbanismo,1,1,1,1
,,urbanizadores.proyecto.producto,1,1,1,1
,,urbanizadores.proyecto.producto.tipo,1,1,1,1
,,urbanizadores.proyecto.etapa.tipo,1,1,1,1
,,urbanizadores.proyecto.etapa.estado,1,1,1,1
,,urbanizadores.proyecto.cesion,1,1,1,1
,,urbanizadores.proyecto.etapa,1,1,1,1
,,photo_gallery.photo,1,1,1,1
,,urbanizadores.proyecto.visita,1,1,1,1
,,urbanizadores.reunion,1,1,1,1
,,urbanizadores.proyecto.elemento,1,1,1,1
,,urbanizadores.proyecto.elemento.estructura,1,1,1,1
,,urbanizadores.proyecto.componente,1,1,1,1
,,urbanizadores.proyecto.oficio_rechazo,1,1,1,1
,,urbanizadores.proyecto.visita,1,1,1,1
urbanizadores_idu.coordinador,urbanizadores_idu.analista,urbanizadores.proyecto,0,1,"['|',('user_id','=',user.id),('user_apoyo_id','=',user.id)]",0
,,urbanizadores.proyecto.resolucion_urbanismo,1,1,"['|',('proyecto_id.user_id','=',user.id),('proyecto_id.user_apoyo_id','=',user.id)]",0
,,urbanizadores.proyecto.producto,1,1,"['|',('etapa_id.proyecto_id.user_id','=',user.id),('etapa_id.proyecto_id.user_apoyo_id','=',user.id)]",0
,,urbanizadores.proyecto.producto.tipo,0,1,0,0
,,urbanizadores.proyecto.etapa.tipo,0,1,0,0
,,urbanizadores.proyecto.etapa.estado,0,1,0,0
,,urbanizadores.proyecto.cesion,1,1,"['|',('proyecto_id.user_id','=',user.id),('proyecto_id.user_apoyo_id','=',user.id)]",0
,,urbanizadores.proyecto.etapa,1,1,"['|',('proyecto_id.user_id','=',user.id),('proyecto_id.user_apoyo_id','=',user.id)]",0
,,photo_gallery.photo,1,1,0,0
,,urbanizadores.proyecto.visita,1,1,"['|',('etapa_id.proyecto_id.user_id','=',user.id),('etapa_id.proyecto_id.user_apoyo_id','=',user.id)]",0
,,urbanizadores.proyecto.visita,0,1,"['|',('visita_id.etapa_id.proyecto_id.user_id','=',user.id),('visita_id.etapa_id.proyecto_id.user_apoyo_id','=',user.id)]",0
,,urbanizadores.reunion,1,1,"['|',('proyecto_id.user_id','=',user.id),('proyecto_id.user_apoyo_id','=',user.id)]",0
,,urbanizadores.proyecto.elemento,1,1,"['|',('cesion_id.proyecto_id.user_id','=',user.id),(cesion_id.'proyecto_id.user_apoyo_id','=',user.id)]",0
,,urbanizadores.proyecto.elemento.estructura,1,1,"['|',('elemento_id.cesion_id.proyecto_id.user_id','=',user.id),('elemento_id.cesion_id.proyecto_id.user_apoyo_id','=',user.id)]",0
,,urbanizadores.proyecto.oficio_rechazo,1,1,"['|',('proyecto_id.user_id','=',user.id),('proyecto_id.user_apoyo_id','=',user.id)]",0
urbanizadores_idu.especialista,urbanizadores_idu.analista,photo_gallery.photo,1,1,0,0
,,urbanizadores.proyecto.visita,_OWN_,1,_OWN_,0
,,urbanizadores.reunion,_OWN_,1,_OWN_,0
,,urbanizadores.proyecto.elemento.estructura,1,1,1,0
,,urbanizadores.proyecto.visita.detalle,_OWN_,1,_OWN_,0
urbanizadores_idu.api,urbanizadores_idu.analista,urbanizadores.proyecto,1,1,1,0
,,urbanizadores.proyecto.resolucion_urbanismo,1,1,1,0
,,urbanizadores.reunion,1,1,1,0
,,res.partner,1,1,1,0
