id,active,name,group_id/id,model_id/id,perm_create,perm_read,perm_write,perm_unlink
informe_avance_global,True,project_obra.predios.informe_avance global,,project_obra_seguimiento_dtdp.model_project_obra_predios_informe_avance,0,1,0,0
informe_avance_detalle_predio_global,True,project_obra.predios.informe_avance.detalle_predio global,,project_obra_seguimiento_dtdp.model_project_obra_predios_informe_avance_detalle_predio,0,1,0,0
categoria_global,True,project_obra.predios.categoria global,,project_obra_seguimiento_dtdp.model_project_obra_predios_categoria,0,1,0,0
estado_global,True,project_obra.predios.estado global,,project_obra_seguimiento_dtdp.model_project_obra_predios_estado,0,1,0,0
informe_avance_project_manager,True,project_obra.predios.informe_avance project_manager,project.group_project_manager,project_obra_seguimiento_dtdp.model_project_obra_predios_informe_avance,1,1,1,1
informe_avance_detalle_predio_project_manager,True,project_obra.predios.informe_avance.detalle_predio project_manager,project.group_project_manager,project_obra_seguimiento_dtdp.model_project_obra_predios_informe_avance_detalle_predio,1,1,1,1
categoria_project_manager,True,project_obra.predios.categoria project_manager,project.group_project_manager,project_obra_seguimiento_dtdp.model_project_obra_predios_categoria,1,1,1,1
estado_project_manager,True,project_obra.predios.estado project_manager,project.group_project_manager,project_obra_seguimiento_dtdp.model_project_obra_predios_estado,1,1,1,1
informe_avance_coordinador,True,project_obra.predios.informe_avance coordinador,project_obra_seguimiento_dtdp.coordinador,project_obra_seguimiento_dtdp.model_project_obra_predios_informe_avance,1,1,1,0
informe_avance_detalle_predio_manager,True,project_obra.predios.informe_avance.detalle_predio coordinador,project_obra_seguimiento_dtdp.coordinador,project_obra_seguimiento_dtdp.model_project_obra_predios_informe_avance_detalle_predio,1,1,1,0
categoria_coordinador,True,project_obra.predios.categoria coordinador,project_obra_seguimiento_dtdp.coordinador,project_obra_seguimiento_dtdp.model_project_obra_predios_categoria,1,1,1,0
estado_coordinador,True,project_obra.predios.estado coordinador,project_obra_seguimiento_dtdp.coordinador,project_obra_seguimiento_dtdp.model_project_obra_predios_estado,1,1,1,0
