<?xml version="1.0" encoding="utf-8"?>
<openerp>
<data>
<!-- 
=========================================================================
 Groups Definition
=========================================================================
-->
    <record model="ir.module.category" id="category_project_obra_seguimiento_dtdp">
        <field name="name">Seguimiento a Predios</field>
        <field name="sequence">0</field>
        <field name="visible" eval="1" />
    </record>
    <record id="analista" model="res.groups">
        <field name="name">Analista</field>
        <field name="category_id" ref="project_obra_seguimiento_dtdp.category_project_obra_seguimiento_dtdp"/>
        <field name="implied_ids"
            eval="[
                (4, ref('base.group_user')),
                (4, ref('project_obra_seguimiento_idu.analista')),
            ]"
        />
    </record>
    <record id="coordinador" model="res.groups">
        <field name="name">Coordinador</field>
        <field name="category_id" ref="project_obra_seguimiento_dtdp.category_project_obra_seguimiento_dtdp"/>
        <field name="implied_ids"
            eval="[
                (4, ref('base.group_user')),
                (4, ref('project_obra_seguimiento_idu.tecnico')),
            ]"
        />
    </record>
<!--
=============================================================================
 Domain Constraints
=============================================================================
-->
    <!-- Domain project.group_project_manager -->
    <!-- Domain project_obra_seguimiento_dtdp.category_project_obra_seguimiento_dtdp -->
    <!-- Domain project_obra_seguimiento_dtdp.category_project_obra_seguimiento_dtdp -->
</data>
</openerp>