<?xml version="1.0" encoding="utf-8"?>
<openerp>
<data>
<!-- 
=========================================================================
 Groups Definition
=========================================================================
-->
    <record model="ir.module.category" id="category_project_portafolio_idu">
        <field name="name">Portafolio Proyectos</field>
        <field name="sequence">0</field>
        <field name="visible" eval="1" />
    </record>
    <record id="group_project_admin" model="res.groups">
        <field name="name">Administrador módulo de Proyectos</field>
        <field name="category_id" ref="project_portafolio_idu.category_project_portafolio_idu"/>
        <field name="implied_ids"
            eval="[
                (4, ref('base.group_user')),
                (4, ref('project.group_project_manager')),
            ]"
        />
    </record>
    <record id="group_project_dependencia_admin" model="res.groups">
        <field name="name">Project_dependencia_admin</field>
        <field name="category_id" ref="project_portafolio_idu.category_project_portafolio_idu"/>
        <field name="implied_ids"
            eval="[
                (4, ref('base.group_user')),
                (4, ref('project.group_project_user')),
            ]"
        />
    </record>
    <record id="group_project_dependencia_user" model="res.groups">
        <field name="name">Project_dependencia_user</field>
        <field name="category_id" ref="project_portafolio_idu.category_project_portafolio_idu"/>
        <field name="implied_ids"
            eval="[
                (4, ref('base.group_user')),
                (4, ref('project.group_project_user')),
            ]"
        />
    </record>
<!--
=============================================================================
 Domain Constraints
=============================================================================
-->
    <!-- Domain project.group_project_user -->
    <record id="rte_desempeno_valor_ganado_project_group_project_user_acl_create" model="ir.rule">
        <field name="name">project.group_project_user project.reporte_desempeno.valor_ganado Create</field>
        <field name="model_id" ref="project_portafolio_idu.model_project_reporte_desempeno_valor_ganado"/>
        <field name="domain_force">[
'|','|','|','|',
('reporte_id.project_id.user_id','=',user.id),
('reporte_id.project_id.programador_id','=',user.id),
('reporte_id.project_id.dependencia_id.proyecto_gerente_id.user_id','=',user.id),
('reporte_id.project_id.dependencia_id.proyecto_programador_id.user_id','=',user.id),
('reporte_id.project_id.dependencia_id.manager_id.user_id','=',user.id),
]</field>
        <field name="groups" eval="[(4, ref('project.group_project_user'))]"/>
        <field name="perm_read" eval="False"/>
        <field name="perm_create" eval="True"/>
        <field name="perm_write" eval="False"/>
        <field name="perm_unlink" eval="False"/>
    </record>
    <record id="orte_desempeno_valor_ganado_project_group_project_user_acl_write" model="ir.rule">
        <field name="name">project.group_project_user project.reporte_desempeno.valor_ganado Write</field>
        <field name="model_id" ref="project_portafolio_idu.model_project_reporte_desempeno_valor_ganado"/>
        <field name="domain_force">[
'|','|','|','|',
('reporte_id.project_id.user_id','=',user.id),
('reporte_id.project_id.programador_id','=',user.id),
('reporte_id.project_id.dependencia_id.proyecto_gerente_id.user_id','=',user.id),
('reporte_id.project_id.dependencia_id.proyecto_programador_id.user_id','=',user.id),
('reporte_id.project_id.dependencia_id.manager_id.user_id','=',user.id),
]</field>
        <field name="groups" eval="[(4, ref('project.group_project_user'))]"/>
        <field name="perm_read" eval="False"/>
        <field name="perm_create" eval="False"/>
        <field name="perm_write" eval="True"/>
        <field name="perm_unlink" eval="False"/>
    </record>
    <record id="reporte_desempeno_project_group_project_user_acl_create" model="ir.rule">
        <field name="name">project.group_project_user project.reporte_desempeno Create</field>
        <field name="model_id" ref="project_portafolio_idu.model_project_reporte_desempeno"/>
        <field name="domain_force">[
'|','|','|','|',
('project_id.user_id','=',user.id),
('project_id.programador_id','=',user.id),
('project_id.dependencia_id.proyecto_gerente_id.user_id','=',user.id),
('project_id.dependencia_id.proyecto_programador_id.user_id','=',user.id),
('project_id.dependencia_id.manager_id.user_id','=',user.id),
]</field>
        <field name="groups" eval="[(4, ref('project.group_project_user'))]"/>
        <field name="perm_read" eval="False"/>
        <field name="perm_create" eval="True"/>
        <field name="perm_write" eval="False"/>
        <field name="perm_unlink" eval="False"/>
    </record>
    <record id="reporte_desempeno_project_group_project_user_acl_write" model="ir.rule">
        <field name="name">project.group_project_user project.reporte_desempeno Write</field>
        <field name="model_id" ref="project_portafolio_idu.model_project_reporte_desempeno"/>
        <field name="domain_force">[
'|','|','|','|',
('project_id.user_id','=',user.id),
('project_id.programador_id','=',user.id),
('project_id.dependencia_id.proyecto_gerente_id.user_id','=',user.id),
('project_id.dependencia_id.proyecto_programador_id.user_id','=',user.id),
('project_id.dependencia_id.manager_id.user_id','=',user.id),
]</field>
        <field name="groups" eval="[(4, ref('project.group_project_user'))]"/>
        <field name="perm_read" eval="False"/>
        <field name="perm_create" eval="False"/>
        <field name="perm_write" eval="True"/>
        <field name="perm_unlink" eval="False"/>
    </record>
    <record id="project_project_group_project_user_acl_read" model="ir.rule">
        <field name="name">project.group_project_user project.project Read</field>
        <field name="model_id" ref="project_portafolio_idu.model_project_project"/>
        <field name="domain_force">[
('message_partner_ids', 'in', [user.partner_id.id]),
]</field>
        <field name="groups" eval="[(4, ref('project.group_project_user'))]"/>
        <field name="perm_read" eval="True"/>
        <field name="perm_create" eval="False"/>
        <field name="perm_write" eval="False"/>
        <field name="perm_unlink" eval="False"/>
    </record>
    <record id="financiacion_project_group_project_user_acl_create" model="ir.rule">
        <field name="name">project.group_project_user project.financiacion Create</field>
        <field name="model_id" ref="project_portafolio_idu.model_project_financiacion"/>
        <field name="domain_force">[
'|','|','|','|',
('project_id.user_id','=',user.id),
('project_id.programador_id','=',user.id),
('project_id.dependencia_id.proyecto_gerente_id.user_id','=',user.id),
('project_id.dependencia_id.proyecto_programador_id.user_id','=',user.id),
('project_id.dependencia_id.manager_id.user_id','=',user.id),
]</field>
        <field name="groups" eval="[(4, ref('project.group_project_user'))]"/>
        <field name="perm_read" eval="False"/>
        <field name="perm_create" eval="True"/>
        <field name="perm_write" eval="False"/>
        <field name="perm_unlink" eval="False"/>
    </record>
    <record id="financiacion_project_group_project_user_acl_write" model="ir.rule">
        <field name="name">project.group_project_user project.financiacion Write</field>
        <field name="model_id" ref="project_portafolio_idu.model_project_financiacion"/>
        <field name="domain_force">[
'|','|','|','|',
('project_id.user_id','=',user.id),
('project_id.programador_id','=',user.id),
('project_id.dependencia_id.proyecto_gerente_id.user_id','=',user.id),
('project_id.dependencia_id.proyecto_programador_id.user_id','=',user.id),
('project_id.dependencia_id.manager_id.user_id','=',user.id),
]</field>
        <field name="groups" eval="[(4, ref('project.group_project_user'))]"/>
        <field name="perm_read" eval="False"/>
        <field name="perm_create" eval="False"/>
        <field name="perm_write" eval="True"/>
        <field name="perm_unlink" eval="False"/>
    </record>
    <record id="linea_base_linea_project_group_project_user_acl_create" model="ir.rule">
        <field name="name">project.group_project_user project.linea_base.linea Create</field>
        <field name="model_id" ref="project_portafolio_idu.model_project_linea_base_linea"/>
        <field name="domain_force">[
'|','|','|','|',
('linea_base_id.project_id.user_id','=',user.id),
('linea_base_id.project_id.programador_id','=',user.id),
('linea_base_id.project_id.dependencia_id.proyecto_gerente_id.user_id','=',user.id),
('linea_base_id.project_id.dependencia_id.proyecto_programador_id.user_id','=',user.id),
('linea_base_id.project_id.dependencia_id.manager_id.user_id','=',user.id),
]</field>
        <field name="groups" eval="[(4, ref('project.group_project_user'))]"/>
        <field name="perm_read" eval="False"/>
        <field name="perm_create" eval="True"/>
        <field name="perm_write" eval="False"/>
        <field name="perm_unlink" eval="False"/>
    </record>
    <record id="linea_base_linea_project_group_project_user_acl_write" model="ir.rule">
        <field name="name">project.group_project_user project.linea_base.linea Write</field>
        <field name="model_id" ref="project_portafolio_idu.model_project_linea_base_linea"/>
        <field name="domain_force">[
'|','|','|','|',
('linea_base_id.project_id.user_id','=',user.id),
('linea_base_id.project_id.programador_id','=',user.id),
('linea_base_id.project_id.dependencia_id.proyecto_gerente_id.user_id','=',user.id),
('linea_base_id.project_id.dependencia_id.proyecto_programador_id.user_id','=',user.id),
('linea_base_id.project_id.dependencia_id.manager_id.user_id','=',user.id),
]</field>
        <field name="groups" eval="[(4, ref('project.group_project_user'))]"/>
        <field name="perm_read" eval="False"/>
        <field name="perm_create" eval="False"/>
        <field name="perm_write" eval="True"/>
        <field name="perm_unlink" eval="False"/>
    </record>
    <record id="linea_base_project_group_project_user_acl_create" model="ir.rule">
        <field name="name">project.group_project_user project.linea_base Create</field>
        <field name="model_id" ref="project_portafolio_idu.model_project_linea_base"/>
        <field name="domain_force">[
'|','|','|','|',
('project_id.user_id','=',user.id),
('project_id.programador_id','=',user.id),
('project_id.dependencia_id.proyecto_gerente_id.user_id','=',user.id),
('project_id.dependencia_id.proyecto_programador_id.user_id','=',user.id),
('project_id.dependencia_id.manager_id.user_id','=',user.id),
]</field>
        <field name="groups" eval="[(4, ref('project.group_project_user'))]"/>
        <field name="perm_read" eval="False"/>
        <field name="perm_create" eval="True"/>
        <field name="perm_write" eval="False"/>
        <field name="perm_unlink" eval="False"/>
    </record>
    <record id="linea_base_project_group_project_user_acl_write" model="ir.rule">
        <field name="name">project.group_project_user project.linea_base Write</field>
        <field name="model_id" ref="project_portafolio_idu.model_project_linea_base"/>
        <field name="domain_force">[
'|','|','|','|',
('project_id.user_id','=',user.id),
('project_id.programador_id','=',user.id),
('project_id.dependencia_id.proyecto_gerente_id.user_id','=',user.id),
('project_id.dependencia_id.proyecto_programador_id.user_id','=',user.id),
('project_id.dependencia_id.manager_id.user_id','=',user.id),
]</field>
        <field name="groups" eval="[(4, ref('project.group_project_user'))]"/>
        <field name="perm_read" eval="False"/>
        <field name="perm_create" eval="False"/>
        <field name="perm_write" eval="True"/>
        <field name="perm_unlink" eval="False"/>
    </record>
    <record id="task_project_group_project_user_acl_create" model="ir.rule">
        <field name="name">project.group_project_user project.task Create</field>
        <field name="model_id" ref="project_portafolio_idu.model_project_task"/>
        <field name="domain_force">[
'|','|','|','|','|','|',
('project_id.user_id','=',user.id),
('project_id.programador_id','=',user.id),
('edt_id.user_id','=',user.id),
('edt_id.programador_id','=',user.id),
('project_id.dependencia_id.proyecto_gerente_id.user_id','=',user.id),
('project_id.dependencia_id.proyecto_programador_id.user_id','=',user.id),
('project_id.dependencia_id.manager_id.user_id','=',user.id),
]</field>
        <field name="groups" eval="[(4, ref('project.group_project_user'))]"/>
        <field name="perm_read" eval="False"/>
        <field name="perm_create" eval="True"/>
        <field name="perm_write" eval="False"/>
        <field name="perm_unlink" eval="False"/>
    </record>
    <record id="task_project_group_project_user_acl_write" model="ir.rule">
        <field name="name">project.group_project_user project.task Write</field>
        <field name="model_id" ref="project_portafolio_idu.model_project_task"/>
        <field name="domain_force">[
'|','|','|','|','|','|','|','|',
('user_id','=',user.id),
('project_id.user_id','=',user.id),
('project_id.programador_id','=',user.id),
('edt_id.user_id','=',user.id),
('edt_id.programador_id','=',user.id),
('revisor_id','=',user.id),
('project_id.dependencia_id.proyecto_gerente_id.user_id','=',user.id),
('project_id.dependencia_id.proyecto_programador_id.user_id','=',user.id),
('project_id.dependencia_id.manager_id.user_id','=',user.id),
]</field>
        <field name="groups" eval="[(4, ref('project.group_project_user'))]"/>
        <field name="perm_read" eval="False"/>
        <field name="perm_create" eval="False"/>
        <field name="perm_write" eval="True"/>
        <field name="perm_unlink" eval="False"/>
    </record>
    <record id="task_project_group_project_user_acl_delete" model="ir.rule">
        <field name="name">project.group_project_user project.task Delete</field>
        <field name="model_id" ref="project_portafolio_idu.model_project_task"/>
        <field name="domain_force">[
'|','|','|','|','|','|',
('project_id.user_id','=',user.id),
('project_id.programador_id','=',user.id),
('edt_id.user_id','=',user.id),
('edt_id.programador_id','=',user.id),
('project_id.dependencia_id.proyecto_gerente_id.user_id','=',user.id),
('project_id.dependencia_id.proyecto_programador_id.user_id','=',user.id),
('project_id.dependencia_id.manager_id.user_id','=',user.id),
]</field>
        <field name="groups" eval="[(4, ref('project.group_project_user'))]"/>
        <field name="perm_read" eval="False"/>
        <field name="perm_create" eval="False"/>
        <field name="perm_write" eval="False"/>
        <field name="perm_unlink" eval="True"/>
    </record>
    <record id="solicitud_cambio_project_group_project_user_acl_read" model="ir.rule">
        <field name="name">project.group_project_user project.solicitud_cambio Read</field>
        <field name="model_id" ref="project_portafolio_idu.model_project_solicitud_cambio"/>
        <field name="domain_force">[
'|','|','|',
('message_partner_ids', 'in', [user.partner_id.id]),
('project_id.dependencia_id.proyecto_gerente_id.user_id','=',user.id),
('project_id.dependencia_id.proyecto_programador_id.user_id','=',user.id),
('project_id.dependencia_id.manager_id.user_id','=',user.id),
]</field>
        <field name="groups" eval="[(4, ref('project.group_project_user'))]"/>
        <field name="perm_read" eval="True"/>
        <field name="perm_create" eval="False"/>
        <field name="perm_write" eval="False"/>
        <field name="perm_unlink" eval="False"/>
    </record>
    <record id="solicitud_cambio_project_group_project_user_acl_create" model="ir.rule">
        <field name="name">project.group_project_user project.solicitud_cambio Create</field>
        <field name="model_id" ref="project_portafolio_idu.model_project_solicitud_cambio"/>
        <field name="domain_force">[
'|','|','|','|',
('project_id.user_id','=',user.id),
('project_id.programador_id','=',user.id),
('project_id.dependencia_id.proyecto_gerente_id.user_id','=',user.id),
('project_id.dependencia_id.proyecto_programador_id.user_id','=',user.id),
('project_id.dependencia_id.manager_id.user_id','=',user.id),
]</field>
        <field name="groups" eval="[(4, ref('project.group_project_user'))]"/>
        <field name="perm_read" eval="False"/>
        <field name="perm_create" eval="True"/>
        <field name="perm_write" eval="False"/>
        <field name="perm_unlink" eval="False"/>
    </record>
    <record id="solicitud_cambio_project_group_project_user_acl_write" model="ir.rule">
        <field name="name">project.group_project_user project.solicitud_cambio Write</field>
        <field name="model_id" ref="project_portafolio_idu.model_project_solicitud_cambio"/>
        <field name="domain_force">[
'|','|','|','|',
('project_id.user_id','=',user.id),
('project_id.programador_id','=',user.id),
('project_id.dependencia_id.proyecto_gerente_id.user_id','=',user.id),
('project_id.dependencia_id.proyecto_programador_id.user_id','=',user.id),
('project_id.dependencia_id.manager_id.user_id','=',user.id),
]</field>
        <field name="groups" eval="[(4, ref('project.group_project_user'))]"/>
        <field name="perm_read" eval="False"/>
        <field name="perm_create" eval="False"/>
        <field name="perm_write" eval="True"/>
        <field name="perm_unlink" eval="False"/>
    </record>
    <!-- Domain project_edt_idu.group_project_user_externo -->
    <record id="valor_ganado_project_edt_idu_group_project_user_externo_acl_read" model="ir.rule">
        <field name="name">project_edt_idu.group_project_user_externo project.reporte_desempeno.valor_ganado Read</field>
        <field name="model_id" ref="project_portafolio_idu.model_project_reporte_desempeno_valor_ganado"/>
        <field name="domain_force">[('reporte_id.project_id.message_partner_ids', 'in', [user.partner_id.id])]</field>
        <field name="groups" eval="[(4, ref('project_edt_idu.group_project_user_externo'))]"/>
        <field name="perm_read" eval="True"/>
        <field name="perm_create" eval="False"/>
        <field name="perm_write" eval="False"/>
        <field name="perm_unlink" eval="False"/>
    </record>
    <record id="te_desempeno_project_edt_idu_group_project_user_externo_acl_read" model="ir.rule">
        <field name="name">project_edt_idu.group_project_user_externo project.reporte_desempeno Read</field>
        <field name="model_id" ref="project_portafolio_idu.model_project_reporte_desempeno"/>
        <field name="domain_force">[('project_id.message_partner_ids', 'in', [user.partner_id.id])]</field>
        <field name="groups" eval="[(4, ref('project_edt_idu.group_project_user_externo'))]"/>
        <field name="perm_read" eval="True"/>
        <field name="perm_create" eval="False"/>
        <field name="perm_write" eval="False"/>
        <field name="perm_unlink" eval="False"/>
    </record>
    <record id="project_project_edt_idu_group_project_user_externo_acl_read" model="ir.rule">
        <field name="name">project_edt_idu.group_project_user_externo project.project Read</field>
        <field name="model_id" ref="project_portafolio_idu.model_project_project"/>
        <field name="domain_force">[('message_partner_ids', 'in', [user.partner_id.id])]</field>
        <field name="groups" eval="[(4, ref('project_edt_idu.group_project_user_externo'))]"/>
        <field name="perm_read" eval="True"/>
        <field name="perm_create" eval="False"/>
        <field name="perm_write" eval="False"/>
        <field name="perm_unlink" eval="False"/>
    </record>
    <record id="a_base_linea_project_edt_idu_group_project_user_externo_acl_read" model="ir.rule">
        <field name="name">project_edt_idu.group_project_user_externo project.linea_base.linea Read</field>
        <field name="model_id" ref="project_portafolio_idu.model_project_linea_base_linea"/>
        <field name="domain_force">[('linea_base_id.project_id.message_partner_ids', 'in', [user.partner_id.id])]</field>
        <field name="groups" eval="[(4, ref('project_edt_idu.group_project_user_externo'))]"/>
        <field name="perm_read" eval="True"/>
        <field name="perm_create" eval="False"/>
        <field name="perm_write" eval="False"/>
        <field name="perm_unlink" eval="False"/>
    </record>
    <record id="linea_base_project_edt_idu_group_project_user_externo_acl_read" model="ir.rule">
        <field name="name">project_edt_idu.group_project_user_externo project.linea_base Read</field>
        <field name="model_id" ref="project_portafolio_idu.model_project_linea_base"/>
        <field name="domain_force">('project_id.message_partner_ids', 'in', [user.partner_id.id])]</field>
        <field name="groups" eval="[(4, ref('project_edt_idu.group_project_user_externo'))]"/>
        <field name="perm_read" eval="True"/>
        <field name="perm_create" eval="False"/>
        <field name="perm_write" eval="False"/>
        <field name="perm_unlink" eval="False"/>
    </record>
    <record id="task_project_edt_idu_group_project_user_externo_acl_read" model="ir.rule">
        <field name="name">project_edt_idu.group_project_user_externo project.task Read</field>
        <field name="model_id" ref="project_portafolio_idu.model_project_task"/>
        <field name="domain_force">[
'|','|','|','|',
('project_id.message_partner_ids', 'in', [user.partner_id.id]),
('edt_id.message_partner_ids', 'in', [user.partner_id.id]),
('message_partner_ids', 'in', [user.partner_id.id]),
('user_id','=',user.id),
('revisor_id','=',user.id)
]</field>
        <field name="groups" eval="[(4, ref('project_edt_idu.group_project_user_externo'))]"/>
        <field name="perm_read" eval="True"/>
        <field name="perm_create" eval="False"/>
        <field name="perm_write" eval="False"/>
        <field name="perm_unlink" eval="False"/>
    </record>
    <record id="task_project_edt_idu_group_project_user_externo_acl_write" model="ir.rule">
        <field name="name">project_edt_idu.group_project_user_externo project.task Write</field>
        <field name="model_id" ref="project_portafolio_idu.model_project_task"/>
        <field name="domain_force">['|',
('user_id','=',user.id),
('revisor_id','=',user.id)
]</field>
        <field name="groups" eval="[(4, ref('project_edt_idu.group_project_user_externo'))]"/>
        <field name="perm_read" eval="False"/>
        <field name="perm_create" eval="False"/>
        <field name="perm_write" eval="True"/>
        <field name="perm_unlink" eval="False"/>
    </record>
    <record id="citud_cambio_project_edt_idu_group_project_user_externo_acl_read" model="ir.rule">
        <field name="name">project_edt_idu.group_project_user_externo project.solicitud_cambio Read</field>
        <field name="model_id" ref="project_portafolio_idu.model_project_solicitud_cambio"/>
        <field name="domain_force">[('project_id.message_partner_ids', 'in', [user.partner_id.id])]</field>
        <field name="groups" eval="[(4, ref('project_edt_idu.group_project_user_externo'))]"/>
        <field name="perm_read" eval="True"/>
        <field name="perm_create" eval="False"/>
        <field name="perm_write" eval="False"/>
        <field name="perm_unlink" eval="False"/>
    </record>
    <!-- Domain project.group_project_manager -->
    <record id="programa_project_group_project_manager_acl_read" model="ir.rule">
        <field name="name">project.group_project_manager project.programa Read</field>
        <field name="model_id" ref="project_portafolio_idu.model_project_programa"/>
        <field name="domain_force">[(1, '=', 1)]</field>
        <field name="groups" eval="[(4, ref('project.group_project_manager'))]"/>
        <field name="perm_read" eval="True"/>
        <field name="perm_create" eval="False"/>
        <field name="perm_write" eval="False"/>
        <field name="perm_unlink" eval="False"/>
    </record>
    <record id="programa_project_group_project_manager_acl_create" model="ir.rule">
        <field name="name">project.group_project_manager project.programa Create</field>
        <field name="model_id" ref="project_portafolio_idu.model_project_programa"/>
        <field name="domain_force">[(1, '=', 1)]</field>
        <field name="groups" eval="[(4, ref('project.group_project_manager'))]"/>
        <field name="perm_read" eval="False"/>
        <field name="perm_create" eval="True"/>
        <field name="perm_write" eval="False"/>
        <field name="perm_unlink" eval="False"/>
    </record>
    <record id="programa_project_group_project_manager_acl_write" model="ir.rule">
        <field name="name">project.group_project_manager project.programa Write</field>
        <field name="model_id" ref="project_portafolio_idu.model_project_programa"/>
        <field name="domain_force">[(1, '=', 1)]</field>
        <field name="groups" eval="[(4, ref('project.group_project_manager'))]"/>
        <field name="perm_read" eval="False"/>
        <field name="perm_create" eval="False"/>
        <field name="perm_write" eval="True"/>
        <field name="perm_unlink" eval="False"/>
    </record>
    <record id="te_desempeno_valor_ganado_project_group_project_manager_acl_read" model="ir.rule">
        <field name="name">project.group_project_manager project.reporte_desempeno.valor_ganado Read</field>
        <field name="model_id" ref="project_portafolio_idu.model_project_reporte_desempeno_valor_ganado"/>
        <field name="domain_force">[(1, '=', 1)]</field>
        <field name="groups" eval="[(4, ref('project.group_project_manager'))]"/>
        <field name="perm_read" eval="True"/>
        <field name="perm_create" eval="False"/>
        <field name="perm_write" eval="False"/>
        <field name="perm_unlink" eval="False"/>
    </record>
    <record id="_desempeno_valor_ganado_project_group_project_manager_acl_create" model="ir.rule">
        <field name="name">project.group_project_manager project.reporte_desempeno.valor_ganado Create</field>
        <field name="model_id" ref="project_portafolio_idu.model_project_reporte_desempeno_valor_ganado"/>
        <field name="domain_force">[(1, '=', 1)]</field>
        <field name="groups" eval="[(4, ref('project.group_project_manager'))]"/>
        <field name="perm_read" eval="False"/>
        <field name="perm_create" eval="True"/>
        <field name="perm_write" eval="False"/>
        <field name="perm_unlink" eval="False"/>
    </record>
    <record id="e_desempeno_valor_ganado_project_group_project_manager_acl_write" model="ir.rule">
        <field name="name">project.group_project_manager project.reporte_desempeno.valor_ganado Write</field>
        <field name="model_id" ref="project_portafolio_idu.model_project_reporte_desempeno_valor_ganado"/>
        <field name="domain_force">[(1, '=', 1)]</field>
        <field name="groups" eval="[(4, ref('project.group_project_manager'))]"/>
        <field name="perm_read" eval="False"/>
        <field name="perm_create" eval="False"/>
        <field name="perm_write" eval="True"/>
        <field name="perm_unlink" eval="False"/>
    </record>
    <record id="portafolio_project_group_project_manager_acl_read" model="ir.rule">
        <field name="name">project.group_project_manager project.portafolio Read</field>
        <field name="model_id" ref="project_portafolio_idu.model_project_portafolio"/>
        <field name="domain_force">[(1, '=', 1)]</field>
        <field name="groups" eval="[(4, ref('project.group_project_manager'))]"/>
        <field name="perm_read" eval="True"/>
        <field name="perm_create" eval="False"/>
        <field name="perm_write" eval="False"/>
        <field name="perm_unlink" eval="False"/>
    </record>
    <record id="portafolio_project_group_project_manager_acl_create" model="ir.rule">
        <field name="name">project.group_project_manager project.portafolio Create</field>
        <field name="model_id" ref="project_portafolio_idu.model_project_portafolio"/>
        <field name="domain_force">[(1, '=', 1)]</field>
        <field name="groups" eval="[(4, ref('project.group_project_manager'))]"/>
        <field name="perm_read" eval="False"/>
        <field name="perm_create" eval="True"/>
        <field name="perm_write" eval="False"/>
        <field name="perm_unlink" eval="False"/>
    </record>
    <record id="portafolio_project_group_project_manager_acl_write" model="ir.rule">
        <field name="name">project.group_project_manager project.portafolio Write</field>
        <field name="model_id" ref="project_portafolio_idu.model_project_portafolio"/>
        <field name="domain_force">[(1, '=', 1)]</field>
        <field name="groups" eval="[(4, ref('project.group_project_manager'))]"/>
        <field name="perm_read" eval="False"/>
        <field name="perm_create" eval="False"/>
        <field name="perm_write" eval="True"/>
        <field name="perm_unlink" eval="False"/>
    </record>
    <record id="reporte_desempeno_project_group_project_manager_acl_read" model="ir.rule">
        <field name="name">project.group_project_manager project.reporte_desempeno Read</field>
        <field name="model_id" ref="project_portafolio_idu.model_project_reporte_desempeno"/>
        <field name="domain_force">[(1, '=', 1)]</field>
        <field name="groups" eval="[(4, ref('project.group_project_manager'))]"/>
        <field name="perm_read" eval="True"/>
        <field name="perm_create" eval="False"/>
        <field name="perm_write" eval="False"/>
        <field name="perm_unlink" eval="False"/>
    </record>
    <record id="reporte_desempeno_project_group_project_manager_acl_create" model="ir.rule">
        <field name="name">project.group_project_manager project.reporte_desempeno Create</field>
        <field name="model_id" ref="project_portafolio_idu.model_project_reporte_desempeno"/>
        <field name="domain_force">[(1, '=', 1)]</field>
        <field name="groups" eval="[(4, ref('project.group_project_manager'))]"/>
        <field name="perm_read" eval="False"/>
        <field name="perm_create" eval="True"/>
        <field name="perm_write" eval="False"/>
        <field name="perm_unlink" eval="False"/>
    </record>
    <record id="reporte_desempeno_project_group_project_manager_acl_write" model="ir.rule">
        <field name="name">project.group_project_manager project.reporte_desempeno Write</field>
        <field name="model_id" ref="project_portafolio_idu.model_project_reporte_desempeno"/>
        <field name="domain_force">[(1, '=', 1)]</field>
        <field name="groups" eval="[(4, ref('project.group_project_manager'))]"/>
        <field name="perm_read" eval="False"/>
        <field name="perm_create" eval="False"/>
        <field name="perm_write" eval="True"/>
        <field name="perm_unlink" eval="False"/>
    </record>
    <record id="reporte_desempeno_project_group_project_manager_acl_delete" model="ir.rule">
        <field name="name">project.group_project_manager project.reporte_desempeno Delete</field>
        <field name="model_id" ref="project_portafolio_idu.model_project_reporte_desempeno"/>
        <field name="domain_force">[(1, '=', 1)]</field>
        <field name="groups" eval="[(4, ref('project.group_project_manager'))]"/>
        <field name="perm_read" eval="False"/>
        <field name="perm_create" eval="False"/>
        <field name="perm_write" eval="False"/>
        <field name="perm_unlink" eval="True"/>
    </record>
    <record id="project_project_group_project_manager_acl_read" model="ir.rule">
        <field name="name">project.group_project_manager project.project Read</field>
        <field name="model_id" ref="project_portafolio_idu.model_project_project"/>
        <field name="domain_force">[(1, '=', 1)]</field>
        <field name="groups" eval="[(4, ref('project.group_project_manager'))]"/>
        <field name="perm_read" eval="True"/>
        <field name="perm_create" eval="False"/>
        <field name="perm_write" eval="False"/>
        <field name="perm_unlink" eval="False"/>
    </record>
    <record id="project_project_group_project_manager_acl_create" model="ir.rule">
        <field name="name">project.group_project_manager project.project Create</field>
        <field name="model_id" ref="project_portafolio_idu.model_project_project"/>
        <field name="domain_force">[(1, '=', 1)]</field>
        <field name="groups" eval="[(4, ref('project.group_project_manager'))]"/>
        <field name="perm_read" eval="False"/>
        <field name="perm_create" eval="True"/>
        <field name="perm_write" eval="False"/>
        <field name="perm_unlink" eval="False"/>
    </record>
    <record id="project_project_group_project_manager_acl_write" model="ir.rule">
        <field name="name">project.group_project_manager project.project Write</field>
        <field name="model_id" ref="project_portafolio_idu.model_project_project"/>
        <field name="domain_force">[(1, '=', 1)]</field>
        <field name="groups" eval="[(4, ref('project.group_project_manager'))]"/>
        <field name="perm_read" eval="False"/>
        <field name="perm_create" eval="False"/>
        <field name="perm_write" eval="True"/>
        <field name="perm_unlink" eval="False"/>
    </record>
    <record id="financiacion_project_group_project_manager_acl_read" model="ir.rule">
        <field name="name">project.group_project_manager project.financiacion Read</field>
        <field name="model_id" ref="project_portafolio_idu.model_project_financiacion"/>
        <field name="domain_force">[(1, '=', 1)]</field>
        <field name="groups" eval="[(4, ref('project.group_project_manager'))]"/>
        <field name="perm_read" eval="True"/>
        <field name="perm_create" eval="False"/>
        <field name="perm_write" eval="False"/>
        <field name="perm_unlink" eval="False"/>
    </record>
    <record id="financiacion_project_group_project_manager_acl_create" model="ir.rule">
        <field name="name">project.group_project_manager project.financiacion Create</field>
        <field name="model_id" ref="project_portafolio_idu.model_project_financiacion"/>
        <field name="domain_force">[(1, '=', 1)]</field>
        <field name="groups" eval="[(4, ref('project.group_project_manager'))]"/>
        <field name="perm_read" eval="False"/>
        <field name="perm_create" eval="True"/>
        <field name="perm_write" eval="False"/>
        <field name="perm_unlink" eval="False"/>
    </record>
    <record id="financiacion_project_group_project_manager_acl_write" model="ir.rule">
        <field name="name">project.group_project_manager project.financiacion Write</field>
        <field name="model_id" ref="project_portafolio_idu.model_project_financiacion"/>
        <field name="domain_force">[(1, '=', 1)]</field>
        <field name="groups" eval="[(4, ref('project.group_project_manager'))]"/>
        <field name="perm_read" eval="False"/>
        <field name="perm_create" eval="False"/>
        <field name="perm_write" eval="True"/>
        <field name="perm_unlink" eval="False"/>
    </record>
    <record id="financiacion_project_group_project_manager_acl_delete" model="ir.rule">
        <field name="name">project.group_project_manager project.financiacion Delete</field>
        <field name="model_id" ref="project_portafolio_idu.model_project_financiacion"/>
        <field name="domain_force">[(1, '=', 1)]</field>
        <field name="groups" eval="[(4, ref('project.group_project_manager'))]"/>
        <field name="perm_read" eval="False"/>
        <field name="perm_create" eval="False"/>
        <field name="perm_write" eval="False"/>
        <field name="perm_unlink" eval="True"/>
    </record>
    <record id="linea_base_linea_project_group_project_manager_acl_read" model="ir.rule">
        <field name="name">project.group_project_manager project.linea_base.linea Read</field>
        <field name="model_id" ref="project_portafolio_idu.model_project_linea_base_linea"/>
        <field name="domain_force">[(1, '=', 1)]</field>
        <field name="groups" eval="[(4, ref('project.group_project_manager'))]"/>
        <field name="perm_read" eval="True"/>
        <field name="perm_create" eval="False"/>
        <field name="perm_write" eval="False"/>
        <field name="perm_unlink" eval="False"/>
    </record>
    <record id="linea_base_linea_project_group_project_manager_acl_create" model="ir.rule">
        <field name="name">project.group_project_manager project.linea_base.linea Create</field>
        <field name="model_id" ref="project_portafolio_idu.model_project_linea_base_linea"/>
        <field name="domain_force">[(1, '=', 1)]</field>
        <field name="groups" eval="[(4, ref('project.group_project_manager'))]"/>
        <field name="perm_read" eval="False"/>
        <field name="perm_create" eval="True"/>
        <field name="perm_write" eval="False"/>
        <field name="perm_unlink" eval="False"/>
    </record>
    <record id="linea_base_linea_project_group_project_manager_acl_write" model="ir.rule">
        <field name="name">project.group_project_manager project.linea_base.linea Write</field>
        <field name="model_id" ref="project_portafolio_idu.model_project_linea_base_linea"/>
        <field name="domain_force">[(1, '=', 1)]</field>
        <field name="groups" eval="[(4, ref('project.group_project_manager'))]"/>
        <field name="perm_read" eval="False"/>
        <field name="perm_create" eval="False"/>
        <field name="perm_write" eval="True"/>
        <field name="perm_unlink" eval="False"/>
    </record>
    <record id="meta_project_group_project_manager_acl_read" model="ir.rule">
        <field name="name">project.group_project_manager project.meta Read</field>
        <field name="model_id" ref="project_portafolio_idu.model_project_meta"/>
        <field name="domain_force">[(1, '=', 1)]</field>
        <field name="groups" eval="[(4, ref('project.group_project_manager'))]"/>
        <field name="perm_read" eval="True"/>
        <field name="perm_create" eval="False"/>
        <field name="perm_write" eval="False"/>
        <field name="perm_unlink" eval="False"/>
    </record>
    <record id="meta_project_group_project_manager_acl_create" model="ir.rule">
        <field name="name">project.group_project_manager project.meta Create</field>
        <field name="model_id" ref="project_portafolio_idu.model_project_meta"/>
        <field name="domain_force">[(1, '=', 1)]</field>
        <field name="groups" eval="[(4, ref('project.group_project_manager'))]"/>
        <field name="perm_read" eval="False"/>
        <field name="perm_create" eval="True"/>
        <field name="perm_write" eval="False"/>
        <field name="perm_unlink" eval="False"/>
    </record>
    <record id="meta_project_group_project_manager_acl_write" model="ir.rule">
        <field name="name">project.group_project_manager project.meta Write</field>
        <field name="model_id" ref="project_portafolio_idu.model_project_meta"/>
        <field name="domain_force">[(1, '=', 1)]</field>
        <field name="groups" eval="[(4, ref('project.group_project_manager'))]"/>
        <field name="perm_read" eval="False"/>
        <field name="perm_create" eval="False"/>
        <field name="perm_write" eval="True"/>
        <field name="perm_unlink" eval="False"/>
    </record>
    <record id="meta_project_group_project_manager_acl_delete" model="ir.rule">
        <field name="name">project.group_project_manager project.meta Delete</field>
        <field name="model_id" ref="project_portafolio_idu.model_project_meta"/>
        <field name="domain_force">[(1, '=', 1)]</field>
        <field name="groups" eval="[(4, ref('project.group_project_manager'))]"/>
        <field name="perm_read" eval="False"/>
        <field name="perm_create" eval="False"/>
        <field name="perm_write" eval="False"/>
        <field name="perm_unlink" eval="True"/>
    </record>
    <record id="linea_base_project_group_project_manager_acl_read" model="ir.rule">
        <field name="name">project.group_project_manager project.linea_base Read</field>
        <field name="model_id" ref="project_portafolio_idu.model_project_linea_base"/>
        <field name="domain_force">[(1, '=', 1)]</field>
        <field name="groups" eval="[(4, ref('project.group_project_manager'))]"/>
        <field name="perm_read" eval="True"/>
        <field name="perm_create" eval="False"/>
        <field name="perm_write" eval="False"/>
        <field name="perm_unlink" eval="False"/>
    </record>
    <record id="linea_base_project_group_project_manager_acl_create" model="ir.rule">
        <field name="name">project.group_project_manager project.linea_base Create</field>
        <field name="model_id" ref="project_portafolio_idu.model_project_linea_base"/>
        <field name="domain_force">[(1, '=', 1)]</field>
        <field name="groups" eval="[(4, ref('project.group_project_manager'))]"/>
        <field name="perm_read" eval="False"/>
        <field name="perm_create" eval="True"/>
        <field name="perm_write" eval="False"/>
        <field name="perm_unlink" eval="False"/>
    </record>
    <record id="linea_base_project_group_project_manager_acl_write" model="ir.rule">
        <field name="name">project.group_project_manager project.linea_base Write</field>
        <field name="model_id" ref="project_portafolio_idu.model_project_linea_base"/>
        <field name="domain_force">[(1, '=', 1)]</field>
        <field name="groups" eval="[(4, ref('project.group_project_manager'))]"/>
        <field name="perm_read" eval="False"/>
        <field name="perm_create" eval="False"/>
        <field name="perm_write" eval="True"/>
        <field name="perm_unlink" eval="False"/>
    </record>
    <record id="task_project_group_project_manager_acl_read" model="ir.rule">
        <field name="name">project.group_project_manager project.task Read</field>
        <field name="model_id" ref="project_portafolio_idu.model_project_task"/>
        <field name="domain_force">[(1, '=', 1)]</field>
        <field name="groups" eval="[(4, ref('project.group_project_manager'))]"/>
        <field name="perm_read" eval="True"/>
        <field name="perm_create" eval="False"/>
        <field name="perm_write" eval="False"/>
        <field name="perm_unlink" eval="False"/>
    </record>
    <record id="task_project_group_project_manager_acl_create" model="ir.rule">
        <field name="name">project.group_project_manager project.task Create</field>
        <field name="model_id" ref="project_portafolio_idu.model_project_task"/>
        <field name="domain_force">[(1, '=', 1)]</field>
        <field name="groups" eval="[(4, ref('project.group_project_manager'))]"/>
        <field name="perm_read" eval="False"/>
        <field name="perm_create" eval="True"/>
        <field name="perm_write" eval="False"/>
        <field name="perm_unlink" eval="False"/>
    </record>
    <record id="task_project_group_project_manager_acl_write" model="ir.rule">
        <field name="name">project.group_project_manager project.task Write</field>
        <field name="model_id" ref="project_portafolio_idu.model_project_task"/>
        <field name="domain_force">[(1, '=', 1)]</field>
        <field name="groups" eval="[(4, ref('project.group_project_manager'))]"/>
        <field name="perm_read" eval="False"/>
        <field name="perm_create" eval="False"/>
        <field name="perm_write" eval="True"/>
        <field name="perm_unlink" eval="False"/>
    </record>
    <record id="task_project_group_project_manager_acl_delete" model="ir.rule">
        <field name="name">project.group_project_manager project.task Delete</field>
        <field name="model_id" ref="project_portafolio_idu.model_project_task"/>
        <field name="domain_force">[(1, '=', 1)]</field>
        <field name="groups" eval="[(4, ref('project.group_project_manager'))]"/>
        <field name="perm_read" eval="False"/>
        <field name="perm_create" eval="False"/>
        <field name="perm_write" eval="False"/>
        <field name="perm_unlink" eval="True"/>
    </record>
    <record id="solicitud_cambio_project_group_project_manager_acl_read" model="ir.rule">
        <field name="name">project.group_project_manager project.solicitud_cambio Read</field>
        <field name="model_id" ref="project_portafolio_idu.model_project_solicitud_cambio"/>
        <field name="domain_force">[(1, '=', 1)]</field>
        <field name="groups" eval="[(4, ref('project.group_project_manager'))]"/>
        <field name="perm_read" eval="True"/>
        <field name="perm_create" eval="False"/>
        <field name="perm_write" eval="False"/>
        <field name="perm_unlink" eval="False"/>
    </record>
    <record id="solicitud_cambio_project_group_project_manager_acl_create" model="ir.rule">
        <field name="name">project.group_project_manager project.solicitud_cambio Create</field>
        <field name="model_id" ref="project_portafolio_idu.model_project_solicitud_cambio"/>
        <field name="domain_force">[(1, '=', 1)]</field>
        <field name="groups" eval="[(4, ref('project.group_project_manager'))]"/>
        <field name="perm_read" eval="False"/>
        <field name="perm_create" eval="True"/>
        <field name="perm_write" eval="False"/>
        <field name="perm_unlink" eval="False"/>
    </record>
    <record id="solicitud_cambio_project_group_project_manager_acl_write" model="ir.rule">
        <field name="name">project.group_project_manager project.solicitud_cambio Write</field>
        <field name="model_id" ref="project_portafolio_idu.model_project_solicitud_cambio"/>
        <field name="domain_force">[(1, '=', 1)]</field>
        <field name="groups" eval="[(4, ref('project.group_project_manager'))]"/>
        <field name="perm_read" eval="False"/>
        <field name="perm_create" eval="False"/>
        <field name="perm_write" eval="True"/>
        <field name="perm_unlink" eval="False"/>
    </record>
    <!-- Domain project_portafolio_idu.group_project_admin -->
    <record id="programa_project_portafolio_idu_group_project_admin_acl_read" model="ir.rule">
        <field name="name">project_portafolio_idu.group_project_admin project.programa Read</field>
        <field name="model_id" ref="project_portafolio_idu.model_project_programa"/>
        <field name="domain_force">[(1, '=', 1)]</field>
        <field name="groups" eval="[(4, ref('project_portafolio_idu.group_project_admin'))]"/>
        <field name="perm_read" eval="True"/>
        <field name="perm_create" eval="False"/>
        <field name="perm_write" eval="False"/>
        <field name="perm_unlink" eval="False"/>
    </record>
    <record id="programa_project_portafolio_idu_group_project_admin_acl_create" model="ir.rule">
        <field name="name">project_portafolio_idu.group_project_admin project.programa Create</field>
        <field name="model_id" ref="project_portafolio_idu.model_project_programa"/>
        <field name="domain_force">[(1, '=', 1)]</field>
        <field name="groups" eval="[(4, ref('project_portafolio_idu.group_project_admin'))]"/>
        <field name="perm_read" eval="False"/>
        <field name="perm_create" eval="True"/>
        <field name="perm_write" eval="False"/>
        <field name="perm_unlink" eval="False"/>
    </record>
    <record id="programa_project_portafolio_idu_group_project_admin_acl_write" model="ir.rule">
        <field name="name">project_portafolio_idu.group_project_admin project.programa Write</field>
        <field name="model_id" ref="project_portafolio_idu.model_project_programa"/>
        <field name="domain_force">[(1, '=', 1)]</field>
        <field name="groups" eval="[(4, ref('project_portafolio_idu.group_project_admin'))]"/>
        <field name="perm_read" eval="False"/>
        <field name="perm_create" eval="False"/>
        <field name="perm_write" eval="True"/>
        <field name="perm_unlink" eval="False"/>
    </record>
    <record id="programa_project_portafolio_idu_group_project_admin_acl_delete" model="ir.rule">
        <field name="name">project_portafolio_idu.group_project_admin project.programa Delete</field>
        <field name="model_id" ref="project_portafolio_idu.model_project_programa"/>
        <field name="domain_force">[(1, '=', 1)]</field>
        <field name="groups" eval="[(4, ref('project_portafolio_idu.group_project_admin'))]"/>
        <field name="perm_read" eval="False"/>
        <field name="perm_create" eval="False"/>
        <field name="perm_write" eval="False"/>
        <field name="perm_unlink" eval="True"/>
    </record>
    <record id="valor_ganado_project_portafolio_idu_group_project_admin_acl_read" model="ir.rule">
        <field name="name">project_portafolio_idu.group_project_admin project.reporte_desempeno.valor_ganado Read</field>
        <field name="model_id" ref="project_portafolio_idu.model_project_reporte_desempeno_valor_ganado"/>
        <field name="domain_force">[(1, '=', 1)]</field>
        <field name="groups" eval="[(4, ref('project_portafolio_idu.group_project_admin'))]"/>
        <field name="perm_read" eval="True"/>
        <field name="perm_create" eval="False"/>
        <field name="perm_write" eval="False"/>
        <field name="perm_unlink" eval="False"/>
    </record>
    <record id="lor_ganado_project_portafolio_idu_group_project_admin_acl_create" model="ir.rule">
        <field name="name">project_portafolio_idu.group_project_admin project.reporte_desempeno.valor_ganado Create</field>
        <field name="model_id" ref="project_portafolio_idu.model_project_reporte_desempeno_valor_ganado"/>
        <field name="domain_force">[(1, '=', 1)]</field>
        <field name="groups" eval="[(4, ref('project_portafolio_idu.group_project_admin'))]"/>
        <field name="perm_read" eval="False"/>
        <field name="perm_create" eval="True"/>
        <field name="perm_write" eval="False"/>
        <field name="perm_unlink" eval="False"/>
    </record>
    <record id="alor_ganado_project_portafolio_idu_group_project_admin_acl_write" model="ir.rule">
        <field name="name">project_portafolio_idu.group_project_admin project.reporte_desempeno.valor_ganado Write</field>
        <field name="model_id" ref="project_portafolio_idu.model_project_reporte_desempeno_valor_ganado"/>
        <field name="domain_force">[(1, '=', 1)]</field>
        <field name="groups" eval="[(4, ref('project_portafolio_idu.group_project_admin'))]"/>
        <field name="perm_read" eval="False"/>
        <field name="perm_create" eval="False"/>
        <field name="perm_write" eval="True"/>
        <field name="perm_unlink" eval="False"/>
    </record>
    <record id="lor_ganado_project_portafolio_idu_group_project_admin_acl_delete" model="ir.rule">
        <field name="name">project_portafolio_idu.group_project_admin project.reporte_desempeno.valor_ganado Delete</field>
        <field name="model_id" ref="project_portafolio_idu.model_project_reporte_desempeno_valor_ganado"/>
        <field name="domain_force">[(1, '=', 1)]</field>
        <field name="groups" eval="[(4, ref('project_portafolio_idu.group_project_admin'))]"/>
        <field name="perm_read" eval="False"/>
        <field name="perm_create" eval="False"/>
        <field name="perm_write" eval="False"/>
        <field name="perm_unlink" eval="True"/>
    </record>
    <record id="portafolio_project_portafolio_idu_group_project_admin_acl_read" model="ir.rule">
        <field name="name">project_portafolio_idu.group_project_admin project.portafolio Read</field>
        <field name="model_id" ref="project_portafolio_idu.model_project_portafolio"/>
        <field name="domain_force">[(1, '=', 1)]</field>
        <field name="groups" eval="[(4, ref('project_portafolio_idu.group_project_admin'))]"/>
        <field name="perm_read" eval="True"/>
        <field name="perm_create" eval="False"/>
        <field name="perm_write" eval="False"/>
        <field name="perm_unlink" eval="False"/>
    </record>
    <record id="portafolio_project_portafolio_idu_group_project_admin_acl_create" model="ir.rule">
        <field name="name">project_portafolio_idu.group_project_admin project.portafolio Create</field>
        <field name="model_id" ref="project_portafolio_idu.model_project_portafolio"/>
        <field name="domain_force">[(1, '=', 1)]</field>
        <field name="groups" eval="[(4, ref('project_portafolio_idu.group_project_admin'))]"/>
        <field name="perm_read" eval="False"/>
        <field name="perm_create" eval="True"/>
        <field name="perm_write" eval="False"/>
        <field name="perm_unlink" eval="False"/>
    </record>
    <record id="portafolio_project_portafolio_idu_group_project_admin_acl_write" model="ir.rule">
        <field name="name">project_portafolio_idu.group_project_admin project.portafolio Write</field>
        <field name="model_id" ref="project_portafolio_idu.model_project_portafolio"/>
        <field name="domain_force">[(1, '=', 1)]</field>
        <field name="groups" eval="[(4, ref('project_portafolio_idu.group_project_admin'))]"/>
        <field name="perm_read" eval="False"/>
        <field name="perm_create" eval="False"/>
        <field name="perm_write" eval="True"/>
        <field name="perm_unlink" eval="False"/>
    </record>
    <record id="portafolio_project_portafolio_idu_group_project_admin_acl_delete" model="ir.rule">
        <field name="name">project_portafolio_idu.group_project_admin project.portafolio Delete</field>
        <field name="model_id" ref="project_portafolio_idu.model_project_portafolio"/>
        <field name="domain_force">[(1, '=', 1)]</field>
        <field name="groups" eval="[(4, ref('project_portafolio_idu.group_project_admin'))]"/>
        <field name="perm_read" eval="False"/>
        <field name="perm_create" eval="False"/>
        <field name="perm_write" eval="False"/>
        <field name="perm_unlink" eval="True"/>
    </record>
    <record id="te_desempeno_project_portafolio_idu_group_project_admin_acl_read" model="ir.rule">
        <field name="name">project_portafolio_idu.group_project_admin project.reporte_desempeno Read</field>
        <field name="model_id" ref="project_portafolio_idu.model_project_reporte_desempeno"/>
        <field name="domain_force">[(1, '=', 1)]</field>
        <field name="groups" eval="[(4, ref('project_portafolio_idu.group_project_admin'))]"/>
        <field name="perm_read" eval="True"/>
        <field name="perm_create" eval="False"/>
        <field name="perm_write" eval="False"/>
        <field name="perm_unlink" eval="False"/>
    </record>
    <record id="_desempeno_project_portafolio_idu_group_project_admin_acl_create" model="ir.rule">
        <field name="name">project_portafolio_idu.group_project_admin project.reporte_desempeno Create</field>
        <field name="model_id" ref="project_portafolio_idu.model_project_reporte_desempeno"/>
        <field name="domain_force">[(1, '=', 1)]</field>
        <field name="groups" eval="[(4, ref('project_portafolio_idu.group_project_admin'))]"/>
        <field name="perm_read" eval="False"/>
        <field name="perm_create" eval="True"/>
        <field name="perm_write" eval="False"/>
        <field name="perm_unlink" eval="False"/>
    </record>
    <record id="e_desempeno_project_portafolio_idu_group_project_admin_acl_write" model="ir.rule">
        <field name="name">project_portafolio_idu.group_project_admin project.reporte_desempeno Write</field>
        <field name="model_id" ref="project_portafolio_idu.model_project_reporte_desempeno"/>
        <field name="domain_force">[(1, '=', 1)]</field>
        <field name="groups" eval="[(4, ref('project_portafolio_idu.group_project_admin'))]"/>
        <field name="perm_read" eval="False"/>
        <field name="perm_create" eval="False"/>
        <field name="perm_write" eval="True"/>
        <field name="perm_unlink" eval="False"/>
    </record>
    <record id="_desempeno_project_portafolio_idu_group_project_admin_acl_delete" model="ir.rule">
        <field name="name">project_portafolio_idu.group_project_admin project.reporte_desempeno Delete</field>
        <field name="model_id" ref="project_portafolio_idu.model_project_reporte_desempeno"/>
        <field name="domain_force">[(1, '=', 1)]</field>
        <field name="groups" eval="[(4, ref('project_portafolio_idu.group_project_admin'))]"/>
        <field name="perm_read" eval="False"/>
        <field name="perm_create" eval="False"/>
        <field name="perm_write" eval="False"/>
        <field name="perm_unlink" eval="True"/>
    </record>
    <record id="project_project_portafolio_idu_group_project_admin_acl_read" model="ir.rule">
        <field name="name">project_portafolio_idu.group_project_admin project.project Read</field>
        <field name="model_id" ref="project_portafolio_idu.model_project_project"/>
        <field name="domain_force">[(1, '=', 1)]</field>
        <field name="groups" eval="[(4, ref('project_portafolio_idu.group_project_admin'))]"/>
        <field name="perm_read" eval="True"/>
        <field name="perm_create" eval="False"/>
        <field name="perm_write" eval="False"/>
        <field name="perm_unlink" eval="False"/>
    </record>
    <record id="project_project_portafolio_idu_group_project_admin_acl_create" model="ir.rule">
        <field name="name">project_portafolio_idu.group_project_admin project.project Create</field>
        <field name="model_id" ref="project_portafolio_idu.model_project_project"/>
        <field name="domain_force">[(1, '=', 1)]</field>
        <field name="groups" eval="[(4, ref('project_portafolio_idu.group_project_admin'))]"/>
        <field name="perm_read" eval="False"/>
        <field name="perm_create" eval="True"/>
        <field name="perm_write" eval="False"/>
        <field name="perm_unlink" eval="False"/>
    </record>
    <record id="project_project_portafolio_idu_group_project_admin_acl_write" model="ir.rule">
        <field name="name">project_portafolio_idu.group_project_admin project.project Write</field>
        <field name="model_id" ref="project_portafolio_idu.model_project_project"/>
        <field name="domain_force">[(1, '=', 1)]</field>
        <field name="groups" eval="[(4, ref('project_portafolio_idu.group_project_admin'))]"/>
        <field name="perm_read" eval="False"/>
        <field name="perm_create" eval="False"/>
        <field name="perm_write" eval="True"/>
        <field name="perm_unlink" eval="False"/>
    </record>
    <record id="project_project_portafolio_idu_group_project_admin_acl_delete" model="ir.rule">
        <field name="name">project_portafolio_idu.group_project_admin project.project Delete</field>
        <field name="model_id" ref="project_portafolio_idu.model_project_project"/>
        <field name="domain_force">[(1, '=', 1)]</field>
        <field name="groups" eval="[(4, ref('project_portafolio_idu.group_project_admin'))]"/>
        <field name="perm_read" eval="False"/>
        <field name="perm_create" eval="False"/>
        <field name="perm_write" eval="False"/>
        <field name="perm_unlink" eval="True"/>
    </record>
    <record id="financiacion_project_portafolio_idu_group_project_admin_acl_read" model="ir.rule">
        <field name="name">project_portafolio_idu.group_project_admin project.financiacion Read</field>
        <field name="model_id" ref="project_portafolio_idu.model_project_financiacion"/>
        <field name="domain_force">[(1, '=', 1)]</field>
        <field name="groups" eval="[(4, ref('project_portafolio_idu.group_project_admin'))]"/>
        <field name="perm_read" eval="True"/>
        <field name="perm_create" eval="False"/>
        <field name="perm_write" eval="False"/>
        <field name="perm_unlink" eval="False"/>
    </record>
    <record id="nanciacion_project_portafolio_idu_group_project_admin_acl_create" model="ir.rule">
        <field name="name">project_portafolio_idu.group_project_admin project.financiacion Create</field>
        <field name="model_id" ref="project_portafolio_idu.model_project_financiacion"/>
        <field name="domain_force">[(1, '=', 1)]</field>
        <field name="groups" eval="[(4, ref('project_portafolio_idu.group_project_admin'))]"/>
        <field name="perm_read" eval="False"/>
        <field name="perm_create" eval="True"/>
        <field name="perm_write" eval="False"/>
        <field name="perm_unlink" eval="False"/>
    </record>
    <record id="inanciacion_project_portafolio_idu_group_project_admin_acl_write" model="ir.rule">
        <field name="name">project_portafolio_idu.group_project_admin project.financiacion Write</field>
        <field name="model_id" ref="project_portafolio_idu.model_project_financiacion"/>
        <field name="domain_force">[(1, '=', 1)]</field>
        <field name="groups" eval="[(4, ref('project_portafolio_idu.group_project_admin'))]"/>
        <field name="perm_read" eval="False"/>
        <field name="perm_create" eval="False"/>
        <field name="perm_write" eval="True"/>
        <field name="perm_unlink" eval="False"/>
    </record>
    <record id="nanciacion_project_portafolio_idu_group_project_admin_acl_delete" model="ir.rule">
        <field name="name">project_portafolio_idu.group_project_admin project.financiacion Delete</field>
        <field name="model_id" ref="project_portafolio_idu.model_project_financiacion"/>
        <field name="domain_force">[(1, '=', 1)]</field>
        <field name="groups" eval="[(4, ref('project_portafolio_idu.group_project_admin'))]"/>
        <field name="perm_read" eval="False"/>
        <field name="perm_create" eval="False"/>
        <field name="perm_write" eval="False"/>
        <field name="perm_unlink" eval="True"/>
    </record>
    <record id="a_base_linea_project_portafolio_idu_group_project_admin_acl_read" model="ir.rule">
        <field name="name">project_portafolio_idu.group_project_admin project.linea_base.linea Read</field>
        <field name="model_id" ref="project_portafolio_idu.model_project_linea_base_linea"/>
        <field name="domain_force">[(1, '=', 1)]</field>
        <field name="groups" eval="[(4, ref('project_portafolio_idu.group_project_admin'))]"/>
        <field name="perm_read" eval="True"/>
        <field name="perm_create" eval="False"/>
        <field name="perm_write" eval="False"/>
        <field name="perm_unlink" eval="False"/>
    </record>
    <record id="base_linea_project_portafolio_idu_group_project_admin_acl_create" model="ir.rule">
        <field name="name">project_portafolio_idu.group_project_admin project.linea_base.linea Create</field>
        <field name="model_id" ref="project_portafolio_idu.model_project_linea_base_linea"/>
        <field name="domain_force">[(1, '=', 1)]</field>
        <field name="groups" eval="[(4, ref('project_portafolio_idu.group_project_admin'))]"/>
        <field name="perm_read" eval="False"/>
        <field name="perm_create" eval="True"/>
        <field name="perm_write" eval="False"/>
        <field name="perm_unlink" eval="False"/>
    </record>
    <record id="_base_linea_project_portafolio_idu_group_project_admin_acl_write" model="ir.rule">
        <field name="name">project_portafolio_idu.group_project_admin project.linea_base.linea Write</field>
        <field name="model_id" ref="project_portafolio_idu.model_project_linea_base_linea"/>
        <field name="domain_force">[(1, '=', 1)]</field>
        <field name="groups" eval="[(4, ref('project_portafolio_idu.group_project_admin'))]"/>
        <field name="perm_read" eval="False"/>
        <field name="perm_create" eval="False"/>
        <field name="perm_write" eval="True"/>
        <field name="perm_unlink" eval="False"/>
    </record>
    <record id="base_linea_project_portafolio_idu_group_project_admin_acl_delete" model="ir.rule">
        <field name="name">project_portafolio_idu.group_project_admin project.linea_base.linea Delete</field>
        <field name="model_id" ref="project_portafolio_idu.model_project_linea_base_linea"/>
        <field name="domain_force">[(1, '=', 1)]</field>
        <field name="groups" eval="[(4, ref('project_portafolio_idu.group_project_admin'))]"/>
        <field name="perm_read" eval="False"/>
        <field name="perm_create" eval="False"/>
        <field name="perm_write" eval="False"/>
        <field name="perm_unlink" eval="True"/>
    </record>
    <record id="meta_project_portafolio_idu_group_project_admin_acl_read" model="ir.rule">
        <field name="name">project_portafolio_idu.group_project_admin project.meta Read</field>
        <field name="model_id" ref="project_portafolio_idu.model_project_meta"/>
        <field name="domain_force">[(1, '=', 1)]</field>
        <field name="groups" eval="[(4, ref('project_portafolio_idu.group_project_admin'))]"/>
        <field name="perm_read" eval="True"/>
        <field name="perm_create" eval="False"/>
        <field name="perm_write" eval="False"/>
        <field name="perm_unlink" eval="False"/>
    </record>
    <record id="meta_project_portafolio_idu_group_project_admin_acl_create" model="ir.rule">
        <field name="name">project_portafolio_idu.group_project_admin project.meta Create</field>
        <field name="model_id" ref="project_portafolio_idu.model_project_meta"/>
        <field name="domain_force">[(1, '=', 1)]</field>
        <field name="groups" eval="[(4, ref('project_portafolio_idu.group_project_admin'))]"/>
        <field name="perm_read" eval="False"/>
        <field name="perm_create" eval="True"/>
        <field name="perm_write" eval="False"/>
        <field name="perm_unlink" eval="False"/>
    </record>
    <record id="meta_project_portafolio_idu_group_project_admin_acl_write" model="ir.rule">
        <field name="name">project_portafolio_idu.group_project_admin project.meta Write</field>
        <field name="model_id" ref="project_portafolio_idu.model_project_meta"/>
        <field name="domain_force">[(1, '=', 1)]</field>
        <field name="groups" eval="[(4, ref('project_portafolio_idu.group_project_admin'))]"/>
        <field name="perm_read" eval="False"/>
        <field name="perm_create" eval="False"/>
        <field name="perm_write" eval="True"/>
        <field name="perm_unlink" eval="False"/>
    </record>
    <record id="meta_project_portafolio_idu_group_project_admin_acl_delete" model="ir.rule">
        <field name="name">project_portafolio_idu.group_project_admin project.meta Delete</field>
        <field name="model_id" ref="project_portafolio_idu.model_project_meta"/>
        <field name="domain_force">[(1, '=', 1)]</field>
        <field name="groups" eval="[(4, ref('project_portafolio_idu.group_project_admin'))]"/>
        <field name="perm_read" eval="False"/>
        <field name="perm_create" eval="False"/>
        <field name="perm_write" eval="False"/>
        <field name="perm_unlink" eval="True"/>
    </record>
    <record id="linea_base_project_portafolio_idu_group_project_admin_acl_read" model="ir.rule">
        <field name="name">project_portafolio_idu.group_project_admin project.linea_base Read</field>
        <field name="model_id" ref="project_portafolio_idu.model_project_linea_base"/>
        <field name="domain_force">[(1, '=', 1)]</field>
        <field name="groups" eval="[(4, ref('project_portafolio_idu.group_project_admin'))]"/>
        <field name="perm_read" eval="True"/>
        <field name="perm_create" eval="False"/>
        <field name="perm_write" eval="False"/>
        <field name="perm_unlink" eval="False"/>
    </record>
    <record id="linea_base_project_portafolio_idu_group_project_admin_acl_create" model="ir.rule">
        <field name="name">project_portafolio_idu.group_project_admin project.linea_base Create</field>
        <field name="model_id" ref="project_portafolio_idu.model_project_linea_base"/>
        <field name="domain_force">[(1, '=', 1)]</field>
        <field name="groups" eval="[(4, ref('project_portafolio_idu.group_project_admin'))]"/>
        <field name="perm_read" eval="False"/>
        <field name="perm_create" eval="True"/>
        <field name="perm_write" eval="False"/>
        <field name="perm_unlink" eval="False"/>
    </record>
    <record id="linea_base_project_portafolio_idu_group_project_admin_acl_write" model="ir.rule">
        <field name="name">project_portafolio_idu.group_project_admin project.linea_base Write</field>
        <field name="model_id" ref="project_portafolio_idu.model_project_linea_base"/>
        <field name="domain_force">[(1, '=', 1)]</field>
        <field name="groups" eval="[(4, ref('project_portafolio_idu.group_project_admin'))]"/>
        <field name="perm_read" eval="False"/>
        <field name="perm_create" eval="False"/>
        <field name="perm_write" eval="True"/>
        <field name="perm_unlink" eval="False"/>
    </record>
    <record id="linea_base_project_portafolio_idu_group_project_admin_acl_delete" model="ir.rule">
        <field name="name">project_portafolio_idu.group_project_admin project.linea_base Delete</field>
        <field name="model_id" ref="project_portafolio_idu.model_project_linea_base"/>
        <field name="domain_force">[(1, '=', 1)]</field>
        <field name="groups" eval="[(4, ref('project_portafolio_idu.group_project_admin'))]"/>
        <field name="perm_read" eval="False"/>
        <field name="perm_create" eval="False"/>
        <field name="perm_write" eval="False"/>
        <field name="perm_unlink" eval="True"/>
    </record>
    <record id="meta_tipo_project_portafolio_idu_group_project_admin_acl_read" model="ir.rule">
        <field name="name">project_portafolio_idu.group_project_admin project.meta.tipo Read</field>
        <field name="model_id" ref="project_portafolio_idu.model_project_meta_tipo"/>
        <field name="domain_force">[(1, '=', 1)]</field>
        <field name="groups" eval="[(4, ref('project_portafolio_idu.group_project_admin'))]"/>
        <field name="perm_read" eval="True"/>
        <field name="perm_create" eval="False"/>
        <field name="perm_write" eval="False"/>
        <field name="perm_unlink" eval="False"/>
    </record>
    <record id="meta_tipo_project_portafolio_idu_group_project_admin_acl_create" model="ir.rule">
        <field name="name">project_portafolio_idu.group_project_admin project.meta.tipo Create</field>
        <field name="model_id" ref="project_portafolio_idu.model_project_meta_tipo"/>
        <field name="domain_force">[(1, '=', 1)]</field>
        <field name="groups" eval="[(4, ref('project_portafolio_idu.group_project_admin'))]"/>
        <field name="perm_read" eval="False"/>
        <field name="perm_create" eval="True"/>
        <field name="perm_write" eval="False"/>
        <field name="perm_unlink" eval="False"/>
    </record>
    <record id="meta_tipo_project_portafolio_idu_group_project_admin_acl_write" model="ir.rule">
        <field name="name">project_portafolio_idu.group_project_admin project.meta.tipo Write</field>
        <field name="model_id" ref="project_portafolio_idu.model_project_meta_tipo"/>
        <field name="domain_force">[(1, '=', 1)]</field>
        <field name="groups" eval="[(4, ref('project_portafolio_idu.group_project_admin'))]"/>
        <field name="perm_read" eval="False"/>
        <field name="perm_create" eval="False"/>
        <field name="perm_write" eval="True"/>
        <field name="perm_unlink" eval="False"/>
    </record>
    <record id="meta_tipo_project_portafolio_idu_group_project_admin_acl_delete" model="ir.rule">
        <field name="name">project_portafolio_idu.group_project_admin project.meta.tipo Delete</field>
        <field name="model_id" ref="project_portafolio_idu.model_project_meta_tipo"/>
        <field name="domain_force">[(1, '=', 1)]</field>
        <field name="groups" eval="[(4, ref('project_portafolio_idu.group_project_admin'))]"/>
        <field name="perm_read" eval="False"/>
        <field name="perm_create" eval="False"/>
        <field name="perm_write" eval="False"/>
        <field name="perm_unlink" eval="True"/>
    </record>
    <record id="task_project_portafolio_idu_group_project_admin_acl_read" model="ir.rule">
        <field name="name">project_portafolio_idu.group_project_admin project.task Read</field>
        <field name="model_id" ref="project_portafolio_idu.model_project_task"/>
        <field name="domain_force">[(1, '=', 1)]</field>
        <field name="groups" eval="[(4, ref('project_portafolio_idu.group_project_admin'))]"/>
        <field name="perm_read" eval="True"/>
        <field name="perm_create" eval="False"/>
        <field name="perm_write" eval="False"/>
        <field name="perm_unlink" eval="False"/>
    </record>
    <record id="task_project_portafolio_idu_group_project_admin_acl_create" model="ir.rule">
        <field name="name">project_portafolio_idu.group_project_admin project.task Create</field>
        <field name="model_id" ref="project_portafolio_idu.model_project_task"/>
        <field name="domain_force">[(1, '=', 1)]</field>
        <field name="groups" eval="[(4, ref('project_portafolio_idu.group_project_admin'))]"/>
        <field name="perm_read" eval="False"/>
        <field name="perm_create" eval="True"/>
        <field name="perm_write" eval="False"/>
        <field name="perm_unlink" eval="False"/>
    </record>
    <record id="task_project_portafolio_idu_group_project_admin_acl_write" model="ir.rule">
        <field name="name">project_portafolio_idu.group_project_admin project.task Write</field>
        <field name="model_id" ref="project_portafolio_idu.model_project_task"/>
        <field name="domain_force">[(1, '=', 1)]</field>
        <field name="groups" eval="[(4, ref('project_portafolio_idu.group_project_admin'))]"/>
        <field name="perm_read" eval="False"/>
        <field name="perm_create" eval="False"/>
        <field name="perm_write" eval="True"/>
        <field name="perm_unlink" eval="False"/>
    </record>
    <record id="task_project_portafolio_idu_group_project_admin_acl_delete" model="ir.rule">
        <field name="name">project_portafolio_idu.group_project_admin project.task Delete</field>
        <field name="model_id" ref="project_portafolio_idu.model_project_task"/>
        <field name="domain_force">[(1, '=', 1)]</field>
        <field name="groups" eval="[(4, ref('project_portafolio_idu.group_project_admin'))]"/>
        <field name="perm_read" eval="False"/>
        <field name="perm_create" eval="False"/>
        <field name="perm_write" eval="False"/>
        <field name="perm_unlink" eval="True"/>
    </record>
    <record id="citud_cambio_project_portafolio_idu_group_project_admin_acl_read" model="ir.rule">
        <field name="name">project_portafolio_idu.group_project_admin project.solicitud_cambio Read</field>
        <field name="model_id" ref="project_portafolio_idu.model_project_solicitud_cambio"/>
        <field name="domain_force">[(1, '=', 1)]</field>
        <field name="groups" eval="[(4, ref('project_portafolio_idu.group_project_admin'))]"/>
        <field name="perm_read" eval="True"/>
        <field name="perm_create" eval="False"/>
        <field name="perm_write" eval="False"/>
        <field name="perm_unlink" eval="False"/>
    </record>
    <record id="tud_cambio_project_portafolio_idu_group_project_admin_acl_create" model="ir.rule">
        <field name="name">project_portafolio_idu.group_project_admin project.solicitud_cambio Create</field>
        <field name="model_id" ref="project_portafolio_idu.model_project_solicitud_cambio"/>
        <field name="domain_force">[(1, '=', 1)]</field>
        <field name="groups" eval="[(4, ref('project_portafolio_idu.group_project_admin'))]"/>
        <field name="perm_read" eval="False"/>
        <field name="perm_create" eval="True"/>
        <field name="perm_write" eval="False"/>
        <field name="perm_unlink" eval="False"/>
    </record>
    <record id="itud_cambio_project_portafolio_idu_group_project_admin_acl_write" model="ir.rule">
        <field name="name">project_portafolio_idu.group_project_admin project.solicitud_cambio Write</field>
        <field name="model_id" ref="project_portafolio_idu.model_project_solicitud_cambio"/>
        <field name="domain_force">[(1, '=', 1)]</field>
        <field name="groups" eval="[(4, ref('project_portafolio_idu.group_project_admin'))]"/>
        <field name="perm_read" eval="False"/>
        <field name="perm_create" eval="False"/>
        <field name="perm_write" eval="True"/>
        <field name="perm_unlink" eval="False"/>
    </record>
    <record id="tud_cambio_project_portafolio_idu_group_project_admin_acl_delete" model="ir.rule">
        <field name="name">project_portafolio_idu.group_project_admin project.solicitud_cambio Delete</field>
        <field name="model_id" ref="project_portafolio_idu.model_project_solicitud_cambio"/>
        <field name="domain_force">[(1, '=', 1)]</field>
        <field name="groups" eval="[(4, ref('project_portafolio_idu.group_project_admin'))]"/>
        <field name="perm_read" eval="False"/>
        <field name="perm_create" eval="False"/>
        <field name="perm_write" eval="False"/>
        <field name="perm_unlink" eval="True"/>
    </record>
    <!-- Domain project_portafolio_idu.group_project_dependencia_admin -->
    <record id="_project_portafolio_idu_group_project_dependencia_admin_acl_read" model="ir.rule">
        <field name="name">project_portafolio_idu.group_project_dependencia_admin project.project Read</field>
        <field name="model_id" ref="project_portafolio_idu.model_project_project"/>
        <field name="domain_force">[
'|','|','|',
('message_partner_ids', 'in', [user.partner_id.id]),
('dependencia_id.proyecto_gerente_id.user_id','=',user.id),
('dependencia_id.proyecto_programador_id.user_id','=',user.id),
('dependencia_id.manager_id.user_id','=',user.id),
]</field>
        <field name="groups" eval="[(4, ref('project_portafolio_idu.group_project_dependencia_admin'))]"/>
        <field name="perm_read" eval="True"/>
        <field name="perm_create" eval="False"/>
        <field name="perm_write" eval="False"/>
        <field name="perm_unlink" eval="False"/>
    </record>
    <record id="project_portafolio_idu_group_project_dependencia_admin_acl_write" model="ir.rule">
        <field name="name">project_portafolio_idu.group_project_dependencia_admin project.project Write</field>
        <field name="model_id" ref="project_portafolio_idu.model_project_project"/>
        <field name="domain_force">[
'|','|',
('dependencia_id.proyecto_gerente_id.user_id','=',user.id),
('dependencia_id.proyecto_programador_id.user_id','=',user.id),
('dependencia_id.manager_id.user_id','=',user.id),
]</field>
        <field name="groups" eval="[(4, ref('project_portafolio_idu.group_project_dependencia_admin'))]"/>
        <field name="perm_read" eval="False"/>
        <field name="perm_create" eval="False"/>
        <field name="perm_write" eval="True"/>
        <field name="perm_unlink" eval="False"/>
    </record>
    <record id="roject_portafolio_idu_group_project_dependencia_admin_acl_create" model="ir.rule">
        <field name="name">project_portafolio_idu.group_project_dependencia_admin project.edt Create</field>
        <field name="model_id" ref="project_edt_idu.model_project_edt"/>
        <field name="domain_force">[
'|','|','|','|','|','|','|','|',
('user_id','=',user.id),
('programador_id','=',user.id),
('project_id.user_id','=',user.id),
('project_id.programador_id','=',user.id),
('parent_id.user_id','=',user.id),
('parent_id.programador_id','=',user.id),
('project_id.dependencia_id.proyecto_gerente_id.user_id','=',user.id),
('project_id.dependencia_id.proyecto_programador_id.user_id','=',user.id),
('project_id.dependencia_id.manager_id.user_id','=',user.id),
]</field>
        <field name="groups" eval="[(4, ref('project_portafolio_idu.group_project_dependencia_admin'))]"/>
        <field name="perm_read" eval="False"/>
        <field name="perm_create" eval="True"/>
        <field name="perm_write" eval="False"/>
        <field name="perm_unlink" eval="False"/>
    </record>
    <record id="project_portafolio_idu_group_project_dependencia_admin_acl_write" model="ir.rule">
        <field name="name">project_portafolio_idu.group_project_dependencia_admin project.edt Write</field>
        <field name="model_id" ref="project_edt_idu.model_project_edt"/>
        <field name="domain_force">[
'|','|','|','|','|','|','|','|',
('user_id','=',user.id),
('programador_id','=',user.id),
('project_id.user_id','=',user.id),
('project_id.programador_id','=',user.id),
('parent_id.user_id','=',user.id),
('parent_id.programador_id','=',user.id),
('project_id.dependencia_id.proyecto_gerente_id.user_id','=',user.id),
('project_id.dependencia_id.proyecto_programador_id.user_id','=',user.id),
('project_id.dependencia_id.manager_id.user_id','=',user.id),
]</field>
        <field name="groups" eval="[(4, ref('project_portafolio_idu.group_project_dependencia_admin'))]"/>
        <field name="perm_read" eval="False"/>
        <field name="perm_create" eval="False"/>
        <field name="perm_write" eval="True"/>
        <field name="perm_unlink" eval="False"/>
    </record>
    <record id="roject_portafolio_idu_group_project_dependencia_admin_acl_delete" model="ir.rule">
        <field name="name">project_portafolio_idu.group_project_dependencia_admin project.edt Delete</field>
        <field name="model_id" ref="project_edt_idu.model_project_edt"/>
        <field name="domain_force">[
'|','|','|','|','|','|','|','|',
('user_id','=',user.id),
('programador_id','=',user.id),
('project_id.user_id','=',user.id),
('project_id.programador_id','=',user.id),
('parent_id.user_id','=',user.id),
('parent_id.programador_id','=',user.id),
('project_id.dependencia_id.proyecto_gerente_id.user_id','=',user.id),
('project_id.dependencia_id.proyecto_programador_id.user_id','=',user.id),
('project_id.dependencia_id.manager_id.user_id','=',user.id),
]</field>
        <field name="groups" eval="[(4, ref('project_portafolio_idu.group_project_dependencia_admin'))]"/>
        <field name="perm_read" eval="False"/>
        <field name="perm_create" eval="False"/>
        <field name="perm_write" eval="False"/>
        <field name="perm_unlink" eval="True"/>
    </record>
</data>
</openerp>